ply
format ascii 1.0
element vertex 12924
property float x
property float y
property float z
element face 22324
property list uchar int vertex_indices
end_header
0.400000 -0.005910 0.019107
0.400000 -0.005910 0.019107
0.400000 -0.005910 0.019107
0.400000 -0.005910 0.019107
0.400000 -0.005910 0.019107
0.400000 -0.005910 0.019107
0.400000 -0.005910 0.019107
0.400000 -0.005910 0.019107
0.400000 -0.005910 0.019107
0.400000 -0.005910 0.019107
0.400000 -0.005910 0.019107
0.400000 -0.005910 0.019107
0.400000 -0.005910 0.019107
0.400000 -0.005910 0.019107
0.400000 -0.005910 0.019107
0.400000 -0.005910 0.019107
0.400000 -0.005910 0.019107
0.400000 -0.005910 0.019107
0.400000 -0.005910 0.019107
0.446353 -0.005621 0.018172
0.443557 0.024670 0.027542
0.435508 0.051307 0.035782
0.423176 0.071078 0.041897
0.408049 0.081598 0.045152
0.391951 0.081598 0.045152
0.376824 0.071078 0.041897
0.364492 0.051307 0.035782
0.356443 0.024670 0.027542
0.353647 -0.005621 0.018172
0.356443 -0.035912 0.008802
0.364492 -0.062549 0.000562
0.376824 -0.082320 -0.005554
0.391951 -0.092840 -0.008808
0.408049 -0.092840 -0.008808
0.423176 -0.082320 -0.005554
0.435508 -0.062549 0.000562
0.443557 -0.035912 0.008802
0.446353 -0.005621 0.018172
0.488168 -0.004782 0.015458
0.482851 0.052835 0.033281
0.467540 0.103502 0.048954
0.444084 0.141109 0.060587
0.415310 0.161119 0.066777
0.384690 0.161119 0.066777
0.355916 0.141109 0.060587
0.332460 0.103502 0.048954
0.317149 0.052835 0.033281
0.311832 -0.004782 0.015458
0.317149 -0.062398 -0.002365
0.332460 -0.113065 -0.018038
0.355916 -0.150672 -0.029672
0.384690 -0.170682 -0.035861
0.415310 -0.170682 -0.035861
0.444084 -0.150672 -0.029672
0.467540 -0.113065 -0.018038
0.482851 -0.062398 -0.002365
0.488168 -0.004782 0.015458
0.521353 -0.003474 0.011231
0.514034 0.075828 0.035762
0.492961 0.145566 0.057334
0.460676 0.197327 0.073346
0.421073 0.224868 0.081865
0.378927 0.224868 0.081865
0.339324 0.197327 0.073346
0.307039 0.145566 0.057334
0.285966 0.075828 0.035762
0.278647 -0.003474 0.011231
0.285966 -0.082777 -0.013300
0.307039 -0.152514 -0.034873
0.339324 -0.204275 -0.050884
0.378927 -0.231817 -0.059404
0.421073 -0.231817 -0.059404
0.460676 -0.204275 -0.050884
0.492961 -0.152514 -0.034873
0.514034 -0.082777 -0.013300
0.521353 -0.003474 0.011231
0.542658 -0.001826 0.005904
0.534055 0.091399 0.034742
0.509283 0.173381 0.060102
0.471329 0.234229 0.078925
0.424772 0.266606 0.088940
0.375228 0.266606 0.088940
0.328671 0.234229 0.078925
0.290717 0.173381 0.060102
0.265945 0.091399 0.034742
0.257342 -0.001826 0.005904
0.265945 -0.095052 -0.022934
0.290717 -0.177033 -0.048294
0.328671 -0.237882 -0.067116
0.375228 -0.270259 -0.077132
0.424772 -0.270259 -0.077132
0.471329 -0.237882 -0.067116
0.509283 -0.177033 -0.048294
0.534055 -0.095052 -0.022934
0.542658 -0.001826 0.005904
0.550000 -0.000000 0.000000
0.540954 0.098023 0.030322
0.514907 0.184224 0.056987
0.475000 0.248204 0.076778
0.426047 0.282247 0.087309
0.373953 0.282247 0.087309
0.325000 0.248204 0.076778
0.285093 0.184224 0.056987
0.259046 0.098023 0.030322
0.250000 0.000000 0.000000
0.259046 -0.098023 -0.030322
0.285093 -0.184224 -0.056987
0.325000 -0.248204 -0.076778
0.373953 -0.282247 -0.087309
0.426047 -0.282247 -0.087309
0.475000 -0.248204 -0.076778
0.514907 -0.184224 -0.056987
0.540954 -0.098023 -0.030322
0.550000 -0.000000 -0.000000
0.542658 0.001826 -0.005904
0.534055 0.095052 0.022934
0.509283 0.177033 0.048294
0.471329 0.237882 0.067116
0.424772 0.270259 0.077132
0.375228 0.270259 0.077132
0.328671 0.237882 0.067116
0.290717 0.177033 0.048294
0.265945 0.095052 0.022934
0.257342 0.001826 -0.005904
0.265945 -0.091399 -0.034742
0.290717 -0.173381 -0.060102
0.328671 -0.234229 -0.078925
0.375228 -0.266606 -0.088940
0.424772 -0.266606 -0.088940
0.471329 -0.234229 -0.078925
0.509283 -0.173381 -0.060102
0.534055 -0.091399 -0.034742
0.542658 0.001826 -0.005904
0.521353 0.003474 -0.011231
0.514034 0.082777 0.013300
0.492961 0.152514 0.034873
0.460676 0.204275 0.050884
0.421073 0.231817 0.059404
0.378927 0.231817 0.059404
0.339324 0.204275 0.050884
0.307039 0.152514 0.034873
0.285966 0.082777 0.013300
0.278647 0.003474 -0.011231
0.285966 -0.075828 -0.035762
0.307039 -0.145566 -0.057334
0.339324 -0.197327 -0.073346
0.378927 -0.224868 -0.081865
0.421073 -0.224868 -0.081865
0.460676 -0.197327 -0.073346
0.492961 -0.145566 -0.057334
0.514034 -0.075828 -0.035762
0.521353 0.003474 -0.011231
0.488168 0.004782 -0.015458
0.482851 0.062398 0.002365
0.467540 0.113065 0.018038
0.444084 0.150672 0.029672
0.415310 0.170682 0.035861
0.384690 0.170682 0.035861
0.355916 0.150672 0.029672
0.332460 0.113065 0.018038
0.317149 0.062398 0.002365
0.311832 0.004782 -0.015458
0.317149 -0.052835 -0.033281
0.332460 -0.103502 -0.048954
0.355916 -0.141109 -0.060587
0.384690 -0.161119 -0.066777
0.415310 -0.161119 -0.066777
0.444084 -0.141109 -0.060587
0.467540 -0.103502 -0.048954
0.482851 -0.052835 -0.033281
0.488168 0.004782 -0.015458
0.446353 0.005621 -0.018172
0.443557 0.035912 -0.008802
0.435508 0.062549 -0.000562
0.423176 0.082320 0.005554
0.408049 0.092840 0.008808
0.391951 0.092840 0.008808
0.376824 0.082320 0.005554
0.364492 0.062549 -0.000562
0.356443 0.035912 -0.008802
0.353647 0.005621 -0.018172
0.356443 -0.024670 -0.027542
0.364492 -0.051307 -0.035782
0.376824 -0.071078 -0.041897
0.391951 -0.081598 -0.045152
0.408049 -0.081598 -0.045152
0.423176 -0.071078 -0.041897
0.435508 -0.051307 -0.035782
0.443557 -0.024670 -0.027542
0.446353 0.005621 -0.018172
0.400000 0.005910 -0.019107
0.400000 0.005910 -0.019107
0.400000 0.005910 -0.019107
0.400000 0.005910 -0.019107
0.400000 0.005910 -0.019107
0.400000 0.005910 -0.019107
0.400000 0.005910 -0.019107
0.400000 0.005910 -0.019107
0.400000 0.005910 -0.019107
0.400000 0.005910 -0.019107
0.400000 0.005910 -0.019107
0.400000 0.005910 -0.019107
0.400000 0.005910 -0.019107
0.400000 0.005910 -0.019107
0.400000 0.005910 -0.019107
0.400000 0.005910 -0.019107
0.400000 0.005910 -0.019107
0.400000 0.005910 -0.019107
0.400000 0.005910 -0.019107
0.327081 0.230332 0.019107
0.327081 0.230332 0.019107
0.327081 0.230332 0.019107
0.327081 0.230332 0.019107
0.327081 0.230332 0.019107
0.327081 0.230332 0.019107
0.327081 0.230332 0.019107
0.327081 0.230332 0.019107
0.327081 0.230332 0.019107
0.327081 0.230332 0.019107
0.327081 0.230332 0.019107
0.327081 0.230332 0.019107
0.327081 0.230332 0.019107
0.327081 0.230332 0.019107
0.327081 0.230332 0.019107
0.327081 0.230332 0.019107
0.327081 0.230332 0.019107
0.327081 0.230332 0.019107
0.327081 0.230332 0.019107
0.364411 0.257812 0.018172
0.344345 0.280675 0.027542
0.322176 0.297494 0.035782
0.300578 0.306240 0.041897
0.282157 0.305859 0.045152
0.269133 0.296397 0.045152
0.263078 0.278995 0.041897
0.264723 0.255751 0.035782
0.273868 0.229470 0.027542
0.289411 0.203321 0.018172
0.309477 0.180458 0.008802
0.331646 0.163639 0.000562
0.353243 0.154893 -0.005554
0.371665 0.155274 -0.008808
0.384689 0.164736 -0.008808
0.390743 0.182138 -0.005554
0.389099 0.205382 0.000562
0.379954 0.231663 0.008802
0.364411 0.257812 0.018172
0.397747 0.283069 0.015458
0.359579 0.326557 0.033281
0.317411 0.358548 0.048954
0.276330 0.375185 0.060587
0.241290 0.374461 0.066777
0.216517 0.356463 0.066777
0.205000 0.323362 0.060587
0.208128 0.279150 0.048954
0.225524 0.229160 0.033281
0.255088 0.179422 0.015458
0.293256 0.135934 -0.002365
0.335424 0.103943 -0.018038
0.376505 0.087306 -0.029672
0.411545 0.088030 -0.035861
0.436317 0.106028 -0.035861
0.447834 0.139130 -0.029672
0.444706 0.183341 -0.018038
0.427311 0.233331 -0.002365
0.397747 0.283069 0.015458
0.423825 0.303633 0.011231
0.371291 0.363488 0.035762
0.313253 0.407521 0.057334
0.256709 0.430420 0.073346
0.208481 0.429423 0.081865
0.174384 0.404650 0.081865
0.158533 0.359090 0.073346
0.162838 0.298238 0.057334
0.186780 0.229433 0.035762
0.227473 0.160974 0.011231
0.280006 0.101119 -0.013300
0.338045 0.057086 -0.034873
0.394589 0.034187 -0.050884
0.442817 0.035184 -0.059404
0.476913 0.059957 -0.059404
0.492765 0.105517 -0.050884
0.488460 0.166369 -0.034873
0.464517 0.235174 -0.013300
0.423825 0.303633 0.011231
0.440093 0.317489 0.005904
0.378337 0.387853 0.034742
0.310108 0.439617 0.060102
0.243637 0.466536 0.078925
0.186941 0.465364 0.088940
0.146858 0.436242 0.088940
0.128224 0.382683 0.078925
0.133285 0.311147 0.060102
0.161431 0.230262 0.034742
0.209267 0.149784 0.005904
0.271024 0.079420 -0.022934
0.339253 0.027656 -0.048294
0.405724 0.000737 -0.067116
0.462420 0.001909 -0.077132
0.502502 0.031031 -0.077132
0.521137 0.084590 -0.067116
0.516076 0.156126 -0.048294
0.487930 0.237011 -0.022934
0.440093 0.317489 0.005904
0.444959 0.323282 0.000000
0.380024 0.397267 0.030322
0.308284 0.451695 0.056987
0.238393 0.479999 0.076778
0.178779 0.478767 0.087309
0.136634 0.448146 0.087309
0.117040 0.391831 0.076778
0.122361 0.316614 0.056987
0.151956 0.231566 0.030322
0.202254 0.146946 0.000000
0.267189 0.072961 -0.030322
0.338929 0.018534 -0.056987
0.408821 -0.009771 -0.076778
0.468435 -0.008539 -0.087309
0.510580 0.022082 -0.087309
0.530174 0.078397 -0.076778
0.524852 0.153615 -0.056987
0.495258 0.238662 -0.030322
0.444959 0.323282 -0.000000
0.437946 0.320444 -0.005904
0.376189 0.390808 0.022934
0.307961 0.442572 0.048294
0.241490 0.469491 0.067116
0.184794 0.468319 0.077132
0.144711 0.439197 0.077132
0.126077 0.385639 0.067116
0.131138 0.314102 0.048294
0.159284 0.233217 0.022934
0.207120 0.152739 -0.005904
0.268877 0.082375 -0.034742
0.337106 0.030611 -0.060102
0.403577 0.003692 -0.078925
0.460273 0.004864 -0.088940
0.500355 0.033986 -0.088940
0.518990 0.087545 -0.078925
0.513929 0.159081 -0.060102
0.485783 0.239966 -0.034742
0.437946 0.320444 -0.005904
0.419741 0.309254 -0.011231
0.367207 0.369109 0.013300
0.309169 0.413142 0.034873
0.252625 0.436041 0.050884
0.204397 0.435044 0.059404
0.170300 0.410271 0.059404
0.154449 0.364711 0.050884
0.158754 0.303859 0.034873
0.182696 0.235054 0.013300
0.223389 0.166595 -0.011231
0.275922 0.106740 -0.035762
0.333961 0.062707 -0.057334
0.390505 0.039809 -0.073346
0.438733 0.040806 -0.081865
0.472829 0.065578 -0.081865
0.488681 0.111138 -0.073346
0.484376 0.171990 -0.057334
0.460433 0.240795 -0.035762
0.419741 0.309254 -0.011231
0.392125 0.290806 -0.015458
0.353958 0.334294 0.002365
0.311790 0.366285 0.018038
0.270709 0.382922 0.029672
0.235669 0.382198 0.035861
0.210896 0.364200 0.035861
0.199379 0.331099 0.029672
0.202507 0.286887 0.018038
0.219902 0.236897 0.002365
0.249467 0.187159 -0.015458
0.287635 0.143671 -0.033281
0.329803 0.111680 -0.048954
0.370884 0.095043 -0.060587
0.405924 0.095767 -0.066777
0.430696 0.113765 -0.066777
0.442213 0.146866 -0.060587
0.439085 0.191078 -0.048954
0.421690 0.241068 -0.033281
0.392125 0.290806 -0.015458
0.357803 0.266907 -0.018172
0.337737 0.289770 -0.008802
0.315568 0.306589 -0.000562
0.293970 0.315335 0.005554
0.275549 0.314955 0.008808
0.262525 0.305492 0.008808
0.256470 0.288090 0.005554
0.258115 0.264846 -0.000562
0.267260 0.238565 -0.008802
0.282803 0.212416 -0.018172
0.302869 0.189554 -0.027542
0.325038 0.172735 -0.035782
0.346635 0.163988 -0.041897
0.365057 0.164369 -0.045152
0.378081 0.173831 -0.045152
0.384135 0.191233 -0.041897
0.382491 0.214477 -0.035782
0.373346 0.240758 -0.027542
0.357803 0.266907 -0.018172
0.320133 0.239896 -0.019107
0.320133 0.239896 -0.019107
0.320133 0.239896 -0.019107
0.320133 0.239896 -0.019107
0.320133 0.239896 -0.019107
0.320133 0.239896 -0.019107
0.320133 0.239896 -0.019107
0.320133 0.239896 -0.019107
0.320133 0.239896 -0.019107
0.320133 0.239896 -0.019107
0.320133 0.239896 -0.019107
0.320133 0.239896 -0.019107
0.320133 0.239896 -0.019107
0.320133 0.239896 -0.019107
0.320133 0.239896 -0.019107
0.320133 0.239896 -0.019107
0.320133 0.239896 -0.019107
0.320133 0.239896 -0.019107
0.320133 0.239896 -0.019107
0.129228 0.378596 0.019107
0.129228 0.378596 0.019107
0.129228 0.378596 0.019107
0.129228 0.378596 0.019107
0.129228 0.378596 0.019107
0.129228 0.378596 0.019107
0.129228 0.378596 0.019107
0.129228 0.378596 0.019107
0.129228 0.378596 0.019107
0.129228 0.378596 0.019107
0.129228 0.378596 0.019107
0.129228 0.378596 0.019107
0.129228 0.378596 0.019107
0.129228 0.378596 0.019107
0.129228 0.378596 0.019107
0.129228 0.378596 0.019107
0.129228 0.378596 0.019107
0.129228 0.378596 0.019107
0.129228 0.378596 0.019107
0.143277 0.422769 0.018172
0.113604 0.429471 0.027542
0.085783 0.430048 0.035782
0.063169 0.424429 0.041897
0.048490 0.413293 0.045152
0.043515 0.397983 0.045152
0.048846 0.380345 0.041897
0.063838 0.362507 0.035782
0.086685 0.346621 0.027542
0.114629 0.334602 0.018172
0.144301 0.327900 0.008802
0.172122 0.327324 0.000562
0.194736 0.332942 -0.005554
0.209416 0.344078 -0.008808
0.214390 0.359388 -0.008808
0.209060 0.377026 -0.005554
0.194067 0.394864 0.000562
0.171221 0.410751 0.008802
0.143277 0.422769 0.018172
0.155400 0.462798 0.015458
0.098960 0.475545 0.033281
0.046041 0.476641 0.048954
0.003027 0.465954 0.060587
-0.024895 0.444772 0.066777
-0.034357 0.415650 0.066777
-0.024218 0.382101 0.060587
0.004299 0.348172 0.048954
0.047755 0.317954 0.033281
0.100909 0.295092 0.015458
0.157349 0.282345 -0.002365
0.210267 0.281249 -0.018038
0.253282 0.291936 -0.029672
0.281204 0.313118 -0.035861
0.290666 0.342240 -0.035861
0.280527 0.375789 -0.029672
0.252010 0.409718 -0.018038
0.208553 0.439936 -0.002365
0.155400 0.462798 0.015458
0.164411 0.494762 0.011231
0.086728 0.512308 0.035762
0.013892 0.513817 0.057334
-0.045312 0.499107 0.073346
-0.083744 0.469952 0.081865
-0.096768 0.429869 0.081865
-0.082812 0.383693 0.073346
-0.043561 0.336993 0.057334
0.016251 0.295402 0.035762
0.089411 0.263936 0.011231
0.167094 0.246390 -0.013300
0.239930 0.244882 -0.034873
0.299134 0.259592 -0.050884
0.337566 0.288746 -0.059404
0.350589 0.328829 -0.059404
0.336634 0.375005 -0.050884
0.297383 0.421705 -0.034873
0.237570 0.463296 -0.013300
0.164411 0.494762 0.011231
0.169428 0.515534 0.005904
0.078106 0.536161 0.034742
-0.007518 0.537934 0.060102
-0.077117 0.520642 0.078925
-0.122296 0.486368 0.088940
-0.137606 0.439249 0.088940
-0.121200 0.384965 0.078925
-0.075058 0.330066 0.060102
-0.004744 0.281173 0.034742
0.081260 0.244182 0.005904
0.172581 0.223556 -0.022934
0.258205 0.221782 -0.048294
0.327804 0.239075 -0.067116
0.372983 0.273348 -0.077132
0.388294 0.320468 -0.077132
0.371888 0.374751 -0.067116
0.325746 0.429650 -0.048294
0.255432 0.478544 -0.022934
0.169428 0.515534 0.005904
0.169959 0.523081 0.000000
0.073938 0.544769 0.030322
-0.016092 0.546634 0.056987
-0.089273 0.528451 0.076778
-0.136777 0.492414 0.087309
-0.152875 0.442869 0.087309
-0.135625 0.385793 0.076778
-0.087108 0.328068 0.056987
-0.013176 0.276658 0.030322
0.077254 0.237764 0.000000
0.173275 0.216077 -0.030322
0.263306 0.214212 -0.056987
0.336486 0.232394 -0.076778
0.383990 0.268431 -0.087309
0.400089 0.317976 -0.087309
0.382839 0.375053 -0.076778
0.334322 0.432777 -0.056987
0.260390 0.484187 -0.030322
0.169959 0.523081 -0.000000
0.165954 0.516663 -0.005904
0.074632 0.537289 0.022934
-0.010992 0.539063 0.048294
-0.080591 0.521770 0.067116
-0.125770 0.487497 0.077132
-0.141080 0.440377 0.077132
-0.124675 0.386094 0.067116
-0.078532 0.331195 0.048294
-0.008218 0.282301 0.022934
0.077786 0.245311 -0.005904
0.169107 0.224685 -0.034742
0.254731 0.222911 -0.060102
0.324330 0.240204 -0.078925
0.369509 0.274477 -0.088940
0.384820 0.321597 -0.088940
0.368414 0.375880 -0.078925
0.322272 0.430779 -0.060102
0.251958 0.479673 -0.034742
0.165954 0.516663 -0.005904
0.157803 0.496909 -0.011231
0.080120 0.514455 0.013300
0.007284 0.515964 0.034873
-0.051920 0.501254 0.050884
-0.090352 0.472099 0.059404
-0.103376 0.432017 0.059404
-0.089420 0.385841 0.050884
-0.050169 0.339140 0.034873
0.009643 0.297549 0.013300
0.082803 0.266083 -0.011231
0.160485 0.248537 -0.035762
0.233322 0.247029 -0.057334
0.292526 0.261739 -0.073346
0.330958 0.290893 -0.081865
0.343981 0.330976 -0.081865
0.330026 0.377152 -0.073346
0.290775 0.423852 -0.057334
0.230962 0.465443 -0.035762
0.157803 0.496909 -0.011231
0.146305 0.465753 -0.015458
0.089865 0.478500 0.002365
0.036946 0.479597 0.018038
-0.006068 0.468909 0.029672
-0.033990 0.447727 0.035861
-0.043453 0.418605 0.035861
-0.033314 0.385057 0.029672
-0.004796 0.351127 0.018038
0.038660 0.320909 0.002365
0.091814 0.298048 -0.015458
0.148254 0.285300 -0.033281
0.201172 0.284204 -0.048954
0.244187 0.294891 -0.060587
0.272109 0.316073 -0.066777
0.281571 0.345195 -0.066777
0.271432 0.378744 -0.060587
0.242914 0.412673 -0.048954
0.199458 0.442891 -0.033281
0.146305 0.465753 -0.015458
0.132585 0.426244 -0.018172
0.102912 0.432945 -0.008802
0.075091 0.433522 -0.000562
0.052477 0.427903 0.005554
0.037798 0.416767 0.008808
0.032823 0.401457 0.008808
0.038154 0.383819 0.005554
0.053146 0.365981 -0.000562
0.075993 0.350095 -0.008802
0.103937 0.338076 -0.018172
0.133609 0.331374 -0.027542
0.161430 0.330798 -0.035782
0.184044 0.336416 -0.041897
0.198724 0.347552 -0.045152
0.203698 0.362863 -0.045152
0.198368 0.380500 -0.041897
0.183375 0.398338 -0.035782
0.160529 0.414225 -0.027542
0.132585 0.426244 -0.018172
0.117986 0.382249 -0.019107
0.117986 0.382249 -0.019107
0.117986 0.382249 -0.019107
0.117986 0.382249 -0.019107
0.117986 0.382249 -0.019107
0.117986 0.382249 -0.019107
0.117986 0.382249 -0.019107
0.117986 0.382249 -0.019107
0.117986 0.382249 -0.019107
0.117986 0.382249 -0.019107
0.117986 0.382249 -0.019107
0.117986 0.382249 -0.019107
0.117986 0.382249 -0.019107
0.117986 0.382249 -0.019107
0.117986 0.382249 -0.019107
0.117986 0.382249 -0.019107
0.117986 0.382249 -0.019107
0.117986 0.382249 -0.019107
0.117986 0.382249 -0.019107
-0.117986 0.382249 0.019107
-0.117986 0.382249 0.019107
-0.117986 0.382249 0.019107
-0.117986 0.382249 0.019107
-0.117986 0.382249 0.019107
-0.117986 0.382249 0.019107
-0.117986 0.382249 0.019107
-0.117986 0.382249 0.019107
-0.117986 0.382249 0.019107
-0.117986 0.382249 0.019107
-0.117986 0.382249 0.019107
-0.117986 0.382249 0.019107
-0.117986 0.382249 0.019107
-0.117986 0.382249 0.019107
-0.117986 0.382249 0.019107
-0.117986 0.382249 0.019107
-0.117986 0.382249 0.019107
-0.117986 0.382249 0.019107
-0.117986 0.382249 0.019107
-0.132585 0.426244 0.018172
-0.160529 0.414225 0.027542
-0.183375 0.398338 0.035782
-0.198368 0.380500 0.041897
-0.203698 0.362863 0.045152
-0.198724 0.347552 0.045152
-0.184044 0.336416 0.041897
-0.161430 0.330798 0.035782
-0.133609 0.331374 0.027542
-0.103937 0.338076 0.018172
-0.075993 0.350095 0.008802
-0.053146 0.365981 0.000562
-0.038154 0.383819 -0.005554
-0.032823 0.401457 -0.008808
-0.037798 0.416767 -0.008808
-0.052477 0.427903 -0.005554
-0.075091 0.433522 0.000562
-0.102912 0.432945 0.008802
-0.132585 0.426244 0.018172
-0.146305 0.465753 0.015458
-0.199458 0.442891 0.033281
-0.242914 0.412673 0.048954
-0.271432 0.378744 0.060587
-0.281571 0.345195 0.066777
-0.272109 0.316073 0.066777
-0.244187 0.294891 0.060587
-0.201172 0.284204 0.048954
-0.148254 0.285300 0.033281
-0.091814 0.298048 0.015458
-0.038660 0.320909 -0.002365
0.004796 0.351127 -0.018038
0.033314 0.385057 -0.029672
0.043453 0.418605 -0.035861
0.033990 0.447727 -0.035861
0.006068 0.468909 -0.029672
-0.036946 0.479597 -0.018038
-0.089865 0.478500 -0.002365
-0.146305 0.465753 0.015458
-0.157803 0.496909 0.011231
-0.230962 0.465443 0.035762
-0.290775 0.423852 0.057334
-0.330026 0.377152 0.073346
-0.343981 0.330976 0.081865
-0.330958 0.290893 0.081865
-0.292526 0.261739 0.073346
-0.233322 0.247029 0.057334
-0.160485 0.248537 0.035762
-0.082803 0.266083 0.011231
-0.009643 0.297549 -0.013300
0.050169 0.339140 -0.034873
0.089420 0.385841 -0.050884
0.103376 0.432017 -0.059404
0.090352 0.472099 -0.059404
0.051920 0.501254 -0.050884
-0.007284 0.515964 -0.034873
-0.080120 0.514455 -0.013300
-0.157803 0.496909 0.011231
-0.165954 0.516663 0.005904
-0.251958 0.479673 0.034742
-0.322272 0.430779 0.060102
-0.368414 0.375880 0.078925
-0.384820 0.321597 0.088940
-0.369509 0.274477 0.088940
-0.324330 0.240204 0.078925
-0.254731 0.222911 0.060102
-0.169107 0.224685 0.034742
-0.077786 0.245311 0.005904
0.008218 0.282301 -0.022934
0.078532 0.331195 -0.048294
0.124675 0.386094 -0.067116
0.141080 0.440377 -0.077132
0.125770 0.487497 -0.077132
0.080591 0.521770 -0.067116
0.010992 0.539063 -0.048294
-0.074632 0.537289 -0.022934
-0.165954 0.516663 0.005904
-0.169959 0.523081 0.000000
-0.260390 0.484187 0.030322
-0.334322 0.432777 0.056987
-0.382839 0.375053 0.076778
-0.400089 0.317976 0.087309
-0.383990 0.268431 0.087309
-0.336486 0.232394 0.076778
-0.263306 0.214212 0.056987
-0.173275 0.216077 0.030322
-0.077254 0.237764 0.000000
0.013176 0.276658 -0.030322
0.087108 0.328068 -0.056987
0.135625 0.385793 -0.076778
0.152875 0.442869 -0.087309
0.136777 0.492414 -0.087309
0.089273 0.528451 -0.076778
0.016092 0.546634 -0.056987
-0.073938 0.544769 -0.030322
-0.169959 0.523081 -0.000000
-0.169428 0.515534 -0.005904
-0.255432 0.478544 0.022934
-0.325746 0.429650 0.048294
-0.371888 0.374751 0.067116
-0.388294 0.320468 0.077132
-0.372983 0.273348 0.077132
-0.327804 0.239075 0.067116
-0.258205 0.221782 0.048294
-0.172581 0.223556 0.022934
-0.081260 0.244182 -0.005904
0.004744 0.281173 -0.034742
0.075058 0.330066 -0.060102
0.121200 0.384965 -0.078925
0.137606 0.439249 -0.088940
0.122296 0.486368 -0.088940
0.077117 0.520642 -0.078925
0.007518 0.537934 -0.060102
-0.078106 0.536161 -0.034742
-0.169428 0.515534 -0.005904
-0.164411 0.494762 -0.011231
-0.237570 0.463296 0.013300
-0.297383 0.421705 0.034873
-0.336634 0.375005 0.050884
-0.350589 0.328829 0.059404
-0.337566 0.288746 0.059404
-0.299134 0.259592 0.050884
-0.239930 0.244882 0.034873
-0.167094 0.246390 0.013300
-0.089411 0.263936 -0.011231
-0.016251 0.295402 -0.035762
0.043561 0.336993 -0.057334
0.082812 0.383693 -0.073346
0.096768 0.429869 -0.081865
0.083744 0.469952 -0.081865
0.045312 0.499107 -0.073346
-0.013892 0.513817 -0.057334
-0.086728 0.512308 -0.035762
-0.164411 0.494762 -0.011231
-0.155400 0.462798 -0.015458
-0.208553 0.439936 0.002365
-0.252010 0.409718 0.018038
-0.280527 0.375789 0.029672
-0.290666 0.342240 0.035861
-0.281204 0.313118 0.035861
-0.253282 0.291936 0.029672
-0.210267 0.281249 0.018038
-0.157349 0.282345 0.002365
-0.100909 0.295092 -0.015458
-0.047755 0.317954 -0.033281
-0.004299 0.348172 -0.048954
0.024218 0.382101 -0.060587
0.034357 0.415650 -0.066777
0.024895 0.444772 -0.066777
-0.003027 0.465954 -0.060587
-0.046041 0.476641 -0.048954
-0.098960 0.475545 -0.033281
-0.155400 0.462798 -0.015458
-0.143277 0.422769 -0.018172
-0.171221 0.410751 -0.008802
-0.194067 0.394864 -0.000562
-0.209060 0.377026 0.005554
-0.214390 0.359388 0.008808
-0.209416 0.344078 0.008808
-0.194736 0.332942 0.005554
-0.172122 0.327324 -0.000562
-0.144301 0.327900 -0.008802
-0.114629 0.334602 -0.018172
-0.086685 0.346621 -0.027542
-0.063838 0.362507 -0.035782
-0.048846 0.380345 -0.041897
-0.043515 0.397983 -0.045152
-0.048490 0.413293 -0.045152
-0.063169 0.424429 -0.041897
-0.085783 0.430048 -0.035782
-0.113604 0.429471 -0.027542
-0.143277 0.422769 -0.018172
-0.129228 0.378596 -0.019107
-0.129228 0.378596 -0.019107
-0.129228 0.378596 -0.019107
-0.129228 0.378596 -0.019107
-0.129228 0.378596 -0.019107
-0.129228 0.378596 -0.019107
-0.129228 0.378596 -0.019107
-0.129228 0.378596 -0.019107
-0.129228 0.378596 -0.019107
-0.129228 0.378596 -0.019107
-0.129228 0.378596 -0.019107
-0.129228 0.378596 -0.019107
-0.129228 0.378596 -0.019107
-0.129228 0.378596 -0.019107
-0.129228 0.378596 -0.019107
-0.129228 0.378596 -0.019107
-0.129228 0.378596 -0.019107
-0.129228 0.378596 -0.019107
-0.129228 0.378596 -0.019107
-0.320133 0.239896 0.019107
-0.320133 0.239896 0.019107
-0.320133 0.239896 0.019107
-0.320133 0.239896 0.019107
-0.320133 0.239896 0.019107
-0.320133 0.239896 0.019107
-0.320133 0.239896 0.019107
-0.320133 0.239896 0.019107
-0.320133 0.239896 0.019107
-0.320133 0.239896 0.019107
-0.320133 0.239896 0.019107
-0.320133 0.239896 0.019107
-0.320133 0.239896 0.019107
-0.320133 0.239896 0.019107
-0.320133 0.239896 0.019107
-0.320133 0.239896 0.019107
-0.320133 0.239896 0.019107
-0.320133 0.239896 0.019107
-0.320133 0.239896 0.019107
-0.357803 0.266907 0.018172
-0.373346 0.240758 0.027542
-0.382491 0.214477 0.035782
-0.384135 0.191233 0.041897
-0.378081 0.173831 0.045152
-0.365057 0.164369 0.045152
-0.346635 0.163988 0.041897
-0.325038 0.172735 0.035782
-0.302869 0.189554 0.027542
-0.282803 0.212416 0.018172
-0.267260 0.238565 0.008802
-0.258115 0.264846 0.000562
-0.256470 0.288090 -0.005554
-0.262525 0.305492 -0.008808
-0.275549 0.314955 -0.008808
-0.293970 0.315335 -0.005554
-0.315568 0.306589 0.000562
-0.337737 0.289770 0.008802
-0.357803 0.266907 0.018172
-0.392125 0.290806 0.015458
-0.421690 0.241068 0.033281
-0.439085 0.191078 0.048954
-0.442213 0.146866 0.060587
-0.430696 0.113765 0.066777
-0.405924 0.095767 0.066777
-0.370884 0.095043 0.060587
-0.329803 0.111680 0.048954
-0.287635 0.143671 0.033281
-0.249467 0.187159 0.015458
-0.219902 0.236897 -0.002365
-0.202507 0.286887 -0.018038
-0.199379 0.331099 -0.029672
-0.210896 0.364200 -0.035861
-0.235669 0.382198 -0.035861
-0.270709 0.382922 -0.029672
-0.311790 0.366285 -0.018038
-0.353958 0.334294 -0.002365
-0.392125 0.290806 0.015458
-0.419741 0.309254 0.011231
-0.460433 0.240795 0.035762
-0.484376 0.171990 0.057334
-0.488681 0.111138 0.073346
-0.472829 0.065578 0.081865
-0.438733 0.040806 0.081865
-0.390505 0.039809 0.073346
-0.333961 0.062707 0.057334
-0.275922 0.106740 0.035762
-0.223389 0.166595 0.011231
-0.182696 0.235054 -0.013300
-0.158754 0.303859 -0.034873
-0.154449 0.364711 -0.050884
-0.170300 0.410271 -0.059404
-0.204397 0.435044 -0.059404
-0.252625 0.436041 -0.050884
-0.309169 0.413142 -0.034873
-0.367207 0.369109 -0.013300
-0.419741 0.309254 0.011231
-0.437946 0.320444 0.005904
-0.485783 0.239966 0.034742
-0.513929 0.159081 0.060102
-0.518990 0.087545 0.078925
-0.500355 0.033986 0.088940
-0.460273 0.004864 0.088940
-0.403577 0.003692 0.078925
-0.337106 0.030611 0.060102
-0.268877 0.082375 0.034742
-0.207120 0.152739 0.005904
-0.159284 0.233217 -0.022934
-0.131138 0.314102 -0.048294
-0.126077 0.385639 -0.067116
-0.144711 0.439197 -0.077132
-0.184794 0.468319 -0.077132
-0.241490 0.469491 -0.067116
-0.307961 0.442572 -0.048294
-0.376189 0.390808 -0.022934
-0.437946 0.320444 0.005904
-0.444959 0.323282 0.000000
-0.495258 0.238662 0.030322
-0.524852 0.153615 0.056987
-0.530174 0.078397 0.076778
-0.510580 0.022082 0.087309
-0.468435 -0.008539 0.087309
-0.408821 -0.009771 0.076778
-0.338929 0.018534 0.056987
-0.267189 0.072961 0.030322
-0.202254 0.146946 0.000000
-0.151956 0.231566 -0.030322
-0.122361 0.316614 -0.056987
-0.117040 0.391831 -0.076778
-0.136634 0.448146 -0.087309
-0.178779 0.478767 -0.087309
-0.238393 0.479999 -0.076778
-0.308284 0.451695 -0.056987
-0.380024 0.397267 -0.030322
-0.444959 0.323282 -0.000000
-0.440093 0.317489 -0.005904
-0.487930 0.237011 0.022934
-0.516076 0.156126 0.048294
-0.521137 0.084590 0.067116
-0.502502 0.031031 0.077132
-0.462420 0.001909 0.077132
-0.405724 0.000737 0.067116
-0.339253 0.027656 0.048294
-0.271024 0.079420 0.022934
-0.209267 0.149784 -0.005904
-0.161431 0.230262 -0.034742
-0.133285 0.311147 -0.060102
-0.128224 0.382683 -0.078925
-0.146858 0.436242 -0.088940
-0.186941 0.465364 -0.088940
-0.243637 0.466536 -0.078925
-0.310108 0.439617 -0.060102
-0.378337 0.387853 -0.034742
-0.440093 0.317489 -0.005904
-0.423825 0.303633 -0.011231
-0.464517 0.235174 0.013300
-0.488460 0.166369 0.034873
-0.492765 0.105517 0.050884
-0.476913 0.059957 0.059404
-0.442817 0.035184 0.059404
-0.394589 0.034187 0.050884
-0.338045 0.057086 0.034873
-0.280006 0.101119 0.013300
-0.227473 0.160974 -0.011231
-0.186780 0.229433 -0.035762
-0.162838 0.298238 -0.057334
-0.158533 0.359090 -0.073346
-0.174384 0.404650 -0.081865
-0.208481 0.429423 -0.081865
-0.256709 0.430420 -0.073346
-0.313253 0.407521 -0.057334
-0.371291 0.363488 -0.035762
-0.423825 0.303633 -0.011231
-0.397747 0.283069 -0.015458
-0.427311 0.233331 0.002365
-0.444706 0.183341 0.018038
-0.447834 0.139130 0.029672
-0.436317 0.106028 0.035861
-0.411545 0.088030 0.035861
-0.376505 0.087306 0.029672
-0.335424 0.103943 0.018038
-0.293256 0.135934 0.002365
-0.255088 0.179422 -0.015458
-0.225524 0.229160 -0.033281
-0.208128 0.279150 -0.048954
-0.205000 0.323362 -0.060587
-0.216517 0.356463 -0.066777
-0.241290 0.374461 -0.066777
-0.276330 0.375185 -0.060587
-0.317411 0.358548 -0.048954
-0.359579 0.326557 -0.033281
-0.397747 0.283069 -0.015458
-0.364411 0.257812 -0.018172
-0.379954 0.231663 -0.008802
-0.389099 0.205382 -0.000562
-0.390743 0.182138 0.005554
-0.384689 0.164736 0.008808
-0.371665 0.155274 0.008808
-0.353243 0.154893 0.005554
-0.331646 0.163639 -0.000562
-0.309477 0.180458 -0.008802
-0.289411 0.203321 -0.018172
-0.273868 0.229470 -0.027542
-0.264723 0.255751 -0.035782
-0.263078 0.278995 -0.041897
-0.269133 0.296397 -0.045152
-0.282157 0.305859 -0.045152
-0.300578 0.306240 -0.041897
-0.322176 0.297494 -0.035782
-0.344345 0.280675 -0.027542
-0.364411 0.257812 -0.018172
-0.327081 0.230332 -0.019107
-0.327081 0.230332 -0.019107
-0.327081 0.230332 -0.019107
-0.327081 0.230332 -0.019107
-0.327081 0.230332 -0.019107
-0.327081 0.230332 -0.019107
-0.327081 0.230332 -0.019107
-0.327081 0.230332 -0.019107
-0.327081 0.230332 -0.019107
-0.327081 0.230332 -0.019107
-0.327081 0.230332 -0.019107
-0.327081 0.230332 -0.019107
-0.327081 0.230332 -0.019107
-0.327081 0.230332 -0.019107
-0.327081 0.230332 -0.019107
-0.327081 0.230332 -0.019107
-0.327081 0.230332 -0.019107
-0.327081 0.230332 -0.019107
-0.327081 0.230332 -0.019107
-0.400000 0.005910 0.019107
-0.400000 0.005910 0.019107
-0.400000 0.005910 0.019107
-0.400000 0.005910 0.019107
-0.400000 0.005910 0.019107
-0.400000 0.005910 0.019107
-0.400000 0.005910 0.019107
-0.400000 0.005910 0.019107
-0.400000 0.005910 0.019107
-0.400000 0.005910 0.019107
-0.400000 0.005910 0.019107
-0.400000 0.005910 0.019107
-0.400000 0.005910 0.019107
-0.400000 0.005910 0.019107
-0.400000 0.005910 0.019107
-0.400000 0.005910 0.019107
-0.400000 0.005910 0.019107
-0.400000 0.005910 0.019107
-0.400000 0.005910 0.019107
-0.446353 0.005621 0.018172
-0.443557 -0.024670 0.027542
-0.435508 -0.051307 0.035782
-0.423176 -0.071078 0.041897
-0.408049 -0.081598 0.045152
-0.391951 -0.081598 0.045152
-0.376824 -0.071078 0.041897
-0.364492 -0.051307 0.035782
-0.356443 -0.024670 0.027542
-0.353647 0.005621 0.018172
-0.356443 0.035912 0.008802
-0.364492 0.062549 0.000562
-0.376824 0.082320 -0.005554
-0.391951 0.092840 -0.008808
-0.408049 0.092840 -0.008808
-0.423176 0.082320 -0.005554
-0.435508 0.062549 0.000562
-0.443557 0.035912 0.008802
-0.446353 0.005621 0.018172
-0.488168 0.004782 0.015458
-0.482851 -0.052835 0.033281
-0.467540 -0.103502 0.048954
-0.444084 -0.141109 0.060587
-0.415310 -0.161119 0.066777
-0.384690 -0.161119 0.066777
-0.355916 -0.141109 0.060587
-0.332460 -0.103502 0.048954
-0.317149 -0.052835 0.033281
-0.311832 0.004782 0.015458
-0.317149 0.062398 -0.002365
-0.332460 0.113065 -0.018038
-0.355916 0.150672 -0.029672
-0.384690 0.170682 -0.035861
-0.415310 0.170682 -0.035861
-0.444084 0.150672 -0.029672
-0.467540 0.113065 -0.018038
-0.482851 0.062398 -0.002365
-0.488168 0.004782 0.015458
-0.521353 0.003474 0.011231
-0.514034 -0.075828 0.035762
-0.492961 -0.145566 0.057334
-0.460676 -0.197327 0.073346
-0.421073 -0.224868 0.081865
-0.378927 -0.224868 0.081865
-0.339324 -0.197327 0.073346
-0.307039 -0.145566 0.057334
-0.285966 -0.075828 0.035762
-0.278647 0.003474 0.011231
-0.285966 0.082777 -0.013300
-0.307039 0.152514 -0.034873
-0.339324 0.204275 -0.050884
-0.378927 0.231817 -0.059404
-0.421073 0.231817 -0.059404
-0.460676 0.204275 -0.050884
-0.492961 0.152514 -0.034873
-0.514034 0.082777 -0.013300
-0.521353 0.003474 0.011231
-0.542658 0.001826 0.005904
-0.534055 -0.091399 0.034742
-0.509283 -0.173381 0.060102
-0.471329 -0.234229 0.078925
-0.424772 -0.266606 0.088940
-0.375228 -0.266606 0.088940
-0.328671 -0.234229 0.078925
-0.290717 -0.173381 0.060102
-0.265945 -0.091399 0.034742
-0.257342 0.001826 0.005904
-0.265945 0.095052 -0.022934
-0.290717 0.177033 -0.048294
-0.328671 0.237882 -0.067116
-0.375228 0.270259 -0.077132
-0.424772 0.270259 -0.077132
-0.471329 0.237882 -0.067116
-0.509283 0.177033 -0.048294
-0.534055 0.095052 -0.022934
-0.542658 0.001826 0.005904
-0.550000 0.000000 0.000000
-0.540954 -0.098023 0.030322
-0.514907 -0.184224 0.056987
-0.475000 -0.248204 0.076778
-0.426047 -0.282247 0.087309
-0.373953 -0.282247 0.087309
-0.325000 -0.248204 0.076778
-0.285093 -0.184224 0.056987
-0.259046 -0.098023 0.030322
-0.250000 -0.000000 0.000000
-0.259046 0.098023 -0.030322
-0.285093 0.184224 -0.056987
-0.325000 0.248204 -0.076778
-0.373953 0.282247 -0.087309
-0.426047 0.282247 -0.087309
-0.475000 0.248204 -0.076778
-0.514907 0.184224 -0.056987
-0.540954 0.098023 -0.030322
-0.550000 0.000000 -0.000000
-0.542658 -0.001826 -0.005904
-0.534055 -0.095052 0.022934
-0.509283 -0.177033 0.048294
-0.471329 -0.237882 0.067116
-0.424772 -0.270259 0.077132
-0.375228 -0.270259 0.077132
-0.328671 -0.237882 0.067116
-0.290717 -0.177033 0.048294
-0.265945 -0.095052 0.022934
-0.257342 -0.001826 -0.005904
-0.265945 0.091399 -0.034742
-0.290717 0.173381 -0.060102
-0.328671 0.234229 -0.078925
-0.375228 0.266606 -0.088940
-0.424772 0.266606 -0.088940
-0.471329 0.234229 -0.078925
-0.509283 0.173381 -0.060102
-0.534055 0.091399 -0.034742
-0.542658 -0.001826 -0.005904
-0.521353 -0.003474 -0.011231
-0.514034 -0.082777 0.013300
-0.492961 -0.152514 0.034873
-0.460676 -0.204275 0.050884
-0.421073 -0.231817 0.059404
-0.378927 -0.231817 0.059404
-0.339324 -0.204275 0.050884
-0.307039 -0.152514 0.034873
-0.285966 -0.082777 0.013300
-0.278647 -0.003474 -0.011231
-0.285966 0.075828 -0.035762
-0.307039 0.145566 -0.057334
-0.339324 0.197327 -0.073346
-0.378927 0.224868 -0.081865
-0.421073 0.224868 -0.081865
-0.460676 0.197327 -0.073346
-0.492961 0.145566 -0.057334
-0.514034 0.075828 -0.035762
-0.521353 -0.003474 -0.011231
-0.488168 -0.004782 -0.015458
-0.482851 -0.062398 0.002365
-0.467540 -0.113065 0.018038
-0.444084 -0.150672 0.029672
-0.415310 -0.170682 0.035861
-0.384690 -0.170682 0.035861
-0.355916 -0.150672 0.029672
-0.332460 -0.113065 0.018038
-0.317149 -0.062398 0.002365
-0.311832 -0.004782 -0.015458
-0.317149 0.052835 -0.033281
-0.332460 0.103502 -0.048954
-0.355916 0.141109 -0.060587
-0.384690 0.161119 -0.066777
-0.415310 0.161119 -0.066777
-0.444084 0.141109 -0.060587
-0.467540 0.103502 -0.048954
-0.482851 0.052835 -0.033281
-0.488168 -0.004782 -0.015458
-0.446353 -0.005621 -0.018172
-0.443557 -0.035912 -0.008802
-0.435508 -0.062549 -0.000562
-0.423176 -0.082320 0.005554
-0.408049 -0.092840 0.008808
-0.391951 -0.092840 0.008808
-0.376824 -0.082320 0.005554
-0.364492 -0.062549 -0.000562
-0.356443 -0.035912 -0.008802
-0.353647 -0.005621 -0.018172
-0.356443 0.024670 -0.027542
-0.364492 0.051307 -0.035782
-0.376824 0.071078 -0.041897
-0.391951 0.081598 -0.045152
-0.408049 0.081598 -0.045152
-0.423176 0.071078 -0.041897
-0.435508 0.051307 -0.035782
-0.443557 0.024670 -0.027542
-0.446353 -0.005621 -0.018172
-0.400000 -0.005910 -0.019107
-0.400000 -0.005910 -0.019107
-0.400000 -0.005910 -0.019107
-0.400000 -0.005910 -0.019107
-0.400000 -0.005910 -0.019107
-0.400000 -0.005910 -0.019107
-0.400000 -0.005910 -0.019107
-0.400000 -0.005910 -0.019107
-0.400000 -0.005910 -0.019107
-0.400000 -0.005910 -0.019107
-0.400000 -0.005910 -0.019107
-0.400000 -0.005910 -0.019107
-0.400000 -0.005910 -0.019107
-0.400000 -0.005910 -0.019107
-0.400000 -0.005910 -0.019107
-0.400000 -0.005910 -0.019107
-0.400000 -0.005910 -0.019107
-0.400000 -0.005910 -0.019107
-0.400000 -0.005910 -0.019107
-0.327081 -0.230332 0.019107
-0.327081 -0.230332 0.019107
-0.327081 -0.230332 0.019107
-0.327081 -0.230332 0.019107
-0.327081 -0.230332 0.019107
-0.327081 -0.230332 0.019107
-0.327081 -0.230332 0.019107
-0.327081 -0.230332 0.019107
-0.327081 -0.230332 0.019107
-0.327081 -0.230332 0.019107
-0.327081 -0.230332 0.019107
-0.327081 -0.230332 0.019107
-0.327081 -0.230332 0.019107
-0.327081 -0.230332 0.019107
-0.327081 -0.230332 0.019107
-0.327081 -0.230332 0.019107
-0.327081 -0.230332 0.019107
-0.327081 -0.230332 0.019107
-0.327081 -0.230332 0.019107
-0.364411 -0.257812 0.018172
-0.344345 -0.280675 0.027542
-0.322176 -0.297494 0.035782
-0.300578 -0.306240 0.041897
-0.282157 -0.305859 0.045152
-0.269133 -0.296397 0.045152
-0.263078 -0.278995 0.041897
-0.264723 -0.255751 0.035782
-0.273868 -0.229470 0.027542
-0.289411 -0.203321 0.018172
-0.309477 -0.180458 0.008802
-0.331646 -0.163639 0.000562
-0.353243 -0.154893 -0.005554
-0.371665 -0.155274 -0.008808
-0.384689 -0.164736 -0.008808
-0.390743 -0.182138 -0.005554
-0.389099 -0.205382 0.000562
-0.379954 -0.231663 0.008802
-0.364411 -0.257812 0.018172
-0.397747 -0.283069 0.015458
-0.359579 -0.326557 0.033281
-0.317411 -0.358548 0.048954
-0.276330 -0.375185 0.060587
-0.241290 -0.374461 0.066777
-0.216517 -0.356463 0.066777
-0.205000 -0.323362 0.060587
-0.208128 -0.279150 0.048954
-0.225524 -0.229160 0.033281
-0.255088 -0.179422 0.015458
-0.293256 -0.135934 -0.002365
-0.335424 -0.103943 -0.018038
-0.376505 -0.087306 -0.029672
-0.411545 -0.088030 -0.035861
-0.436317 -0.106028 -0.035861
-0.447834 -0.139130 -0.029672
-0.444706 -0.183341 -0.018038
-0.427311 -0.233331 -0.002365
-0.397747 -0.283069 0.015458
-0.423825 -0.303633 0.011231
-0.371291 -0.363488 0.035762
-0.313253 -0.407521 0.057334
-0.256709 -0.430420 0.073346
-0.208481 -0.429423 0.081865
-0.174384 -0.404650 0.081865
-0.158533 -0.359090 0.073346
-0.162838 -0.298238 0.057334
-0.186780 -0.229433 0.035762
-0.227473 -0.160974 0.011231
-0.280006 -0.101119 -0.013300
-0.338045 -0.057086 -0.034873
-0.394589 -0.034187 -0.050884
-0.442817 -0.035184 -0.059404
-0.476913 -0.059957 -0.059404
-0.492765 -0.105517 -0.050884
-0.488460 -0.166369 -0.034873
-0.464517 -0.235174 -0.013300
-0.423825 -0.303633 0.011231
-0.440093 -0.317489 0.005904
-0.378337 -0.387853 0.034742
-0.310108 -0.439617 0.060102
-0.243637 -0.466536 0.078925
-0.186941 -0.465364 0.088940
-0.146858 -0.436242 0.088940
-0.128224 -0.382683 0.078925
-0.133285 -0.311147 0.060102
-0.161431 -0.230262 0.034742
-0.209267 -0.149784 0.005904
-0.271024 -0.079420 -0.022934
-0.339253 -0.027656 -0.048294
-0.405724 -0.000737 -0.067116
-0.462420 -0.001909 -0.077132
-0.502502 -0.031031 -0.077132
-0.521137 -0.084590 -0.067116
-0.516076 -0.156126 -0.048294
-0.487930 -0.237011 -0.022934
-0.440093 -0.317489 0.005904
-0.444959 -0.323282 0.000000
-0.380024 -0.397267 0.030322
-0.308284 -0.451695 0.056987
-0.238393 -0.479999 0.076778
-0.178779 -0.478767 0.087309
-0.136634 -0.448146 0.087309
-0.117040 -0.391831 0.076778
-0.122361 -0.316614 0.056987
-0.151956 -0.231566 0.030322
-0.202254 -0.146946 0.000000
-0.267189 -0.072961 -0.030322
-0.338929 -0.018534 -0.056987
-0.408821 0.009771 -0.076778
-0.468435 0.008539 -0.087309
-0.510580 -0.022082 -0.087309
-0.530174 -0.078397 -0.076778
-0.524852 -0.153615 -0.056987
-0.495258 -0.238662 -0.030322
-0.444959 -0.323282 -0.000000
-0.437946 -0.320444 -0.005904
-0.376189 -0.390808 0.022934
-0.307961 -0.442572 0.048294
-0.241490 -0.469491 0.067116
-0.184794 -0.468319 0.077132
-0.144711 -0.439197 0.077132
-0.126077 -0.385639 0.067116
-0.131138 -0.314102 0.048294
-0.159284 -0.233217 0.022934
-0.207120 -0.152739 -0.005904
-0.268877 -0.082375 -0.034742
-0.337106 -0.030611 -0.060102
-0.403577 -0.003692 -0.078925
-0.460273 -0.004864 -0.088940
-0.500355 -0.033986 -0.088940
-0.518990 -0.087545 -0.078925
-0.513929 -0.159081 -0.060102
-0.485783 -0.239966 -0.034742
-0.437946 -0.320444 -0.005904
-0.419741 -0.309254 -0.011231
-0.367207 -0.369109 0.013300
-0.309169 -0.413142 0.034873
-0.252625 -0.436041 0.050884
-0.204397 -0.435044 0.059404
-0.170300 -0.410271 0.059404
-0.154449 -0.364711 0.050884
-0.158754 -0.303859 0.034873
-0.182696 -0.235054 0.013300
-0.223389 -0.166595 -0.011231
-0.275922 -0.106740 -0.035762
-0.333961 -0.062707 -0.057334
-0.390505 -0.039809 -0.073346
-0.438733 -0.040806 -0.081865
-0.472829 -0.065578 -0.081865
-0.488681 -0.111138 -0.073346
-0.484376 -0.171990 -0.057334
-0.460433 -0.240795 -0.035762
-0.419741 -0.309254 -0.011231
-0.392125 -0.290806 -0.015458
-0.353958 -0.334294 0.002365
-0.311790 -0.366285 0.018038
-0.270709 -0.382922 0.029672
-0.235669 -0.382198 0.035861
-0.210896 -0.364200 0.035861
-0.199379 -0.331099 0.029672
-0.202507 -0.286887 0.018038
-0.219902 -0.236897 0.002365
-0.249467 -0.187159 -0.015458
-0.287635 -0.143671 -0.033281
-0.329803 -0.111680 -0.048954
-0.370884 -0.095043 -0.060587
-0.405924 -0.095767 -0.066777
-0.430696 -0.113765 -0.066777
-0.442213 -0.146866 -0.060587
-0.439085 -0.191078 -0.048954
-0.421690 -0.241068 -0.033281
-0.392125 -0.290806 -0.015458
-0.357803 -0.266907 -0.018172
-0.337737 -0.289770 -0.008802
-0.315568 -0.306589 -0.000562
-0.293970 -0.315335 0.005554
-0.275549 -0.314955 0.008808
-0.262525 -0.305492 0.008808
-0.256470 -0.288090 0.005554
-0.258115 -0.264846 -0.000562
-0.267260 -0.238565 -0.008802
-0.282803 -0.212416 -0.018172
-0.302869 -0.189554 -0.027542
-0.325038 -0.172735 -0.035782
-0.346635 -0.163988 -0.041897
-0.365057 -0.164369 -0.045152
-0.378081 -0.173831 -0.045152
-0.384135 -0.191233 -0.041897
-0.382491 -0.214477 -0.035782
-0.373346 -0.240758 -0.027542
-0.357803 -0.266907 -0.018172
-0.320133 -0.239896 -0.019107
-0.320133 -0.239896 -0.019107
-0.320133 -0.239896 -0.019107
-0.320133 -0.239896 -0.019107
-0.320133 -0.239896 -0.019107
-0.320133 -0.239896 -0.019107
-0.320133 -0.239896 -0.019107
-0.320133 -0.239896 -0.019107
-0.320133 -0.239896 -0.019107
-0.320133 -0.239896 -0.019107
-0.320133 -0.239896 -0.019107
-0.320133 -0.239896 -0.019107
-0.320133 -0.239896 -0.019107
-0.320133 -0.239896 -0.019107
-0.320133 -0.239896 -0.019107
-0.320133 -0.239896 -0.019107
-0.320133 -0.239896 -0.019107
-0.320133 -0.239896 -0.019107
-0.320133 -0.239896 -0.019107
-0.129228 -0.378596 0.019107
-0.129228 -0.378596 0.019107
-0.129228 -0.378596 0.019107
-0.129228 -0.378596 0.019107
-0.129228 -0.378596 0.019107
-0.129228 -0.378596 0.019107
-0.129228 -0.378596 0.019107
-0.129228 -0.378596 0.019107
-0.129228 -0.378596 0.019107
-0.129228 -0.378596 0.019107
-0.129228 -0.378596 0.019107
-0.129228 -0.378596 0.019107
-0.129228 -0.378596 0.019107
-0.129228 -0.378596 0.019107
-0.129228 -0.378596 0.019107
-0.129228 -0.378596 0.019107
-0.129228 -0.378596 0.019107
-0.129228 -0.378596 0.019107
-0.129228 -0.378596 0.019107
-0.143277 -0.422769 0.018172
-0.113604 -0.429471 0.027542
-0.085783 -0.430048 0.035782
-0.063169 -0.424429 0.041897
-0.048490 -0.413293 0.045152
-0.043515 -0.397983 0.045152
-0.048846 -0.380345 0.041897
-0.063838 -0.362507 0.035782
-0.086685 -0.346621 0.027542
-0.114629 -0.334602 0.018172
-0.144301 -0.327900 0.008802
-0.172122 -0.327324 0.000562
-0.194736 -0.332942 -0.005554
-0.209416 -0.344078 -0.008808
-0.214390 -0.359388 -0.008808
-0.209060 -0.377026 -0.005554
-0.194067 -0.394864 0.000562
-0.171221 -0.410751 0.008802
-0.143277 -0.422769 0.018172
-0.155400 -0.462798 0.015458
-0.098960 -0.475545 0.033281
-0.046041 -0.476641 0.048954
-0.003027 -0.465954 0.060587
0.024895 -0.444772 0.066777
0.034357 -0.415650 0.066777
0.024218 -0.382101 0.060587
-0.004299 -0.348172 0.048954
-0.047755 -0.317954 0.033281
-0.100909 -0.295092 0.015458
-0.157349 -0.282345 -0.002365
-0.210267 -0.281249 -0.018038
-0.253282 -0.291936 -0.029672
-0.281204 -0.313118 -0.035861
-0.290666 -0.342240 -0.035861
-0.280527 -0.375789 -0.029672
-0.252010 -0.409718 -0.018038
-0.208553 -0.439936 -0.002365
-0.155400 -0.462798 0.015458
-0.164411 -0.494762 0.011231
-0.086728 -0.512308 0.035762
-0.013892 -0.513817 0.057334
0.045312 -0.499107 0.073346
0.083744 -0.469952 0.081865
0.096768 -0.429869 0.081865
0.082812 -0.383693 0.073346
0.043561 -0.336993 0.057334
-0.016251 -0.295402 0.035762
-0.089411 -0.263936 0.011231
-0.167094 -0.246390 -0.013300
-0.239930 -0.244882 -0.034873
-0.299134 -0.259592 -0.050884
-0.337566 -0.288746 -0.059404
-0.350589 -0.328829 -0.059404
-0.336634 -0.375005 -0.050884
-0.297383 -0.421705 -0.034873
-0.237570 -0.463296 -0.013300
-0.164411 -0.494762 0.011231
-0.169428 -0.515534 0.005904
-0.078106 -0.536161 0.034742
0.007518 -0.537934 0.060102
0.077117 -0.520642 0.078925
0.122296 -0.486368 0.088940
0.137606 -0.439249 0.088940
0.121200 -0.384965 0.078925
0.075058 -0.330066 0.060102
0.004744 -0.281173 0.034742
-0.081260 -0.244182 0.005904
-0.172581 -0.223556 -0.022934
-0.258205 -0.221782 -0.048294
-0.327804 -0.239075 -0.067116
-0.372983 -0.273348 -0.077132
-0.388294 -0.320468 -0.077132
-0.371888 -0.374751 -0.067116
-0.325746 -0.429650 -0.048294
-0.255432 -0.478544 -0.022934
-0.169428 -0.515534 0.005904
-0.169959 -0.523081 0.000000
-0.073938 -0.544769 0.030322
0.016092 -0.546634 0.056987
0.089273 -0.528451 0.076778
0.136777 -0.492414 0.087309
0.152875 -0.442869 0.087309
0.135625 -0.385793 0.076778
0.087108 -0.328068 0.056987
0.013176 -0.276658 0.030322
-0.077254 -0.237764 0.000000
-0.173275 -0.216077 -0.030322
-0.263306 -0.214212 -0.056987
-0.336486 -0.232394 -0.076778
-0.383990 -0.268431 -0.087309
-0.400089 -0.317976 -0.087309
-0.382839 -0.375053 -0.076778
-0.334322 -0.432777 -0.056987
-0.260390 -0.484187 -0.030322
-0.169959 -0.523081 -0.000000
-0.165954 -0.516663 -0.005904
-0.074632 -0.537289 0.022934
0.010992 -0.539063 0.048294
0.080591 -0.521770 0.067116
0.125770 -0.487497 0.077132
0.141080 -0.440377 0.077132
0.124675 -0.386094 0.067116
0.078532 -0.331195 0.048294
0.008218 -0.282301 0.022934
-0.077786 -0.245311 -0.005904
-0.169107 -0.224685 -0.034742
-0.254731 -0.222911 -0.060102
-0.324330 -0.240204 -0.078925
-0.369509 -0.274477 -0.088940
-0.384820 -0.321597 -0.088940
-0.368414 -0.375880 -0.078925
-0.322272 -0.430779 -0.060102
-0.251958 -0.479673 -0.034742
-0.165954 -0.516663 -0.005904
-0.157803 -0.496909 -0.011231
-0.080120 -0.514455 0.013300
-0.007284 -0.515964 0.034873
0.051920 -0.501254 0.050884
0.090352 -0.472099 0.059404
0.103376 -0.432017 0.059404
0.089420 -0.385841 0.050884
0.050169 -0.339140 0.034873
-0.009643 -0.297549 0.013300
-0.082803 -0.266083 -0.011231
-0.160485 -0.248537 -0.035762
-0.233322 -0.247029 -0.057334
-0.292526 -0.261739 -0.073346
-0.330958 -0.290893 -0.081865
-0.343981 -0.330976 -0.081865
-0.330026 -0.377152 -0.073346
-0.290775 -0.423852 -0.057334
-0.230962 -0.465443 -0.035762
-0.157803 -0.496909 -0.011231
-0.146305 -0.465753 -0.015458
-0.089865 -0.478500 0.002365
-0.036946 -0.479597 0.018038
0.006068 -0.468909 0.029672
0.033990 -0.447727 0.035861
0.043453 -0.418605 0.035861
0.033314 -0.385057 0.029672
0.004796 -0.351127 0.018038
-0.038660 -0.320909 0.002365
-0.091814 -0.298048 -0.015458
-0.148254 -0.285300 -0.033281
-0.201172 -0.284204 -0.048954
-0.244187 -0.294891 -0.060587
-0.272109 -0.316073 -0.066777
-0.281571 -0.345195 -0.066777
-0.271432 -0.378744 -0.060587
-0.242914 -0.412673 -0.048954
-0.199458 -0.442891 -0.033281
-0.146305 -0.465753 -0.015458
-0.132585 -0.426244 -0.018172
-0.102912 -0.432945 -0.008802
-0.075091 -0.433522 -0.000562
-0.052477 -0.427903 0.005554
-0.037798 -0.416767 0.008808
-0.032823 -0.401457 0.008808
-0.038154 -0.383819 0.005554
-0.053146 -0.365981 -0.000562
-0.075993 -0.350095 -0.008802
-0.103937 -0.338076 -0.018172
-0.133609 -0.331374 -0.027542
-0.161430 -0.330798 -0.035782
-0.184044 -0.336416 -0.041897
-0.198724 -0.347552 -0.045152
-0.203698 -0.362863 -0.045152
-0.198368 -0.380500 -0.041897
-0.183375 -0.398338 -0.035782
-0.160529 -0.414225 -0.027542
-0.132585 -0.426244 -0.018172
-0.117986 -0.382249 -0.019107
-0.117986 -0.382249 -0.019107
-0.117986 -0.382249 -0.019107
-0.117986 -0.382249 -0.019107
-0.117986 -0.382249 -0.019107
-0.117986 -0.382249 -0.019107
-0.117986 -0.382249 -0.019107
-0.117986 -0.382249 -0.019107
-0.117986 -0.382249 -0.019107
-0.117986 -0.382249 -0.019107
-0.117986 -0.382249 -0.019107
-0.117986 -0.382249 -0.019107
-0.117986 -0.382249 -0.019107
-0.117986 -0.382249 -0.019107
-0.117986 -0.382249 -0.019107
-0.117986 -0.382249 -0.019107
-0.117986 -0.382249 -0.019107
-0.117986 -0.382249 -0.019107
-0.117986 -0.382249 -0.019107
0.117986 -0.382249 0.019107
0.117986 -0.382249 0.019107
0.117986 -0.382249 0.019107
0.117986 -0.382249 0.019107
0.117986 -0.382249 0.019107
0.117986 -0.382249 0.019107
0.117986 -0.382249 0.019107
0.117986 -0.382249 0.019107
0.117986 -0.382249 0.019107
0.117986 -0.382249 0.019107
0.117986 -0.382249 0.019107
0.117986 -0.382249 0.019107
0.117986 -0.382249 0.019107
0.117986 -0.382249 0.019107
0.117986 -0.382249 0.019107
0.117986 -0.382249 0.019107
0.117986 -0.382249 0.019107
0.117986 -0.382249 0.019107
0.117986 -0.382249 0.019107
0.132585 -0.426244 0.018172
0.160529 -0.414225 0.027542
0.183375 -0.398338 0.035782
0.198368 -0.380500 0.041897
0.203698 -0.362863 0.045152
0.198724 -0.347552 0.045152
0.184044 -0.336416 0.041897
0.161430 -0.330798 0.035782
0.133609 -0.331374 0.027542
0.103937 -0.338076 0.018172
0.075993 -0.350095 0.008802
0.053146 -0.365981 0.000562
0.038154 -0.383819 -0.005554
0.032823 -0.401457 -0.008808
0.037798 -0.416767 -0.008808
0.052477 -0.427903 -0.005554
0.075091 -0.433522 0.000562
0.102912 -0.432945 0.008802
0.132585 -0.426244 0.018172
0.146305 -0.465753 0.015458
0.199458 -0.442891 0.033281
0.242914 -0.412673 0.048954
0.271432 -0.378744 0.060587
0.281571 -0.345195 0.066777
0.272109 -0.316073 0.066777
0.244187 -0.294891 0.060587
0.201172 -0.284204 0.048954
0.148254 -0.285300 0.033281
0.091814 -0.298048 0.015458
0.038660 -0.320909 -0.002365
-0.004796 -0.351127 -0.018038
-0.033314 -0.385057 -0.029672
-0.043453 -0.418605 -0.035861
-0.033990 -0.447727 -0.035861
-0.006068 -0.468909 -0.029672
0.036946 -0.479597 -0.018038
0.089865 -0.478500 -0.002365
0.146305 -0.465753 0.015458
0.157803 -0.496909 0.011231
0.230962 -0.465443 0.035762
0.290775 -0.423852 0.057334
0.330026 -0.377152 0.073346
0.343981 -0.330976 0.081865
0.330958 -0.290893 0.081865
0.292526 -0.261739 0.073346
0.233322 -0.247029 0.057334
0.160485 -0.248537 0.035762
0.082803 -0.266083 0.011231
0.009643 -0.297549 -0.013300
-0.050169 -0.339140 -0.034873
-0.089420 -0.385841 -0.050884
-0.103376 -0.432017 -0.059404
-0.090352 -0.472099 -0.059404
-0.051920 -0.501254 -0.050884
0.007284 -0.515964 -0.034873
0.080120 -0.514455 -0.013300
0.157803 -0.496909 0.011231
0.165954 -0.516663 0.005904
0.251958 -0.479673 0.034742
0.322272 -0.430779 0.060102
0.368414 -0.375880 0.078925
0.384820 -0.321597 0.088940
0.369509 -0.274477 0.088940
0.324330 -0.240204 0.078925
0.254731 -0.222911 0.060102
0.169107 -0.224685 0.034742
0.077786 -0.245311 0.005904
-0.008218 -0.282301 -0.022934
-0.078532 -0.331195 -0.048294
-0.124675 -0.386094 -0.067116
-0.141080 -0.440377 -0.077132
-0.125770 -0.487497 -0.077132
-0.080591 -0.521770 -0.067116
-0.010992 -0.539063 -0.048294
0.074632 -0.537289 -0.022934
0.165954 -0.516663 0.005904
0.169959 -0.523081 0.000000
0.260390 -0.484187 0.030322
0.334322 -0.432777 0.056987
0.382839 -0.375053 0.076778
0.400089 -0.317976 0.087309
0.383990 -0.268431 0.087309
0.336486 -0.232394 0.076778
0.263306 -0.214212 0.056987
0.173275 -0.216077 0.030322
0.077254 -0.237764 0.000000
-0.013176 -0.276658 -0.030322
-0.087108 -0.328068 -0.056987
-0.135625 -0.385793 -0.076778
-0.152875 -0.442869 -0.087309
-0.136777 -0.492414 -0.087309
-0.089273 -0.528451 -0.076778
-0.016092 -0.546634 -0.056987
0.073938 -0.544769 -0.030322
0.169959 -0.523081 -0.000000
0.169428 -0.515534 -0.005904
0.255432 -0.478544 0.022934
0.325746 -0.429650 0.048294
0.371888 -0.374751 0.067116
0.388294 -0.320468 0.077132
0.372983 -0.273348 0.077132
0.327804 -0.239075 0.067116
0.258205 -0.221782 0.048294
0.172581 -0.223556 0.022934
0.081260 -0.244182 -0.005904
-0.004744 -0.281173 -0.034742
-0.075058 -0.330066 -0.060102
-0.121200 -0.384965 -0.078925
-0.137606 -0.439249 -0.088940
-0.122296 -0.486368 -0.088940
-0.077117 -0.520642 -0.078925
-0.007518 -0.537934 -0.060102
0.078106 -0.536161 -0.034742
0.169428 -0.515534 -0.005904
0.164411 -0.494762 -0.011231
0.237570 -0.463296 0.013300
0.297383 -0.421705 0.034873
0.336634 -0.375005 0.050884
0.350589 -0.328829 0.059404
0.337566 -0.288746 0.059404
0.299134 -0.259592 0.050884
0.239930 -0.244882 0.034873
0.167094 -0.246390 0.013300
0.089411 -0.263936 -0.011231
0.016251 -0.295402 -0.035762
-0.043561 -0.336993 -0.057334
-0.082812 -0.383693 -0.073346
-0.096768 -0.429869 -0.081865
-0.083744 -0.469952 -0.081865
-0.045312 -0.499107 -0.073346
0.013892 -0.513817 -0.057334
0.086728 -0.512308 -0.035762
0.164411 -0.494762 -0.011231
0.155400 -0.462798 -0.015458
0.208553 -0.439936 0.002365
0.252010 -0.409718 0.018038
0.280527 -0.375789 0.029672
0.290666 -0.342240 0.035861
0.281204 -0.313118 0.035861
0.253282 -0.291936 0.029672
0.210267 -0.281249 0.018038
0.157349 -0.282345 0.002365
0.100909 -0.295092 -0.015458
0.047755 -0.317954 -0.033281
0.004299 -0.348172 -0.048954
-0.024218 -0.382101 -0.060587
-0.034357 -0.415650 -0.066777
-0.024895 -0.444772 -0.066777
0.003027 -0.465954 -0.060587
0.046041 -0.476641 -0.048954
0.098960 -0.475545 -0.033281
0.155400 -0.462798 -0.015458
0.143277 -0.422769 -0.018172
0.171221 -0.410751 -0.008802
0.194067 -0.394864 -0.000562
0.209060 -0.377026 0.005554
0.214390 -0.359388 0.008808
0.209416 -0.344078 0.008808
0.194736 -0.332942 0.005554
0.172122 -0.327324 -0.000562
0.144301 -0.327900 -0.008802
0.114629 -0.334602 -0.018172
0.086685 -0.346621 -0.027542
0.063838 -0.362507 -0.035782
0.048846 -0.380345 -0.041897
0.043515 -0.397983 -0.045152
0.048490 -0.413293 -0.045152
0.063169 -0.424429 -0.041897
0.085783 -0.430048 -0.035782
0.113604 -0.429471 -0.027542
0.143277 -0.422769 -0.018172
0.129228 -0.378596 -0.019107
0.129228 -0.378596 -0.019107
0.129228 -0.378596 -0.019107
0.129228 -0.378596 -0.019107
0.129228 -0.378596 -0.019107
0.129228 -0.378596 -0.019107
0.129228 -0.378596 -0.019107
0.129228 -0.378596 -0.019107
0.129228 -0.378596 -0.019107
0.129228 -0.378596 -0.019107
0.129228 -0.378596 -0.019107
0.129228 -0.378596 -0.019107
0.129228 -0.378596 -0.019107
0.129228 -0.378596 -0.019107
0.129228 -0.378596 -0.019107
0.129228 -0.378596 -0.019107
0.129228 -0.378596 -0.019107
0.129228 -0.378596 -0.019107
0.129228 -0.378596 -0.019107
0.320133 -0.239896 0.019107
0.320133 -0.239896 0.019107
0.320133 -0.239896 0.019107
0.320133 -0.239896 0.019107
0.320133 -0.239896 0.019107
0.320133 -0.239896 0.019107
0.320133 -0.239896 0.019107
0.320133 -0.239896 0.019107
0.320133 -0.239896 0.019107
0.320133 -0.239896 0.019107
0.320133 -0.239896 0.019107
0.320133 -0.239896 0.019107
0.320133 -0.239896 0.019107
0.320133 -0.239896 0.019107
0.320133 -0.239896 0.019107
0.320133 -0.239896 0.019107
0.320133 -0.239896 0.019107
0.320133 -0.239896 0.019107
0.320133 -0.239896 0.019107
0.357803 -0.266907 0.018172
0.373346 -0.240758 0.027542
0.382491 -0.214477 0.035782
0.384135 -0.191233 0.041897
0.378081 -0.173831 0.045152
0.365057 -0.164369 0.045152
0.346635 -0.163988 0.041897
0.325038 -0.172735 0.035782
0.302869 -0.189554 0.027542
0.282803 -0.212416 0.018172
0.267260 -0.238565 0.008802
0.258115 -0.264846 0.000562
0.256470 -0.288090 -0.005554
0.262525 -0.305492 -0.008808
0.275549 -0.314955 -0.008808
0.293970 -0.315335 -0.005554
0.315568 -0.306589 0.000562
0.337737 -0.289770 0.008802
0.357803 -0.266907 0.018172
0.392125 -0.290806 0.015458
0.421690 -0.241068 0.033281
0.439085 -0.191078 0.048954
0.442213 -0.146866 0.060587
0.430696 -0.113765 0.066777
0.405924 -0.095767 0.066777
0.370884 -0.095043 0.060587
0.329803 -0.111680 0.048954
0.287635 -0.143671 0.033281
0.249467 -0.187159 0.015458
0.219902 -0.236897 -0.002365
0.202507 -0.286887 -0.018038
0.199379 -0.331099 -0.029672
0.210896 -0.364200 -0.035861
0.235669 -0.382198 -0.035861
0.270709 -0.382922 -0.029672
0.311790 -0.366285 -0.018038
0.353958 -0.334294 -0.002365
0.392125 -0.290806 0.015458
0.419741 -0.309254 0.011231
0.460433 -0.240795 0.035762
0.484376 -0.171990 0.057334
0.488681 -0.111138 0.073346
0.472829 -0.065578 0.081865
0.438733 -0.040806 0.081865
0.390505 -0.039809 0.073346
0.333961 -0.062707 0.057334
0.275922 -0.106740 0.035762
0.223389 -0.166595 0.011231
0.182696 -0.235054 -0.013300
0.158754 -0.303859 -0.034873
0.154449 -0.364711 -0.050884
0.170300 -0.410271 -0.059404
0.204397 -0.435044 -0.059404
0.252625 -0.436041 -0.050884
0.309169 -0.413142 -0.034873
0.367207 -0.369109 -0.013300
0.419741 -0.309254 0.011231
0.437946 -0.320444 0.005904
0.485783 -0.239966 0.034742
0.513929 -0.159081 0.060102
0.518990 -0.087545 0.078925
0.500355 -0.033986 0.088940
0.460273 -0.004864 0.088940
0.403577 -0.003692 0.078925
0.337106 -0.030611 0.060102
0.268877 -0.082375 0.034742
0.207120 -0.152739 0.005904
0.159284 -0.233217 -0.022934
0.131138 -0.314102 -0.048294
0.126077 -0.385639 -0.067116
0.144711 -0.439197 -0.077132
0.184794 -0.468319 -0.077132
0.241490 -0.469491 -0.067116
0.307961 -0.442572 -0.048294
0.376189 -0.390808 -0.022934
0.437946 -0.320444 0.005904
0.444959 -0.323282 0.000000
0.495258 -0.238662 0.030322
0.524852 -0.153615 0.056987
0.530174 -0.078397 0.076778
0.510580 -0.022082 0.087309
0.468435 0.008539 0.087309
0.408821 0.009771 0.076778
0.338929 -0.018534 0.056987
0.267189 -0.072961 0.030322
0.202254 -0.146946 0.000000
0.151956 -0.231566 -0.030322
0.122361 -0.316614 -0.056987
0.117040 -0.391831 -0.076778
0.136634 -0.448146 -0.087309
0.178779 -0.478767 -0.087309
0.238393 -0.479999 -0.076778
0.308284 -0.451695 -0.056987
0.380024 -0.397267 -0.030322
0.444959 -0.323282 -0.000000
0.440093 -0.317489 -0.005904
0.487930 -0.237011 0.022934
0.516076 -0.156126 0.048294
0.521137 -0.084590 0.067116
0.502502 -0.031031 0.077132
0.462420 -0.001909 0.077132
0.405724 -0.000737 0.067116
0.339253 -0.027656 0.048294
0.271024 -0.079420 0.022934
0.209267 -0.149784 -0.005904
0.161431 -0.230262 -0.034742
0.133285 -0.311147 -0.060102
0.128224 -0.382683 -0.078925
0.146858 -0.436242 -0.088940
0.186941 -0.465364 -0.088940
0.243637 -0.466536 -0.078925
0.310108 -0.439617 -0.060102
0.378337 -0.387853 -0.034742
0.440093 -0.317489 -0.005904
0.423825 -0.303633 -0.011231
0.464517 -0.235174 0.013300
0.488460 -0.166369 0.034873
0.492765 -0.105517 0.050884
0.476913 -0.059957 0.059404
0.442817 -0.035184 0.059404
0.394589 -0.034187 0.050884
0.338045 -0.057086 0.034873
0.280006 -0.101119 0.013300
0.227473 -0.160974 -0.011231
0.186780 -0.229433 -0.035762
0.162838 -0.298238 -0.057334
0.158533 -0.359090 -0.073346
0.174384 -0.404650 -0.081865
0.208481 -0.429423 -0.081865
0.256709 -0.430420 -0.073346
0.313253 -0.407521 -0.057334
0.371291 -0.363488 -0.035762
0.423825 -0.303633 -0.011231
0.397747 -0.283069 -0.015458
0.427311 -0.233331 0.002365
0.444706 -0.183341 0.018038
0.447834 -0.139130 0.029672
0.436317 -0.106028 0.035861
0.411545 -0.088030 0.035861
0.376505 -0.087306 0.029672
0.335424 -0.103943 0.018038
0.293256 -0.135934 0.002365
0.255088 -0.179422 -0.015458
0.225524 -0.229160 -0.033281
0.208128 -0.279150 -0.048954
0.205000 -0.323362 -0.060587
0.216517 -0.356463 -0.066777
0.241290 -0.374461 -0.066777
0.276330 -0.375185 -0.060587
0.317411 -0.358548 -0.048954
0.359579 -0.326557 -0.033281
0.397747 -0.283069 -0.015458
0.364411 -0.257812 -0.018172
0.379954 -0.231663 -0.008802
0.389099 -0.205382 -0.000562
0.390743 -0.182138 0.005554
0.384689 -0.164736 0.008808
0.371665 -0.155274 0.008808
0.353243 -0.154893 0.005554
0.331646 -0.163639 -0.000562
0.309477 -0.180458 -0.008802
0.289411 -0.203321 -0.018172
0.273868 -0.229470 -0.027542
0.264723 -0.255751 -0.035782
0.263078 -0.278995 -0.041897
0.269133 -0.296397 -0.045152
0.282157 -0.305859 -0.045152
0.300578 -0.306240 -0.041897
0.322176 -0.297494 -0.035782
0.344345 -0.280675 -0.027542
0.364411 -0.257812 -0.018172
0.327081 -0.230332 -0.019107
0.327081 -0.230332 -0.019107
0.327081 -0.230332 -0.019107
0.327081 -0.230332 -0.019107
0.327081 -0.230332 -0.019107
0.327081 -0.230332 -0.019107
0.327081 -0.230332 -0.019107
0.327081 -0.230332 -0.019107
0.327081 -0.230332 -0.019107
0.327081 -0.230332 -0.019107
0.327081 -0.230332 -0.019107
0.327081 -0.230332 -0.019107
0.327081 -0.230332 -0.019107
0.327081 -0.230332 -0.019107
0.327081 -0.230332 -0.019107
0.327081 -0.230332 -0.019107
0.327081 -0.230332 -0.019107
0.327081 -0.230332 -0.019107
0.327081 -0.230332 -0.019107
0.491208 0.093542 0.069107
0.491208 0.093542 0.069107
0.491208 0.093542 0.069107
0.491208 0.093542 0.069107
0.491208 0.093542 0.069107
0.491208 0.093542 0.069107
0.491208 0.093542 0.069107
0.491208 0.093542 0.069107
0.491208 0.093542 0.069107
0.491208 0.093542 0.069107
0.491208 0.093542 0.069107
0.491208 0.093542 0.069107
0.491208 0.093542 0.069107
0.491208 0.093542 0.069107
0.491208 0.093542 0.069107
0.491208 0.093542 0.069107
0.491208 0.093542 0.069107
0.491208 0.093542 0.069107
0.491208 0.093542 0.069107
0.542636 0.104262 0.068172
0.532510 0.138268 0.079103
0.517396 0.166913 0.088717
0.499115 0.186743 0.095852
0.479875 0.195365 0.099648
0.461994 0.191741 0.099648
0.447630 0.176306 0.095852
0.438515 0.150923 0.088717
0.435748 0.118653 0.079103
0.439664 0.083389 0.068172
0.449790 0.049383 0.057240
0.464905 0.020738 0.047627
0.483185 0.000909 0.040491
0.502425 -0.007714 0.036695
0.520306 -0.004089 0.036695
0.534670 0.011345 0.040491
0.543785 0.036728 0.047627
0.546552 0.068998 0.057240
0.542636 0.104262 0.068172
0.588915 0.114500 0.065458
0.569654 0.179182 0.086251
0.540905 0.233669 0.104536
0.506134 0.271387 0.118108
0.469536 0.287788 0.125330
0.435525 0.280894 0.125330
0.408203 0.251535 0.118108
0.390865 0.203254 0.104536
0.385603 0.141873 0.086251
0.393052 0.074797 0.065458
0.412312 0.010114 0.044664
0.441061 -0.044372 0.026379
0.475832 -0.082090 0.012807
0.512430 -0.098491 0.005585
0.546441 -0.091597 0.005585
0.573764 -0.062239 0.012807
0.591101 -0.013957 0.026379
0.596363 0.047423 0.044664
0.588915 0.114500 0.065458
0.625515 0.123253 0.061231
0.599005 0.212281 0.089850
0.559435 0.287275 0.115018
0.511577 0.339190 0.133698
0.461204 0.361764 0.143638
0.414392 0.352274 0.143638
0.376786 0.311866 0.133698
0.352923 0.245413 0.115018
0.345680 0.160929 0.089850
0.355932 0.068606 0.061231
0.382442 -0.020421 0.032611
0.422012 -0.095415 0.007443
0.469870 -0.147330 -0.011237
0.520243 -0.169904 -0.021176
0.567055 -0.160415 -0.021176
0.604661 -0.120006 -0.011237
0.628524 -0.053553 0.007443
0.635767 0.030930 0.032611
0.625515 0.123253 0.061231
0.648853 0.129665 0.055904
0.617689 0.234324 0.089549
0.571171 0.322484 0.119135
0.514911 0.383514 0.141095
0.455694 0.410051 0.152780
0.400663 0.398896 0.152780
0.356455 0.351393 0.141095
0.328402 0.273272 0.119135
0.319888 0.173956 0.089549
0.331939 0.065424 0.055904
0.363103 -0.039234 0.022260
0.409621 -0.127395 -0.007327
0.465881 -0.188424 -0.029286
0.525098 -0.214962 -0.040971
0.580129 -0.203807 -0.040971
0.624338 -0.156304 -0.029286
0.652391 -0.078183 -0.007327
0.660905 0.021133 0.022260
0.648853 0.129665 0.055904
0.656645 0.133108 0.050000
0.623877 0.243153 0.085376
0.574965 0.335850 0.116485
0.515810 0.400020 0.139575
0.453546 0.427924 0.151861
0.395682 0.416194 0.151861
0.349199 0.366247 0.139575
0.319702 0.284106 0.116485
0.310750 0.179679 0.085376
0.323422 0.065561 0.050000
0.356190 -0.044483 0.014624
0.405101 -0.137181 -0.016485
0.464257 -0.201351 -0.039575
0.526521 -0.229254 -0.051861
0.584384 -0.217525 -0.051861
0.630868 -0.167577 -0.039575
0.660364 -0.085436 -0.016485
0.669317 0.018991 0.014624
0.656645 0.133108 0.050000
0.648127 0.133245 0.044096
0.616963 0.237904 0.077740
0.570446 0.326064 0.107327
0.514186 0.387094 0.129286
0.454969 0.413631 0.140971
0.399937 0.402476 0.140971
0.355729 0.354973 0.129286
0.327676 0.276852 0.107327
0.319162 0.177536 0.077740
0.331214 0.069004 0.044096
0.362378 -0.035654 0.010451
0.408895 -0.123815 -0.019135
0.465155 -0.184844 -0.041095
0.524372 -0.211382 -0.052780
0.579404 -0.200227 -0.052780
0.623612 -0.152724 -0.041095
0.651665 -0.074603 -0.019135
0.660179 0.024713 0.010451
0.648127 0.133245 0.044096
0.624134 0.130063 0.038769
0.597625 0.219091 0.067389
0.558055 0.294084 0.092557
0.510197 0.345999 0.111237
0.459824 0.368573 0.121176
0.413011 0.359084 0.121176
0.375406 0.318676 0.111237
0.351542 0.252222 0.092557
0.344300 0.167739 0.067389
0.354552 0.075416 0.038769
0.381061 -0.013612 0.010150
0.420632 -0.088606 -0.015018
0.468489 -0.140520 -0.033698
0.518862 -0.163095 -0.043638
0.565675 -0.153605 -0.043638
0.603281 -0.113197 -0.033698
0.627144 -0.046743 -0.015018
0.634386 0.037740 0.010150
0.624134 0.130063 0.038769
0.587015 0.123873 0.034542
0.567755 0.188555 0.055336
0.539005 0.243041 0.073621
0.504235 0.280760 0.087193
0.467636 0.297161 0.094415
0.433625 0.290266 0.094415
0.406303 0.260908 0.087193
0.388965 0.212627 0.073621
0.383703 0.151246 0.055336
0.391152 0.084169 0.034542
0.410412 0.019487 0.013749
0.439161 -0.034999 -0.004536
0.473932 -0.072718 -0.018108
0.510530 -0.089119 -0.025330
0.544542 -0.082224 -0.025330
0.571864 -0.052866 -0.018108
0.589201 -0.004585 -0.004536
0.594463 0.056796 0.013749
0.587015 0.123873 0.034542
0.540402 0.115280 0.031828
0.530276 0.149286 0.042760
0.515162 0.177931 0.052373
0.496882 0.197761 0.059509
0.477641 0.206383 0.063305
0.459760 0.202759 0.063305
0.445396 0.187324 0.059509
0.436281 0.161941 0.052373
0.433515 0.129671 0.042760
0.437431 0.094407 0.031828
0.447557 0.060402 0.020897
0.462671 0.031756 0.011283
0.480951 0.011927 0.004148
0.500192 0.003304 0.000352
0.518073 0.006929 0.000352
0.532437 0.022363 0.004148
0.541552 0.047746 0.011283
0.544318 0.080016 0.020897
0.540402 0.115280 0.031828
0.488859 0.105127 0.030893
0.488859 0.105127 0.030893
0.488859 0.105127 0.030893
0.488859 0.105127 0.030893
0.488859 0.105127 0.030893
0.488859 0.105127 0.030893
0.488859 0.105127 0.030893
0.488859 0.105127 0.030893
0.488859 0.105127 0.030893
0.488859 0.105127 0.030893
0.488859 0.105127 0.030893
0.488859 0.105127 0.030893
0.488859 0.105127 0.030893
0.488859 0.105127 0.030893
0.488859 0.105127 0.030893
0.488859 0.105127 0.030893
0.488859 0.105127 0.030893
0.488859 0.105127 0.030893
0.488859 0.105127 0.030893
0.342413 0.364402 0.069107
0.342413 0.364402 0.069107
0.342413 0.364402 0.069107
0.342413 0.364402 0.069107
0.342413 0.364402 0.069107
0.342413 0.364402 0.069107
0.342413 0.364402 0.069107
0.342413 0.364402 0.069107
0.342413 0.364402 0.069107
0.342413 0.364402 0.069107
0.342413 0.364402 0.069107
0.342413 0.364402 0.069107
0.342413 0.364402 0.069107
0.342413 0.364402 0.069107
0.342413 0.364402 0.069107
0.342413 0.364402 0.069107
0.342413 0.364402 0.069107
0.342413 0.364402 0.069107
0.342413 0.364402 0.069107
0.377718 0.403303 0.068172
0.349538 0.424862 0.079103
0.320473 0.439153 0.088717
0.294028 0.444451 0.095852
0.273394 0.440117 0.099648
0.261059 0.426675 0.099648
0.258510 0.405745 0.095852
0.266056 0.379852 0.088717
0.282785 0.352119 0.079103
0.306681 0.325891 0.068172
0.334861 0.304332 0.057240
0.363926 0.290042 0.047627
0.390370 0.284744 0.040491
0.411005 0.289077 0.036695
0.423340 0.302520 0.036695
0.425889 0.323450 0.040491
0.418343 0.349343 0.047627
0.401614 0.377076 0.057240
0.377718 0.403303 0.068172
0.409141 0.438788 0.065458
0.355539 0.479796 0.086251
0.300254 0.506978 0.104536
0.249954 0.517055 0.118108
0.210705 0.508812 0.125330
0.187242 0.483243 0.125330
0.182394 0.443432 0.118108
0.196747 0.394181 0.104536
0.228568 0.341430 0.086251
0.274021 0.291542 0.065458
0.327622 0.250534 0.044664
0.382907 0.223352 0.026379
0.433208 0.213275 0.012807
0.472456 0.221518 0.005585
0.495920 0.247087 0.005585
0.500767 0.286898 0.012807
0.486415 0.336149 0.026379
0.454593 0.388900 0.044664
0.409141 0.438788 0.065458
0.433606 0.467383 0.061231
0.359830 0.523825 0.089850
0.283737 0.561238 0.115018
0.214504 0.575108 0.133698
0.160483 0.563762 0.143638
0.128188 0.528569 0.143638
0.121516 0.473774 0.133698
0.141270 0.405986 0.115018
0.185069 0.333380 0.089850
0.247629 0.264715 0.061231
0.321405 0.208273 0.032611
0.397498 0.170860 0.007443
0.466731 0.156990 -0.011237
0.520752 0.168336 -0.021176
0.553047 0.203528 -0.021176
0.559719 0.258324 -0.011237
0.539964 0.326112 0.007443
0.496166 0.398717 0.032611
0.433606 0.467383 0.061231
0.448718 0.486288 0.055904
0.361989 0.552640 0.089549
0.272536 0.596621 0.119135
0.191148 0.612926 0.141095
0.127642 0.599589 0.152780
0.089678 0.558217 0.152780
0.081834 0.493802 0.141095
0.105057 0.414112 0.119135
0.156546 0.328759 0.089549
0.230089 0.248038 0.055904
0.316818 0.181686 0.022260
0.406271 0.137704 -0.007327
0.487659 0.121399 -0.029286
0.551165 0.134737 -0.040971
0.589129 0.176109 -0.040971
0.596973 0.240524 -0.029286
0.573750 0.320214 -0.007327
0.522261 0.405567 0.022260
0.448718 0.486288 0.055904
0.452997 0.493653 0.050000
0.361805 0.563420 0.085376
0.267749 0.609665 0.116485
0.182173 0.626809 0.139575
0.115399 0.612785 0.151861
0.075481 0.569284 0.151861
0.067233 0.501554 0.139575
0.091651 0.417763 0.116485
0.145790 0.328017 0.085376
0.223118 0.243143 0.050000
0.314310 0.173375 0.014624
0.408367 0.127131 -0.016485
0.493943 0.109987 -0.039575
0.560717 0.124011 -0.051861
0.600635 0.167511 -0.051861
0.608882 0.235242 -0.039575
0.584464 0.319033 -0.016485
0.530326 0.408778 0.014624
0.452997 0.493653 0.050000
0.446026 0.488757 0.044096
0.359297 0.555110 0.077740
0.269845 0.599091 0.107327
0.188457 0.615396 0.129286
0.124951 0.602059 0.140971
0.086987 0.560687 0.140971
0.079143 0.496271 0.129286
0.102366 0.416581 0.107327
0.153854 0.331229 0.077740
0.227398 0.250508 0.044096
0.314127 0.184155 0.010451
0.403580 0.140174 -0.019135
0.484967 0.123869 -0.041095
0.548473 0.137207 -0.052780
0.586438 0.178578 -0.052780
0.594281 0.242994 -0.041095
0.571059 0.322684 -0.019135
0.519570 0.408037 0.010451
0.446026 0.488757 0.044096
0.428486 0.472080 0.038769
0.354710 0.528523 0.067389
0.278617 0.565936 0.092557
0.209385 0.579806 0.111237
0.155363 0.568460 0.121176
0.123069 0.533267 0.121176
0.116397 0.478472 0.111237
0.136151 0.410684 0.092557
0.179950 0.338078 0.067389
0.242510 0.269413 0.038769
0.316286 0.212970 0.010150
0.392379 0.175558 -0.015018
0.461612 0.161688 -0.033698
0.515633 0.173033 -0.043638
0.547927 0.208226 -0.043638
0.554600 0.263021 -0.033698
0.534845 0.330810 -0.015018
0.491046 0.403415 0.010150
0.428486 0.472080 0.038769
0.402095 0.445254 0.034542
0.348493 0.486262 0.055336
0.293208 0.513444 0.073621
0.242908 0.523521 0.087193
0.203659 0.515278 0.094415
0.180196 0.489709 0.094415
0.175348 0.449898 0.087193
0.189701 0.400647 0.073621
0.221522 0.347896 0.055336
0.266975 0.298008 0.034542
0.320576 0.256999 0.013749
0.375861 0.229818 -0.004536
0.426162 0.219740 -0.018108
0.465410 0.227984 -0.025330
0.488874 0.253553 -0.025330
0.493721 0.293364 -0.018108
0.479369 0.342615 -0.004536
0.447547 0.395366 0.013749
0.402095 0.445254 0.034542
0.369434 0.410904 0.031828
0.341255 0.432464 0.042760
0.312190 0.446754 0.052373
0.285745 0.452052 0.059509
0.265111 0.447718 0.063305
0.252775 0.434276 0.063305
0.250227 0.413346 0.059509
0.257772 0.387453 0.052373
0.274502 0.359720 0.042760
0.298398 0.333492 0.031828
0.326578 0.311933 0.020897
0.355643 0.297643 0.011283
0.382087 0.292345 0.004148
0.402722 0.296679 0.000352
0.415057 0.310121 0.000352
0.417606 0.331051 0.004148
0.410060 0.356944 0.011283
0.393330 0.384677 0.020897
0.369434 0.410904 0.031828
0.333703 0.372394 0.030893
0.333703 0.372394 0.030893
0.333703 0.372394 0.030893
0.333703 0.372394 0.030893
0.333703 0.372394 0.030893
0.333703 0.372394 0.030893
0.333703 0.372394 0.030893
0.333703 0.372394 0.030893
0.333703 0.372394 0.030893
0.333703 0.372394 0.030893
0.333703 0.372394 0.030893
0.333703 0.372394 0.030893
0.333703 0.372394 0.030893
0.333703 0.372394 0.030893
0.333703 0.372394 0.030893
0.333703 0.372394 0.030893
0.333703 0.372394 0.030893
0.333703 0.372394 0.030893
0.333703 0.372394 0.030893
0.062828 0.496072 0.069107
0.062828 0.496072 0.069107
0.062828 0.496072 0.069107
0.062828 0.496072 0.069107
0.062828 0.496072 0.069107
0.062828 0.496072 0.069107
0.062828 0.496072 0.069107
0.062828 0.496072 0.069107
0.062828 0.496072 0.069107
0.062828 0.496072 0.069107
0.062828 0.496072 0.069107
0.062828 0.496072 0.069107
0.062828 0.496072 0.069107
0.062828 0.496072 0.069107
0.062828 0.496072 0.069107
0.062828 0.496072 0.069107
0.062828 0.496072 0.069107
0.062828 0.496072 0.069107
0.062828 0.496072 0.069107
0.068524 0.548296 0.068172
0.033054 0.549174 0.079103
0.001140 0.543651 0.088717
-0.023368 0.532394 0.095852
-0.037514 0.516759 0.099648
-0.039592 0.498633 0.099648
-0.029352 0.480203 0.095852
-0.008028 0.463690 0.088717
0.021808 0.451087 0.079103
0.056556 0.443914 0.068172
0.092026 0.443036 0.057240
0.123940 0.448559 0.047627
0.148448 0.459817 0.040491
0.162594 0.475451 0.036695
0.164673 0.493577 0.036695
0.154432 0.512008 0.040491
0.133108 0.528520 0.047627
0.103273 0.541123 0.057240
0.068524 0.548296 0.068172
0.073089 0.595474 0.065458
0.005620 0.597144 0.086251
-0.055083 0.586639 0.104536
-0.101700 0.565226 0.118108
-0.128608 0.535487 0.125330
-0.132561 0.501010 0.125330
-0.113083 0.465953 0.118108
-0.072522 0.434544 0.104536
-0.015772 0.410572 0.086251
0.050324 0.396928 0.065458
0.117792 0.395258 0.044664
0.178496 0.405763 0.026379
0.225113 0.427176 0.012807
0.252020 0.456915 0.005585
0.255974 0.491392 0.005585
0.236495 0.526449 0.012807
0.195935 0.557858 0.026379
0.139184 0.581830 0.044664
0.073089 0.595474 0.065458
0.076074 0.632987 0.061231
-0.016788 0.635286 0.089850
-0.100340 0.620827 0.115018
-0.164503 0.591354 0.133698
-0.201538 0.550423 0.143638
-0.206979 0.502969 0.143638
-0.180169 0.454717 0.133698
-0.124342 0.411486 0.115018
-0.046232 0.378491 0.089850
0.044741 0.359712 0.061231
0.137603 0.357413 0.032611
0.221154 0.371872 0.007443
0.285317 0.401345 -0.011237
0.322352 0.442277 -0.021176
0.327793 0.489731 -0.021176
0.300983 0.537983 -0.011237
0.245157 0.581213 0.007443
0.167046 0.614208 0.032611
0.076074 0.632987 0.061231
0.077187 0.657165 0.055904
-0.031979 0.659867 0.089549
-0.130199 0.642869 0.119135
-0.205627 0.608222 0.141095
-0.249165 0.560104 0.152780
-0.255561 0.504319 0.152780
-0.224044 0.447595 0.141095
-0.158416 0.396774 0.119135
-0.066592 0.357987 0.089549
0.040353 0.335910 0.055904
0.149519 0.333208 0.022260
0.247740 0.350205 -0.007327
0.323167 0.384853 -0.029286
0.366705 0.432971 -0.040971
0.373101 0.488756 -0.040971
0.341585 0.545480 -0.029286
0.275956 0.596301 -0.007327
0.184132 0.635088 0.022260
0.077187 0.657165 0.055904
0.076321 0.665639 0.050000
-0.038463 0.668480 0.085376
-0.141738 0.650608 0.116485
-0.221048 0.614178 0.139575
-0.266826 0.563583 0.151861
-0.273552 0.504927 0.151861
-0.240413 0.445284 0.139575
-0.171407 0.391848 0.116485
-0.074857 0.351064 0.085376
0.037591 0.327852 0.050000
0.152375 0.325011 0.014624
0.255650 0.342883 -0.016485
0.334959 0.379313 -0.039575
0.380738 0.429908 -0.051861
0.387463 0.488564 -0.051861
0.354324 0.548207 -0.039575
0.285319 0.601643 -0.016485
0.188769 0.642426 0.014624
0.076321 0.665639 0.050000
0.073558 0.657581 0.044096
-0.035608 0.660283 0.077740
-0.133828 0.643286 0.107327
-0.209256 0.608638 0.129286
-0.252794 0.560520 0.140971
-0.259190 0.504735 0.140971
-0.227673 0.448011 0.129286
-0.162045 0.397190 0.107327
-0.070221 0.358403 0.077740
0.036724 0.336326 0.044096
0.145890 0.333624 0.010451
0.244110 0.350621 -0.019135
0.319538 0.385269 -0.041095
0.363076 0.433387 -0.052780
0.369472 0.489172 -0.052780
0.337956 0.545896 -0.041095
0.272327 0.596717 -0.019135
0.180503 0.635504 0.010451
0.073558 0.657581 0.044096
0.069171 0.633779 0.038769
-0.023691 0.636078 0.067389
-0.107243 0.621619 0.092557
-0.171405 0.592146 0.111237
-0.208441 0.551214 0.121176
-0.213882 0.503760 0.121176
-0.187072 0.455508 0.111237
-0.131245 0.412278 0.092557
-0.053135 0.379283 0.067389
0.037838 0.360504 0.038769
0.130700 0.358205 0.010150
0.214251 0.372664 -0.015018
0.278414 0.402137 -0.033698
0.315449 0.443068 -0.043638
0.320890 0.490522 -0.043638
0.294081 0.538774 -0.033698
0.238254 0.582005 -0.015018
0.160143 0.615000 0.010150
0.069171 0.633779 0.038769
0.063588 0.596563 0.034542
-0.003881 0.598233 0.055336
-0.064584 0.587728 0.073621
-0.111201 0.566315 0.087193
-0.138109 0.536576 0.094415
-0.142062 0.502099 0.094415
-0.122584 0.467042 0.087193
-0.082023 0.435633 0.073621
-0.025273 0.411661 0.055336
0.040823 0.398017 0.034542
0.108291 0.396347 0.013749
0.168995 0.406852 -0.004536
0.215612 0.428265 -0.018108
0.242519 0.458004 -0.025330
0.246473 0.492481 -0.025330
0.226994 0.527538 -0.018108
0.186434 0.558947 -0.004536
0.129683 0.582919 0.013749
0.063588 0.596563 0.034542
0.057355 0.549577 0.031828
0.021885 0.550455 0.042760
-0.010029 0.544932 0.052373
-0.034537 0.533674 0.059509
-0.048683 0.518040 0.063305
-0.050761 0.499914 0.063305
-0.040521 0.481483 0.059509
-0.019197 0.464971 0.052373
0.010639 0.452368 0.042760
0.045387 0.445195 0.031828
0.080857 0.444317 0.020897
0.112771 0.449840 0.011283
0.137279 0.461097 0.004148
0.151425 0.476732 0.000352
0.153504 0.494857 0.000352
0.143263 0.513288 0.004148
0.121939 0.529801 0.011283
0.092104 0.542404 0.020897
0.057355 0.549577 0.031828
0.051084 0.497419 0.030893
0.051084 0.497419 0.030893
0.051084 0.497419 0.030893
0.051084 0.497419 0.030893
0.051084 0.497419 0.030893
0.051084 0.497419 0.030893
0.051084 0.497419 0.030893
0.051084 0.497419 0.030893
0.051084 0.497419 0.030893
0.051084 0.497419 0.030893
0.051084 0.497419 0.030893
0.051084 0.497419 0.030893
0.051084 0.497419 0.030893
0.051084 0.497419 0.030893
0.051084 0.497419 0.030893
0.051084 0.497419 0.030893
0.051084 0.497419 0.030893
0.051084 0.497419 0.030893
0.051084 0.497419 0.030893
-0.240755 0.438260 0.069107
-0.240755 0.438260 0.069107
-0.240755 0.438260 0.069107
-0.240755 0.438260 0.069107
-0.240755 0.438260 0.069107
-0.240755 0.438260 0.069107
-0.240755 0.438260 0.069107
-0.240755 0.438260 0.069107
-0.240755 0.438260 0.069107
-0.240755 0.438260 0.069107
-0.240755 0.438260 0.069107
-0.240755 0.438260 0.069107
-0.240755 0.438260 0.069107
-0.240755 0.438260 0.069107
-0.240755 0.438260 0.069107
-0.240755 0.438260 0.069107
-0.240755 0.438260 0.069107
-0.240755 0.438260 0.069107
-0.240755 0.438260 0.069107
-0.266843 0.483858 0.068172
-0.296055 0.463720 0.079103
-0.318628 0.440493 0.088717
-0.331838 0.416980 0.095852
-0.334093 0.396017 0.099648
-0.325120 0.380131 0.099648
-0.306002 0.371240 0.095852
-0.279045 0.370415 0.088717
-0.247500 0.377756 0.079103
-0.215171 0.392377 0.068172
-0.185959 0.412516 0.057240
-0.163387 0.435742 0.047627
-0.150176 0.459255 0.040491
-0.147922 0.480219 0.036695
-0.156894 0.496104 0.036695
-0.176012 0.504996 0.040491
-0.202969 0.505821 0.047627
-0.234515 0.498480 0.057240
-0.266843 0.483858 0.068172
-0.290881 0.524709 0.065458
-0.346446 0.486403 0.086251
-0.389381 0.442224 0.104536
-0.414509 0.397499 0.118108
-0.418797 0.357624 0.125330
-0.401730 0.327408 0.125330
-0.365366 0.310495 0.118108
-0.314090 0.308926 0.104536
-0.254087 0.322889 0.086251
-0.192595 0.350701 0.065458
-0.137031 0.389007 0.044664
-0.094095 0.433186 0.026379
-0.068968 0.477910 0.012807
-0.064679 0.517786 0.005585
-0.081746 0.548002 0.005585
-0.118110 0.564914 0.012807
-0.169386 0.566484 0.026379
-0.229389 0.552521 0.044664
-0.290881 0.524709 0.065458
-0.310516 0.556813 0.061231
-0.386994 0.504089 0.089850
-0.446090 0.443282 0.115018
-0.480675 0.381724 0.133698
-0.486578 0.326840 0.143638
-0.463087 0.285251 0.143638
-0.413036 0.261973 0.133698
-0.342460 0.259813 0.115018
-0.259874 0.279031 0.089850
-0.175238 0.317311 0.061231
-0.098759 0.370034 0.032611
-0.039664 0.430842 0.007443
-0.005079 0.492400 -0.011237
0.000825 0.547283 -0.021176
-0.022666 0.588872 -0.021176
-0.072718 0.612151 -0.011237
-0.143293 0.614311 0.007443
-0.225879 0.595092 0.032611
-0.310516 0.556813 0.061231
-0.323826 0.577027 0.055904
-0.413731 0.515047 0.089549
-0.483202 0.443563 0.119135
-0.523860 0.371197 0.141095
-0.530799 0.306678 0.152780
-0.503184 0.257787 0.152780
-0.444345 0.230422 0.141095
-0.361379 0.227883 0.119135
-0.264293 0.250476 0.089549
-0.164797 0.295476 0.055904
-0.074891 0.357456 0.022260
-0.005420 0.428940 -0.007327
0.035237 0.501305 -0.029286
0.042177 0.565825 -0.040971
0.014562 0.614716 -0.040971
-0.044277 0.642081 -0.029286
-0.127243 0.644620 -0.007327
-0.224330 0.622027 0.022260
-0.323826 0.577027 0.055904
-0.329508 0.583373 0.050000
-0.424040 0.518204 0.085376
-0.497087 0.443041 0.116485
-0.539836 0.366951 0.139575
-0.547133 0.299112 0.151861
-0.518097 0.247705 0.151861
-0.456230 0.218931 0.139575
-0.368994 0.216261 0.116485
-0.266912 0.240017 0.085376
-0.162295 0.287333 0.050000
-0.067763 0.352503 0.014624
0.005284 0.427665 -0.016485
0.048033 0.503755 -0.039575
0.055330 0.571595 -0.051861
0.026294 0.623001 -0.051861
-0.035573 0.651775 -0.039575
-0.122809 0.654445 -0.016485
-0.224891 0.630689 0.014624
-0.329508 0.583373 0.050000
-0.327006 0.575231 0.044096
-0.416912 0.513251 0.077740
-0.486383 0.441767 0.107327
-0.527040 0.369401 0.129286
-0.533980 0.304882 0.140971
-0.506365 0.255991 0.140971
-0.447526 0.228626 0.129286
-0.364560 0.226086 0.107327
-0.267473 0.248679 0.077740
-0.167977 0.293680 0.044096
-0.078072 0.355659 0.010451
-0.008601 0.427143 -0.019135
0.032057 0.499509 -0.041095
0.038996 0.564028 -0.052780
0.011381 0.612919 -0.052780
-0.047458 0.640285 -0.041095
-0.130424 0.642824 -0.019135
-0.227510 0.620231 0.010451
-0.327006 0.575231 0.044096
-0.316565 0.553395 0.038769
-0.393044 0.500672 0.067389
-0.452139 0.439864 0.092557
-0.486724 0.378306 0.111237
-0.492628 0.323423 0.121176
-0.469137 0.281834 0.121176
-0.419085 0.258556 0.111237
-0.348510 0.256396 0.092557
-0.265924 0.275614 0.067389
-0.181287 0.313894 0.038769
-0.104809 0.366617 0.010150
-0.045713 0.427425 -0.015018
-0.011128 0.488983 -0.033698
-0.005225 0.543866 -0.043638
-0.028716 0.585455 -0.043638
-0.078767 0.608734 -0.033698
-0.149342 0.610894 -0.015018
-0.231929 0.591675 0.010150
-0.316565 0.553395 0.038769
-0.299208 0.520006 0.034542
-0.354772 0.481700 0.055336
-0.397708 0.437521 0.073621
-0.422835 0.392796 0.087193
-0.427124 0.352921 0.094415
-0.410057 0.322705 0.094415
-0.373693 0.305792 0.087193
-0.322417 0.304223 0.073621
-0.262414 0.318186 0.055336
-0.200922 0.345998 0.034542
-0.145357 0.384303 0.013749
-0.102422 0.428483 -0.004536
-0.077294 0.473207 -0.018108
-0.073006 0.513082 -0.025330
-0.090073 0.543299 -0.025330
-0.126437 0.560211 -0.018108
-0.177713 0.561781 -0.004536
-0.237715 0.547817 0.013749
-0.299208 0.520006 0.034542
-0.276632 0.478329 0.031828
-0.305844 0.458191 0.042760
-0.328416 0.434964 0.052373
-0.341627 0.411451 0.059509
-0.343881 0.390488 0.063305
-0.334909 0.374602 0.063305
-0.315791 0.365711 0.059509
-0.288834 0.364886 0.052373
-0.257288 0.372227 0.042760
-0.224960 0.386848 0.031828
-0.195748 0.406987 0.020897
-0.173175 0.430213 0.011283
-0.159965 0.453726 0.004148
-0.157710 0.474690 0.000352
-0.166683 0.490575 0.000352
-0.185801 0.499467 0.004148
-0.212758 0.500292 0.011283
-0.244303 0.492951 0.020897
-0.276632 0.478329 0.031828
-0.251048 0.432446 0.030893
-0.251048 0.432446 0.030893
-0.251048 0.432446 0.030893
-0.251048 0.432446 0.030893
-0.251048 0.432446 0.030893
-0.251048 0.432446 0.030893
-0.251048 0.432446 0.030893
-0.251048 0.432446 0.030893
-0.251048 0.432446 0.030893
-0.251048 0.432446 0.030893
-0.251048 0.432446 0.030893
-0.251048 0.432446 0.030893
-0.251048 0.432446 0.030893
-0.251048 0.432446 0.030893
-0.251048 0.432446 0.030893
-0.251048 0.432446 0.030893
-0.251048 0.432446 0.030893
-0.251048 0.432446 0.030893
-0.251048 0.432446 0.030893
-0.452378 0.213047 0.069107
-0.452378 0.213047 0.069107
-0.452378 0.213047 0.069107
-0.452378 0.213047 0.069107
-0.452378 0.213047 0.069107
-0.452378 0.213047 0.069107
-0.452378 0.213047 0.069107
-0.452378 0.213047 0.069107
-0.452378 0.213047 0.069107
-0.452378 0.213047 0.069107
-0.452378 0.213047 0.069107
-0.452378 0.213047 0.069107
-0.452378 0.213047 0.069107
-0.452378 0.213047 0.069107
-0.452378 0.213047 0.069107
-0.452378 0.213047 0.069107
-0.452378 0.213047 0.069107
-0.452378 0.213047 0.069107
-0.452378 0.213047 0.069107
-0.500285 0.234603 0.068172
-0.512081 0.201141 0.079103
-0.516691 0.169082 0.088717
-0.513557 0.142295 0.095852
-0.503060 0.124010 0.099648
-0.486463 0.116432 0.099648
-0.465770 0.120476 0.095852
-0.443476 0.135653 0.088717
-0.422271 0.160134 0.079103
-0.404711 0.190965 0.068172
-0.392915 0.224428 0.057240
-0.388305 0.256486 0.047627
-0.391439 0.283274 0.040491
-0.401936 0.301559 0.036695
-0.418533 0.309137 0.036695
-0.439226 0.305093 0.040491
-0.461520 0.289915 0.047627
-0.482726 0.265434 0.057240
-0.500285 0.234603 0.068172
-0.543744 0.253523 0.065458
-0.566181 0.189873 0.086251
-0.574948 0.128894 0.104536
-0.568989 0.077942 0.118108
-0.549020 0.043161 0.125330
-0.517452 0.028747 0.125330
-0.478092 0.036439 0.118108
-0.435686 0.065309 0.104536
-0.395351 0.111874 0.086251
-0.361950 0.170518 0.065458
-0.339512 0.234168 0.044664
-0.330745 0.295147 0.026379
-0.336705 0.346099 0.012807
-0.356673 0.380880 0.005585
-0.388241 0.395294 0.005585
-0.427602 0.387602 0.012807
-0.470007 0.358732 0.026379
-0.510343 0.312167 0.044664
-0.543744 0.253523 0.065458
-0.578499 0.267954 0.061231
-0.609381 0.180347 0.089850
-0.621448 0.096417 0.115018
-0.613245 0.026287 0.133698
-0.585762 -0.021584 0.143638
-0.542312 -0.041423 0.143638
-0.488137 -0.030836 0.133698
-0.429770 0.008900 0.115018
-0.374253 0.072991 0.089850
-0.328281 0.153708 0.061231
-0.297399 0.241315 0.032611
-0.285331 0.325245 0.007443
-0.293534 0.395375 -0.011237
-0.321018 0.443246 -0.021176
-0.364468 0.463085 -0.021176
-0.418643 0.452498 -0.011237
-0.477009 0.412763 0.007443
-0.532526 0.348671 0.032611
-0.578499 0.267954 0.061231
-0.601148 0.276485 0.055904
-0.637453 0.173497 0.089549
-0.651639 0.074831 0.119135
-0.641996 -0.007612 0.141095
-0.609687 -0.063888 0.152780
-0.558608 -0.087210 0.152780
-0.494921 -0.074764 0.141095
-0.426308 -0.028052 0.119135
-0.361043 0.047292 0.089549
-0.307000 0.142180 0.055904
-0.270695 0.245168 0.022260
-0.256509 0.343834 -0.007327
-0.266152 0.426277 -0.029286
-0.298462 0.482553 -0.040971
-0.349540 0.505874 -0.040971
-0.413227 0.493429 -0.029286
-0.481840 0.446717 -0.007327
-0.547105 0.371373 0.022260
-0.601148 0.276485 0.055904
-0.609476 0.278279 0.050000
-0.647648 0.169991 0.085376
-0.662565 0.066248 0.116485
-0.652425 -0.020438 0.139575
-0.618453 -0.079610 0.151861
-0.564746 -0.104132 0.151861
-0.497782 -0.091046 0.139575
-0.425638 -0.041930 0.116485
-0.357014 0.037291 0.085376
-0.300190 0.137063 0.050000
-0.262017 0.245351 0.014624
-0.247101 0.349094 -0.016485
-0.257240 0.435780 -0.039575
-0.291212 0.494952 -0.051861
-0.344919 0.519474 -0.051861
-0.411883 0.506388 -0.039575
-0.484028 0.457272 -0.016485
-0.552651 0.378051 0.014624
-0.609476 0.278279 0.050000
-0.602666 0.273162 0.044096
-0.638970 0.170174 0.077740
-0.653156 0.071508 0.107327
-0.643513 -0.010935 0.129286
-0.611204 -0.067211 0.140971
-0.560125 -0.090533 0.140971
-0.496439 -0.078087 0.129286
-0.427825 -0.031375 0.107327
-0.362561 0.043969 0.077740
-0.308517 0.138857 0.044096
-0.272213 0.241845 0.010451
-0.258027 0.340511 -0.019135
-0.267670 0.422954 -0.041095
-0.299979 0.479230 -0.052780
-0.351057 0.502552 -0.052780
-0.414744 0.490106 -0.041095
-0.483358 0.443394 -0.019135
-0.548622 0.368050 0.010451
-0.602666 0.273162 0.044096
-0.581385 0.261634 0.038769
-0.612267 0.174027 0.067389
-0.624334 0.090097 0.092557
-0.616131 0.019967 0.111237
-0.588647 -0.027904 0.121176
-0.545198 -0.047743 0.121176
-0.491022 -0.037156 0.111237
-0.432656 0.002579 0.092557
-0.377139 0.066671 0.067389
-0.331167 0.147388 0.038769
-0.300284 0.234994 0.010150
-0.288217 0.318924 -0.015018
-0.296420 0.389054 -0.033698
-0.323904 0.436926 -0.043638
-0.367354 0.456764 -0.043638
-0.421529 0.446178 -0.033698
-0.479895 0.406442 -0.015018
-0.535412 0.342351 0.010150
-0.581385 0.261634 0.038769
-0.547716 0.244824 0.034542
-0.570153 0.181174 0.055336
-0.578920 0.120195 0.073621
-0.572961 0.069242 0.087193
-0.552992 0.034462 0.094415
-0.521424 0.020048 0.094415
-0.482064 0.027740 0.087193
-0.439658 0.056609 0.073621
-0.399323 0.103175 0.055336
-0.365922 0.161819 0.034542
-0.343484 0.225469 0.013749
-0.334717 0.286448 -0.004536
-0.340677 0.337400 -0.018108
-0.360645 0.372181 -0.025330
-0.392213 0.386594 -0.025330
-0.431574 0.378903 -0.018108
-0.473979 0.350033 -0.004536
-0.514315 0.303468 0.013749
-0.547716 0.244824 0.034542
-0.504955 0.224377 0.031828
-0.516751 0.190914 0.042760
-0.521360 0.158855 0.052373
-0.518227 0.132068 0.059509
-0.507729 0.113783 0.063305
-0.491133 0.106205 0.063305
-0.470439 0.110249 0.059509
-0.448146 0.125427 0.052373
-0.426940 0.149907 0.042760
-0.409380 0.180738 0.031828
-0.397584 0.214201 0.020897
-0.392975 0.246260 0.011283
-0.396108 0.273047 0.004148
-0.406606 0.291332 0.000352
-0.423202 0.298910 0.000352
-0.443895 0.294866 0.004148
-0.466189 0.279689 0.011283
-0.487395 0.255208 0.020897
-0.504955 0.224377 0.031828
-0.457288 0.202294 0.030893
-0.457288 0.202294 0.030893
-0.457288 0.202294 0.030893
-0.457288 0.202294 0.030893
-0.457288 0.202294 0.030893
-0.457288 0.202294 0.030893
-0.457288 0.202294 0.030893
-0.457288 0.202294 0.030893
-0.457288 0.202294 0.030893
-0.457288 0.202294 0.030893
-0.457288 0.202294 0.030893
-0.457288 0.202294 0.030893
-0.457288 0.202294 0.030893
-0.457288 0.202294 0.030893
-0.457288 0.202294 0.030893
-0.457288 0.202294 0.030893
-0.457288 0.202294 0.030893
-0.457288 0.202294 0.030893
-0.457288 0.202294 0.030893
-0.491208 -0.093542 0.069107
-0.491208 -0.093542 0.069107
-0.491208 -0.093542 0.069107
-0.491208 -0.093542 0.069107
-0.491208 -0.093542 0.069107
-0.491208 -0.093542 0.069107
-0.491208 -0.093542 0.069107
-0.491208 -0.093542 0.069107
-0.491208 -0.093542 0.069107
-0.491208 -0.093542 0.069107
-0.491208 -0.093542 0.069107
-0.491208 -0.093542 0.069107
-0.491208 -0.093542 0.069107
-0.491208 -0.093542 0.069107
-0.491208 -0.093542 0.069107
-0.491208 -0.093542 0.069107
-0.491208 -0.093542 0.069107
-0.491208 -0.093542 0.069107
-0.491208 -0.093542 0.069107
-0.542636 -0.104262 0.068172
-0.532510 -0.138268 0.079103
-0.517396 -0.166913 0.088717
-0.499115 -0.186743 0.095852
-0.479875 -0.195365 0.099648
-0.461994 -0.191741 0.099648
-0.447630 -0.176306 0.095852
-0.438515 -0.150923 0.088717
-0.435748 -0.118653 0.079103
-0.439664 -0.083389 0.068172
-0.449790 -0.049383 0.057240
-0.464905 -0.020738 0.047627
-0.483185 -0.000909 0.040491
-0.502425 0.007714 0.036695
-0.520306 0.004089 0.036695
-0.534670 -0.011345 0.040491
-0.543785 -0.036728 0.047627
-0.546552 -0.068998 0.057240
-0.542636 -0.104262 0.068172
-0.588915 -0.114500 0.065458
-0.569654 -0.179182 0.086251
-0.540905 -0.233669 0.104536
-0.506134 -0.271387 0.118108
-0.469536 -0.287788 0.125330
-0.435525 -0.280894 0.125330
-0.408203 -0.251535 0.118108
-0.390865 -0.203254 0.104536
-0.385603 -0.141873 0.086251
-0.393052 -0.074797 0.065458
-0.412312 -0.010114 0.044664
-0.441061 0.044372 0.026379
-0.475832 0.082090 0.012807
-0.512430 0.098491 0.005585
-0.546441 0.091597 0.005585
-0.573764 0.062239 0.012807
-0.591101 0.013957 0.026379
-0.596363 -0.047423 0.044664
-0.588915 -0.114500 0.065458
-0.625515 -0.123253 0.061231
-0.599005 -0.212281 0.089850
-0.559435 -0.287275 0.115018
-0.511577 -0.339190 0.133698
-0.461204 -0.361764 0.143638
-0.414392 -0.352274 0.143638
-0.376786 -0.311866 0.133698
-0.352923 -0.245413 0.115018
-0.345680 -0.160929 0.089850
-0.355932 -0.068606 0.061231
-0.382442 0.020421 0.032611
-0.422012 0.095415 0.007443
-0.469870 0.147330 -0.011237
-0.520243 0.169904 -0.021176
-0.567055 0.160415 -0.021176
-0.604661 0.120006 -0.011237
-0.628524 0.053553 0.007443
-0.635767 -0.030930 0.032611
-0.625515 -0.123253 0.061231
-0.648853 -0.129665 0.055904
-0.617689 -0.234324 0.089549
-0.571171 -0.322484 0.119135
-0.514911 -0.383514 0.141095
-0.455694 -0.410051 0.152780
-0.400663 -0.398896 0.152780
-0.356455 -0.351393 0.141095
-0.328402 -0.273272 0.119135
-0.319888 -0.173956 0.089549
-0.331939 -0.065424 0.055904
-0.363103 0.039234 0.022260
-0.409621 0.127395 -0.007327
-0.465881 0.188424 -0.029286
-0.525098 0.214962 -0.040971
-0.580129 0.203807 -0.040971
-0.624338 0.156304 -0.029286
-0.652391 0.078183 -0.007327
-0.660905 -0.021133 0.022260
-0.648853 -0.129665 0.055904
-0.656645 -0.133108 0.050000
-0.623877 -0.243153 0.085376
-0.574965 -0.335850 0.116485
-0.515810 -0.400020 0.139575
-0.453546 -0.427924 0.151861
-0.395682 -0.416194 0.151861
-0.349199 -0.366247 0.139575
-0.319702 -0.284106 0.116485
-0.310750 -0.179679 0.085376
-0.323422 -0.065561 0.050000
-0.356190 0.044483 0.014624
-0.405101 0.137181 -0.016485
-0.464257 0.201351 -0.039575
-0.526521 0.229254 -0.051861
-0.584384 0.217525 -0.051861
-0.630868 0.167577 -0.039575
-0.660364 0.085436 -0.016485
-0.669317 -0.018991 0.014624
-0.656645 -0.133108 0.050000
-0.648127 -0.133245 0.044096
-0.616963 -0.237904 0.077740
-0.570446 -0.326064 0.107327
-0.514186 -0.387094 0.129286
-0.454969 -0.413631 0.140971
-0.399937 -0.402476 0.140971
-0.355729 -0.354973 0.129286
-0.327676 -0.276852 0.107327
-0.319162 -0.177536 0.077740
-0.331214 -0.069004 0.044096
-0.362378 0.035654 0.010451
-0.408895 0.123815 -0.019135
-0.465155 0.184844 -0.041095
-0.524372 0.211382 -0.052780
-0.579404 0.200227 -0.052780
-0.623612 0.152724 -0.041095
-0.651665 0.074603 -0.019135
-0.660179 -0.024713 0.010451
-0.648127 -0.133245 0.044096
-0.624134 -0.130063 0.038769
-0.597625 -0.219091 0.067389
-0.558055 -0.294084 0.092557
-0.510197 -0.345999 0.111237
-0.459824 -0.368573 0.121176
-0.413011 -0.359084 0.121176
-0.375406 -0.318676 0.111237
-0.351542 -0.252222 0.092557
-0.344300 -0.167739 0.067389
-0.354552 -0.075416 0.038769
-0.381061 0.013612 0.010150
-0.420632 0.088606 -0.015018
-0.468489 0.140520 -0.033698
-0.518862 0.163095 -0.043638
-0.565675 0.153605 -0.043638
-0.603281 0.113197 -0.033698
-0.627144 0.046743 -0.015018
-0.634386 -0.037740 0.010150
-0.624134 -0.130063 0.038769
-0.587015 -0.123873 0.034542
-0.567755 -0.188555 0.055336
-0.539005 -0.243041 0.073621
-0.504235 -0.280760 0.087193
-0.467636 -0.297161 0.094415
-0.433625 -0.290266 0.094415
-0.406303 -0.260908 0.087193
-0.388965 -0.212627 0.073621
-0.383703 -0.151246 0.055336
-0.391152 -0.084169 0.034542
-0.410412 -0.019487 0.013749
-0.439161 0.034999 -0.004536
-0.473932 0.072718 -0.018108
-0.510530 0.089119 -0.025330
-0.544542 0.082224 -0.025330
-0.571864 0.052866 -0.018108
-0.589201 0.004585 -0.004536
-0.594463 -0.056796 0.013749
-0.587015 -0.123873 0.034542
-0.540402 -0.115280 0.031828
-0.530276 -0.149286 0.042760
-0.515162 -0.177931 0.052373
-0.496882 -0.197761 0.059509
-0.477641 -0.206383 0.063305
-0.459760 -0.202759 0.063305
-0.445396 -0.187324 0.059509
-0.436281 -0.161941 0.052373
-0.433515 -0.129671 0.042760
-0.437431 -0.094407 0.031828
-0.447557 -0.060402 0.020897
-0.462671 -0.031756 0.011283
-0.480951 -0.011927 0.004148
-0.500192 -0.003304 0.000352
-0.518073 -0.006929 0.000352
-0.532437 -0.022363 0.004148
-0.541552 -0.047746 0.011283
-0.544318 -0.080016 0.020897
-0.540402 -0.115280 0.031828
-0.488859 -0.105127 0.030893
-0.488859 -0.105127 0.030893
-0.488859 -0.105127 0.030893
-0.488859 -0.105127 0.030893
-0.488859 -0.105127 0.030893
-0.488859 -0.105127 0.030893
-0.488859 -0.105127 0.030893
-0.488859 -0.105127 0.030893
-0.488859 -0.105127 0.030893
-0.488859 -0.105127 0.030893
-0.488859 -0.105127 0.030893
-0.488859 -0.105127 0.030893
-0.488859 -0.105127 0.030893
-0.488859 -0.105127 0.030893
-0.488859 -0.105127 0.030893
-0.488859 -0.105127 0.030893
-0.488859 -0.105127 0.030893
-0.488859 -0.105127 0.030893
-0.488859 -0.105127 0.030893
-0.342413 -0.364402 0.069107
-0.342413 -0.364402 0.069107
-0.342413 -0.364402 0.069107
-0.342413 -0.364402 0.069107
-0.342413 -0.364402 0.069107
-0.342413 -0.364402 0.069107
-0.342413 -0.364402 0.069107
-0.342413 -0.364402 0.069107
-0.342413 -0.364402 0.069107
-0.342413 -0.364402 0.069107
-0.342413 -0.364402 0.069107
-0.342413 -0.364402 0.069107
-0.342413 -0.364402 0.069107
-0.342413 -0.364402 0.069107
-0.342413 -0.364402 0.069107
-0.342413 -0.364402 0.069107
-0.342413 -0.364402 0.069107
-0.342413 -0.364402 0.069107
-0.342413 -0.364402 0.069107
-0.377718 -0.403303 0.068172
-0.349538 -0.424862 0.079103
-0.320473 -0.439153 0.088717
-0.294028 -0.444451 0.095852
-0.273394 -0.440117 0.099648
-0.261059 -0.426675 0.099648
-0.258510 -0.405745 0.095852
-0.266056 -0.379852 0.088717
-0.282785 -0.352119 0.079103
-0.306681 -0.325891 0.068172
-0.334861 -0.304332 0.057240
-0.363926 -0.290042 0.047627
-0.390370 -0.284744 0.040491
-0.411005 -0.289077 0.036695
-0.423340 -0.302520 0.036695
-0.425889 -0.323450 0.040491
-0.418343 -0.349343 0.047627
-0.401614 -0.377076 0.057240
-0.377718 -0.403303 0.068172
-0.409141 -0.438788 0.065458
-0.355539 -0.479796 0.086251
-0.300254 -0.506978 0.104536
-0.249954 -0.517055 0.118108
-0.210705 -0.508812 0.125330
-0.187242 -0.483243 0.125330
-0.182394 -0.443432 0.118108
-0.196747 -0.394181 0.104536
-0.228568 -0.341430 0.086251
-0.274021 -0.291542 0.065458
-0.327622 -0.250534 0.044664
-0.382907 -0.223352 0.026379
-0.433208 -0.213275 0.012807
-0.472456 -0.221518 0.005585
-0.495920 -0.247087 0.005585
-0.500767 -0.286898 0.012807
-0.486415 -0.336149 0.026379
-0.454593 -0.388900 0.044664
-0.409141 -0.438788 0.065458
-0.433606 -0.467383 0.061231
-0.359830 -0.523825 0.089850
-0.283737 -0.561238 0.115018
-0.214504 -0.575108 0.133698
-0.160483 -0.563762 0.143638
-0.128188 -0.528569 0.143638
-0.121516 -0.473774 0.133698
-0.141270 -0.405986 0.115018
-0.185069 -0.333380 0.089850
-0.247629 -0.264715 0.061231
-0.321405 -0.208273 0.032611
-0.397498 -0.170860 0.007443
-0.466731 -0.156990 -0.011237
-0.520752 -0.168336 -0.021176
-0.553047 -0.203528 -0.021176
-0.559719 -0.258324 -0.011237
-0.539964 -0.326112 0.007443
-0.496166 -0.398717 0.032611
-0.433606 -0.467383 0.061231
-0.448718 -0.486288 0.055904
-0.361989 -0.552640 0.089549
-0.272536 -0.596621 0.119135
-0.191148 -0.612926 0.141095
-0.127642 -0.599589 0.152780
-0.089678 -0.558217 0.152780
-0.081834 -0.493802 0.141095
-0.105057 -0.414112 0.119135
-0.156546 -0.328759 0.089549
-0.230089 -0.248038 0.055904
-0.316818 -0.181686 0.022260
-0.406271 -0.137704 -0.007327
-0.487659 -0.121399 -0.029286
-0.551165 -0.134737 -0.040971
-0.589129 -0.176109 -0.040971
-0.596973 -0.240524 -0.029286
-0.573750 -0.320214 -0.007327
-0.522261 -0.405567 0.022260
-0.448718 -0.486288 0.055904
-0.452997 -0.493653 0.050000
-0.361805 -0.563420 0.085376
-0.267749 -0.609665 0.116485
-0.182173 -0.626809 0.139575
-0.115399 -0.612785 0.151861
-0.075481 -0.569284 0.151861
-0.067233 -0.501554 0.139575
-0.091651 -0.417763 0.116485
-0.145790 -0.328017 0.085376
-0.223118 -0.243143 0.050000
-0.314310 -0.173375 0.014624
-0.408367 -0.127131 -0.016485
-0.493943 -0.109987 -0.039575
-0.560717 -0.124011 -0.051861
-0.600635 -0.167511 -0.051861
-0.608882 -0.235242 -0.039575
-0.584464 -0.319033 -0.016485
-0.530326 -0.408778 0.014624
-0.452997 -0.493653 0.050000
-0.446026 -0.488757 0.044096
-0.359297 -0.555110 0.077740
-0.269845 -0.599091 0.107327
-0.188457 -0.615396 0.129286
-0.124951 -0.602059 0.140971
-0.086987 -0.560687 0.140971
-0.079143 -0.496271 0.129286
-0.102366 -0.416581 0.107327
-0.153854 -0.331229 0.077740
-0.227398 -0.250508 0.044096
-0.314127 -0.184155 0.010451
-0.403580 -0.140174 -0.019135
-0.484967 -0.123869 -0.041095
-0.548473 -0.137207 -0.052780
-0.586438 -0.178578 -0.052780
-0.594281 -0.242994 -0.041095
-0.571059 -0.322684 -0.019135
-0.519570 -0.408037 0.010451
-0.446026 -0.488757 0.044096
-0.428486 -0.472080 0.038769
-0.354710 -0.528523 0.067389
-0.278617 -0.565936 0.092557
-0.209385 -0.579806 0.111237
-0.155363 -0.568460 0.121176
-0.123069 -0.533267 0.121176
-0.116397 -0.478472 0.111237
-0.136151 -0.410684 0.092557
-0.179950 -0.338078 0.067389
-0.242510 -0.269413 0.038769
-0.316286 -0.212970 0.010150
-0.392379 -0.175558 -0.015018
-0.461612 -0.161688 -0.033698
-0.515633 -0.173033 -0.043638
-0.547927 -0.208226 -0.043638
-0.554600 -0.263021 -0.033698
-0.534845 -0.330810 -0.015018
-0.491046 -0.403415 0.010150
-0.428486 -0.472080 0.038769
-0.402095 -0.445254 0.034542
-0.348493 -0.486262 0.055336
-0.293208 -0.513444 0.073621
-0.242908 -0.523521 0.087193
-0.203659 -0.515278 0.094415
-0.180196 -0.489709 0.094415
-0.175348 -0.449898 0.087193
-0.189701 -0.400647 0.073621
-0.221522 -0.347896 0.055336
-0.266975 -0.298008 0.034542
-0.320576 -0.256999 0.013749
-0.375861 -0.229818 -0.004536
-0.426162 -0.219740 -0.018108
-0.465410 -0.227984 -0.025330
-0.488874 -0.253553 -0.025330
-0.493721 -0.293364 -0.018108
-0.479369 -0.342615 -0.004536
-0.447547 -0.395366 0.013749
-0.402095 -0.445254 0.034542
-0.369434 -0.410904 0.031828
-0.341255 -0.432464 0.042760
-0.312190 -0.446754 0.052373
-0.285745 -0.452052 0.059509
-0.265111 -0.447718 0.063305
-0.252775 -0.434276 0.063305
-0.250227 -0.413346 0.059509
-0.257772 -0.387453 0.052373
-0.274502 -0.359720 0.042760
-0.298398 -0.333492 0.031828
-0.326578 -0.311933 0.020897
-0.355643 -0.297643 0.011283
-0.382087 -0.292345 0.004148
-0.402722 -0.296679 0.000352
-0.415057 -0.310121 0.000352
-0.417606 -0.331051 0.004148
-0.410060 -0.356944 0.011283
-0.393330 -0.384677 0.020897
-0.369434 -0.410904 0.031828
-0.333703 -0.372394 0.030893
-0.333703 -0.372394 0.030893
-0.333703 -0.372394 0.030893
-0.333703 -0.372394 0.030893
-0.333703 -0.372394 0.030893
-0.333703 -0.372394 0.030893
-0.333703 -0.372394 0.030893
-0.333703 -0.372394 0.030893
-0.333703 -0.372394 0.030893
-0.333703 -0.372394 0.030893
-0.333703 -0.372394 0.030893
-0.333703 -0.372394 0.030893
-0.333703 -0.372394 0.030893
-0.333703 -0.372394 0.030893
-0.333703 -0.372394 0.030893
-0.333703 -0.372394 0.030893
-0.333703 -0.372394 0.030893
-0.333703 -0.372394 0.030893
-0.333703 -0.372394 0.030893
-0.062828 -0.496072 0.069107
-0.062828 -0.496072 0.069107
-0.062828 -0.496072 0.069107
-0.062828 -0.496072 0.069107
-0.062828 -0.496072 0.069107
-0.062828 -0.496072 0.069107
-0.062828 -0.496072 0.069107
-0.062828 -0.496072 0.069107
-0.062828 -0.496072 0.069107
-0.062828 -0.496072 0.069107
-0.062828 -0.496072 0.069107
-0.062828 -0.496072 0.069107
-0.062828 -0.496072 0.069107
-0.062828 -0.496072 0.069107
-0.062828 -0.496072 0.069107
-0.062828 -0.496072 0.069107
-0.062828 -0.496072 0.069107
-0.062828 -0.496072 0.069107
-0.062828 -0.496072 0.069107
-0.068524 -0.548296 0.068172
-0.033054 -0.549174 0.079103
-0.001140 -0.543651 0.088717
0.023368 -0.532394 0.095852
0.037514 -0.516759 0.099648
0.039592 -0.498633 0.099648
0.029352 -0.480203 0.095852
0.008028 -0.463690 0.088717
-0.021808 -0.451087 0.079103
-0.056556 -0.443914 0.068172
-0.092026 -0.443036 0.057240
-0.123940 -0.448559 0.047627
-0.148448 -0.459817 0.040491
-0.162594 -0.475451 0.036695
-0.164673 -0.493577 0.036695
-0.154432 -0.512008 0.040491
-0.133108 -0.528520 0.047627
-0.103273 -0.541123 0.057240
-0.068524 -0.548296 0.068172
-0.073089 -0.595474 0.065458
-0.005620 -0.597144 0.086251
0.055083 -0.586639 0.104536
0.101700 -0.565226 0.118108
0.128608 -0.535487 0.125330
0.132561 -0.501010 0.125330
0.113083 -0.465953 0.118108
0.072522 -0.434544 0.104536
0.015772 -0.410572 0.086251
-0.050324 -0.396928 0.065458
-0.117792 -0.395258 0.044664
-0.178496 -0.405763 0.026379
-0.225113 -0.427176 0.012807
-0.252020 -0.456915 0.005585
-0.255974 -0.491392 0.005585
-0.236495 -0.526449 0.012807
-0.195935 -0.557858 0.026379
-0.139184 -0.581830 0.044664
-0.073089 -0.595474 0.065458
-0.076074 -0.632987 0.061231
0.016788 -0.635286 0.089850
0.100340 -0.620827 0.115018
0.164503 -0.591354 0.133698
0.201538 -0.550423 0.143638
0.206979 -0.502969 0.143638
0.180169 -0.454717 0.133698
0.124342 -0.411486 0.115018
0.046232 -0.378491 0.089850
-0.044741 -0.359712 0.061231
-0.137603 -0.357413 0.032611
-0.221154 -0.371872 0.007443
-0.285317 -0.401345 -0.011237
-0.322352 -0.442277 -0.021176
-0.327793 -0.489731 -0.021176
-0.300983 -0.537983 -0.011237
-0.245157 -0.581213 0.007443
-0.167046 -0.614208 0.032611
-0.076074 -0.632987 0.061231
-0.077187 -0.657165 0.055904
0.031979 -0.659867 0.089549
0.130199 -0.642869 0.119135
0.205627 -0.608222 0.141095
0.249165 -0.560104 0.152780
0.255561 -0.504319 0.152780
0.224044 -0.447595 0.141095
0.158416 -0.396774 0.119135
0.066592 -0.357987 0.089549
-0.040353 -0.335910 0.055904
-0.149519 -0.333208 0.022260
-0.247740 -0.350205 -0.007327
-0.323167 -0.384853 -0.029286
-0.366705 -0.432971 -0.040971
-0.373101 -0.488756 -0.040971
-0.341585 -0.545480 -0.029286
-0.275956 -0.596301 -0.007327
-0.184132 -0.635088 0.022260
-0.077187 -0.657165 0.055904
-0.076321 -0.665639 0.050000
0.038463 -0.668480 0.085376
0.141738 -0.650608 0.116485
0.221048 -0.614178 0.139575
0.266826 -0.563583 0.151861
0.273552 -0.504927 0.151861
0.240413 -0.445284 0.139575
0.171407 -0.391848 0.116485
0.074857 -0.351064 0.085376
-0.037591 -0.327852 0.050000
-0.152375 -0.325011 0.014624
-0.255650 -0.342883 -0.016485
-0.334959 -0.379313 -0.039575
-0.380738 -0.429908 -0.051861
-0.387463 -0.488564 -0.051861
-0.354324 -0.548207 -0.039575
-0.285319 -0.601643 -0.016485
-0.188769 -0.642426 0.014624
-0.076321 -0.665639 0.050000
-0.073558 -0.657581 0.044096
0.035608 -0.660283 0.077740
0.133828 -0.643286 0.107327
0.209256 -0.608638 0.129286
0.252794 -0.560520 0.140971
0.259190 -0.504735 0.140971
0.227673 -0.448011 0.129286
0.162045 -0.397190 0.107327
0.070221 -0.358403 0.077740
-0.036724 -0.336326 0.044096
-0.145890 -0.333624 0.010451
-0.244110 -0.350621 -0.019135
-0.319538 -0.385269 -0.041095
-0.363076 -0.433387 -0.052780
-0.369472 -0.489172 -0.052780
-0.337956 -0.545896 -0.041095
-0.272327 -0.596717 -0.019135
-0.180503 -0.635504 0.010451
-0.073558 -0.657581 0.044096
-0.069171 -0.633779 0.038769
0.023691 -0.636078 0.067389
0.107243 -0.621619 0.092557
0.171405 -0.592146 0.111237
0.208441 -0.551214 0.121176
0.213882 -0.503760 0.121176
0.187072 -0.455508 0.111237
0.131245 -0.412278 0.092557
0.053135 -0.379283 0.067389
-0.037838 -0.360504 0.038769
-0.130700 -0.358205 0.010150
-0.214251 -0.372664 -0.015018
-0.278414 -0.402137 -0.033698
-0.315449 -0.443068 -0.043638
-0.320890 -0.490522 -0.043638
-0.294081 -0.538774 -0.033698
-0.238254 -0.582005 -0.015018
-0.160143 -0.615000 0.010150
-0.069171 -0.633779 0.038769
-0.063588 -0.596563 0.034542
0.003881 -0.598233 0.055336
0.064584 -0.587728 0.073621
0.111201 -0.566315 0.087193
0.138109 -0.536576 0.094415
0.142062 -0.502099 0.094415
0.122584 -0.467042 0.087193
0.082023 -0.435633 0.073621
0.025273 -0.411661 0.055336
-0.040823 -0.398017 0.034542
-0.108291 -0.396347 0.013749
-0.168995 -0.406852 -0.004536
-0.215612 -0.428265 -0.018108
-0.242519 -0.458004 -0.025330
-0.246473 -0.492481 -0.025330
-0.226994 -0.527538 -0.018108
-0.186434 -0.558947 -0.004536
-0.129683 -0.582919 0.013749
-0.063588 -0.596563 0.034542
-0.057355 -0.549577 0.031828
-0.021885 -0.550455 0.042760
0.010029 -0.544932 0.052373
0.034537 -0.533674 0.059509
0.048683 -0.518040 0.063305
0.050761 -0.499914 0.063305
0.040521 -0.481483 0.059509
0.019197 -0.464971 0.052373
-0.010639 -0.452368 0.042760
-0.045387 -0.445195 0.031828
-0.080857 -0.444317 0.020897
-0.112771 -0.449840 0.011283
-0.137279 -0.461097 0.004148
-0.151425 -0.476732 0.000352
-0.153504 -0.494857 0.000352
-0.143263 -0.513288 0.004148
-0.121939 -0.529801 0.011283
-0.092104 -0.542404 0.020897
-0.057355 -0.549577 0.031828
-0.051084 -0.497419 0.030893
-0.051084 -0.497419 0.030893
-0.051084 -0.497419 0.030893
-0.051084 -0.497419 0.030893
-0.051084 -0.497419 0.030893
-0.051084 -0.497419 0.030893
-0.051084 -0.497419 0.030893
-0.051084 -0.497419 0.030893
-0.051084 -0.497419 0.030893
-0.051084 -0.497419 0.030893
-0.051084 -0.497419 0.030893
-0.051084 -0.497419 0.030893
-0.051084 -0.497419 0.030893
-0.051084 -0.497419 0.030893
-0.051084 -0.497419 0.030893
-0.051084 -0.497419 0.030893
-0.051084 -0.497419 0.030893
-0.051084 -0.497419 0.030893
-0.051084 -0.497419 0.030893
0.240755 -0.438260 0.069107
0.240755 -0.438260 0.069107
0.240755 -0.438260 0.069107
0.240755 -0.438260 0.069107
0.240755 -0.438260 0.069107
0.240755 -0.438260 0.069107
0.240755 -0.438260 0.069107
0.240755 -0.438260 0.069107
0.240755 -0.438260 0.069107
0.240755 -0.438260 0.069107
0.240755 -0.438260 0.069107
0.240755 -0.438260 0.069107
0.240755 -0.438260 0.069107
0.240755 -0.438260 0.069107
0.240755 -0.438260 0.069107
0.240755 -0.438260 0.069107
0.240755 -0.438260 0.069107
0.240755 -0.438260 0.069107
0.240755 -0.438260 0.069107
0.266843 -0.483858 0.068172
0.296055 -0.463720 0.079103
0.318628 -0.440493 0.088717
0.331838 -0.416980 0.095852
0.334093 -0.396017 0.099648
0.325120 -0.380131 0.099648
0.306002 -0.371240 0.095852
0.279045 -0.370415 0.088717
0.247500 -0.377756 0.079103
0.215171 -0.392377 0.068172
0.185959 -0.412516 0.057240
0.163387 -0.435742 0.047627
0.150176 -0.459255 0.040491
0.147922 -0.480219 0.036695
0.156894 -0.496104 0.036695
0.176012 -0.504996 0.040491
0.202969 -0.505821 0.047627
0.234515 -0.498480 0.057240
0.266843 -0.483858 0.068172
0.290881 -0.524709 0.065458
0.346446 -0.486403 0.086251
0.389381 -0.442224 0.104536
0.414509 -0.397499 0.118108
0.418797 -0.357624 0.125330
0.401730 -0.327408 0.125330
0.365366 -0.310495 0.118108
0.314090 -0.308926 0.104536
0.254087 -0.322889 0.086251
0.192595 -0.350701 0.065458
0.137031 -0.389007 0.044664
0.094095 -0.433186 0.026379
0.068968 -0.477910 0.012807
0.064679 -0.517786 0.005585
0.081746 -0.548002 0.005585
0.118110 -0.564914 0.012807
0.169386 -0.566484 0.026379
0.229389 -0.552521 0.044664
0.290881 -0.524709 0.065458
0.310516 -0.556813 0.061231
0.386994 -0.504089 0.089850
0.446090 -0.443282 0.115018
0.480675 -0.381724 0.133698
0.486578 -0.326840 0.143638
0.463087 -0.285251 0.143638
0.413036 -0.261973 0.133698
0.342460 -0.259813 0.115018
0.259874 -0.279031 0.089850
0.175238 -0.317311 0.061231
0.098759 -0.370034 0.032611
0.039664 -0.430842 0.007443
0.005079 -0.492400 -0.011237
-0.000825 -0.547283 -0.021176
0.022666 -0.588872 -0.021176
0.072718 -0.612151 -0.011237
0.143293 -0.614311 0.007443
0.225879 -0.595092 0.032611
0.310516 -0.556813 0.061231
0.323826 -0.577027 0.055904
0.413731 -0.515047 0.089549
0.483202 -0.443563 0.119135
0.523860 -0.371197 0.141095
0.530799 -0.306678 0.152780
0.503184 -0.257787 0.152780
0.444345 -0.230422 0.141095
0.361379 -0.227883 0.119135
0.264293 -0.250476 0.089549
0.164797 -0.295476 0.055904
0.074891 -0.357456 0.022260
0.005420 -0.428940 -0.007327
-0.035237 -0.501305 -0.029286
-0.042177 -0.565825 -0.040971
-0.014562 -0.614716 -0.040971
0.044277 -0.642081 -0.029286
0.127243 -0.644620 -0.007327
0.224330 -0.622027 0.022260
0.323826 -0.577027 0.055904
0.329508 -0.583373 0.050000
0.424040 -0.518204 0.085376
0.497087 -0.443041 0.116485
0.539836 -0.366951 0.139575
0.547133 -0.299112 0.151861
0.518097 -0.247705 0.151861
0.456230 -0.218931 0.139575
0.368994 -0.216261 0.116485
0.266912 -0.240017 0.085376
0.162295 -0.287333 0.050000
0.067763 -0.352503 0.014624
-0.005284 -0.427665 -0.016485
-0.048033 -0.503755 -0.039575
-0.055330 -0.571595 -0.051861
-0.026294 -0.623001 -0.051861
0.035573 -0.651775 -0.039575
0.122809 -0.654445 -0.016485
0.224891 -0.630689 0.014624
0.329508 -0.583373 0.050000
0.327006 -0.575231 0.044096
0.416912 -0.513251 0.077740
0.486383 -0.441767 0.107327
0.527040 -0.369401 0.129286
0.533980 -0.304882 0.140971
0.506365 -0.255991 0.140971
0.447526 -0.228626 0.129286
0.364560 -0.226086 0.107327
0.267473 -0.248679 0.077740
0.167977 -0.293680 0.044096
0.078072 -0.355659 0.010451
0.008601 -0.427143 -0.019135
-0.032057 -0.499509 -0.041095
-0.038996 -0.564028 -0.052780
-0.011381 -0.612919 -0.052780
0.047458 -0.640285 -0.041095
0.130424 -0.642824 -0.019135
0.227510 -0.620231 0.010451
0.327006 -0.575231 0.044096
0.316565 -0.553395 0.038769
0.393044 -0.500672 0.067389
0.452139 -0.439864 0.092557
0.486724 -0.378306 0.111237
0.492628 -0.323423 0.121176
0.469137 -0.281834 0.121176
0.419085 -0.258556 0.111237
0.348510 -0.256396 0.092557
0.265924 -0.275614 0.067389
0.181287 -0.313894 0.038769
0.104809 -0.366617 0.010150
0.045713 -0.427425 -0.015018
0.011128 -0.488983 -0.033698
0.005225 -0.543866 -0.043638
0.028716 -0.585455 -0.043638
0.078767 -0.608734 -0.033698
0.149342 -0.610894 -0.015018
0.231929 -0.591675 0.010150
0.316565 -0.553395 0.038769
0.299208 -0.520006 0.034542
0.354772 -0.481700 0.055336
0.397708 -0.437521 0.073621
0.422835 -0.392796 0.087193
0.427124 -0.352921 0.094415
0.410057 -0.322705 0.094415
0.373693 -0.305792 0.087193
0.322417 -0.304223 0.073621
0.262414 -0.318186 0.055336
0.200922 -0.345998 0.034542
0.145357 -0.384303 0.013749
0.102422 -0.428483 -0.004536
0.077294 -0.473207 -0.018108
0.073006 -0.513082 -0.025330
0.090073 -0.543299 -0.025330
0.126437 -0.560211 -0.018108
0.177713 -0.561781 -0.004536
0.237715 -0.547817 0.013749
0.299208 -0.520006 0.034542
0.276632 -0.478329 0.031828
0.305844 -0.458191 0.042760
0.328416 -0.434964 0.052373
0.341627 -0.411451 0.059509
0.343881 -0.390488 0.063305
0.334909 -0.374602 0.063305
0.315791 -0.365711 0.059509
0.288834 -0.364886 0.052373
0.257288 -0.372227 0.042760
0.224960 -0.386848 0.031828
0.195748 -0.406987 0.020897
0.173175 -0.430213 0.011283
0.159965 -0.453726 0.004148
0.157710 -0.474690 0.000352
0.166683 -0.490575 0.000352
0.185801 -0.499467 0.004148
0.212758 -0.500292 0.011283
0.244303 -0.492951 0.020897
0.276632 -0.478329 0.031828
0.251048 -0.432446 0.030893
0.251048 -0.432446 0.030893
0.251048 -0.432446 0.030893
0.251048 -0.432446 0.030893
0.251048 -0.432446 0.030893
0.251048 -0.432446 0.030893
0.251048 -0.432446 0.030893
0.251048 -0.432446 0.030893
0.251048 -0.432446 0.030893
0.251048 -0.432446 0.030893
0.251048 -0.432446 0.030893
0.251048 -0.432446 0.030893
0.251048 -0.432446 0.030893
0.251048 -0.432446 0.030893
0.251048 -0.432446 0.030893
0.251048 -0.432446 0.030893
0.251048 -0.432446 0.030893
0.251048 -0.432446 0.030893
0.251048 -0.432446 0.030893
0.452378 -0.213047 0.069107
0.452378 -0.213047 0.069107
0.452378 -0.213047 0.069107
0.452378 -0.213047 0.069107
0.452378 -0.213047 0.069107
0.452378 -0.213047 0.069107
0.452378 -0.213047 0.069107
0.452378 -0.213047 0.069107
0.452378 -0.213047 0.069107
0.452378 -0.213047 0.069107
0.452378 -0.213047 0.069107
0.452378 -0.213047 0.069107
0.452378 -0.213047 0.069107
0.452378 -0.213047 0.069107
0.452378 -0.213047 0.069107
0.452378 -0.213047 0.069107
0.452378 -0.213047 0.069107
0.452378 -0.213047 0.069107
0.452378 -0.213047 0.069107
0.500285 -0.234603 0.068172
0.512081 -0.201141 0.079103
0.516691 -0.169082 0.088717
0.513557 -0.142295 0.095852
0.503060 -0.124010 0.099648
0.486463 -0.116432 0.099648
0.465770 -0.120476 0.095852
0.443476 -0.135653 0.088717
0.422271 -0.160134 0.079103
0.404711 -0.190965 0.068172
0.392915 -0.224428 0.057240
0.388305 -0.256486 0.047627
0.391439 -0.283274 0.040491
0.401936 -0.301559 0.036695
0.418533 -0.309137 0.036695
0.439226 -0.305093 0.040491
0.461520 -0.289915 0.047627
0.482726 -0.265434 0.057240
0.500285 -0.234603 0.068172
0.543744 -0.253523 0.065458
0.566181 -0.189873 0.086251
0.574948 -0.128894 0.104536
0.568989 -0.077942 0.118108
0.549020 -0.043161 0.125330
0.517452 -0.028747 0.125330
0.478092 -0.036439 0.118108
0.435686 -0.065309 0.104536
0.395351 -0.111874 0.086251
0.361950 -0.170518 0.065458
0.339512 -0.234168 0.044664
0.330745 -0.295147 0.026379
0.336705 -0.346099 0.012807
0.356673 -0.380880 0.005585
0.388241 -0.395294 0.005585
0.427602 -0.387602 0.012807
0.470007 -0.358732 0.026379
0.510343 -0.312167 0.044664
0.543744 -0.253523 0.065458
0.578499 -0.267954 0.061231
0.609381 -0.180347 0.089850
0.621448 -0.096417 0.115018
0.613245 -0.026287 0.133698
0.585762 0.021584 0.143638
0.542312 0.041423 0.143638
0.488137 0.030836 0.133698
0.429770 -0.008900 0.115018
0.374253 -0.072991 0.089850
0.328281 -0.153708 0.061231
0.297399 -0.241315 0.032611
0.285331 -0.325245 0.007443
0.293534 -0.395375 -0.011237
0.321018 -0.443246 -0.021176
0.364468 -0.463085 -0.021176
0.418643 -0.452498 -0.011237
0.477009 -0.412763 0.007443
0.532526 -0.348671 0.032611
0.578499 -0.267954 0.061231
0.601148 -0.276485 0.055904
0.637453 -0.173497 0.089549
0.651639 -0.074831 0.119135
0.641996 0.007612 0.141095
0.609687 0.063888 0.152780
0.558608 0.087210 0.152780
0.494921 0.074764 0.141095
0.426308 0.028052 0.119135
0.361043 -0.047292 0.089549
0.307000 -0.142180 0.055904
0.270695 -0.245168 0.022260
0.256509 -0.343834 -0.007327
0.266152 -0.426277 -0.029286
0.298462 -0.482553 -0.040971
0.349540 -0.505874 -0.040971
0.413227 -0.493429 -0.029286
0.481840 -0.446717 -0.007327
0.547105 -0.371373 0.022260
0.601148 -0.276485 0.055904
0.609476 -0.278279 0.050000
0.647648 -0.169991 0.085376
0.662565 -0.066248 0.116485
0.652425 0.020438 0.139575
0.618453 0.079610 0.151861
0.564746 0.104132 0.151861
0.497782 0.091046 0.139575
0.425638 0.041930 0.116485
0.357014 -0.037291 0.085376
0.300190 -0.137063 0.050000
0.262017 -0.245351 0.014624
0.247101 -0.349094 -0.016485
0.257240 -0.435780 -0.039575
0.291212 -0.494952 -0.051861
0.344919 -0.519474 -0.051861
0.411883 -0.506388 -0.039575
0.484028 -0.457272 -0.016485
0.552651 -0.378051 0.014624
0.609476 -0.278279 0.050000
0.602666 -0.273162 0.044096
0.638970 -0.170174 0.077740
0.653156 -0.071508 0.107327
0.643513 0.010935 0.129286
0.611204 0.067211 0.140971
0.560125 0.090533 0.140971
0.496439 0.078087 0.129286
0.427825 0.031375 0.107327
0.362561 -0.043969 0.077740
0.308517 -0.138857 0.044096
0.272213 -0.241845 0.010451
0.258027 -0.340511 -0.019135
0.267670 -0.422954 -0.041095
0.299979 -0.479230 -0.052780
0.351057 -0.502552 -0.052780
0.414744 -0.490106 -0.041095
0.483358 -0.443394 -0.019135
0.548622 -0.368050 0.010451
0.602666 -0.273162 0.044096
0.581385 -0.261634 0.038769
0.612267 -0.174027 0.067389
0.624334 -0.090097 0.092557
0.616131 -0.019967 0.111237
0.588647 0.027904 0.121176
0.545198 0.047743 0.121176
0.491022 0.037156 0.111237
0.432656 -0.002579 0.092557
0.377139 -0.066671 0.067389
0.331167 -0.147388 0.038769
0.300284 -0.234994 0.010150
0.288217 -0.318924 -0.015018
0.296420 -0.389054 -0.033698
0.323904 -0.436926 -0.043638
0.367354 -0.456764 -0.043638
0.421529 -0.446178 -0.033698
0.479895 -0.406442 -0.015018
0.535412 -0.342351 0.010150
0.581385 -0.261634 0.038769
0.547716 -0.244824 0.034542
0.570153 -0.181174 0.055336
0.578920 -0.120195 0.073621
0.572961 -0.069242 0.087193
0.552992 -0.034462 0.094415
0.521424 -0.020048 0.094415
0.482064 -0.027740 0.087193
0.439658 -0.056609 0.073621
0.399323 -0.103175 0.055336
0.365922 -0.161819 0.034542
0.343484 -0.225469 0.013749
0.334717 -0.286448 -0.004536
0.340677 -0.337400 -0.018108
0.360645 -0.372181 -0.025330
0.392213 -0.386594 -0.025330
0.431574 -0.378903 -0.018108
0.473979 -0.350033 -0.004536
0.514315 -0.303468 0.013749
0.547716 -0.244824 0.034542
0.504955 -0.224377 0.031828
0.516751 -0.190914 0.042760
0.521360 -0.158855 0.052373
0.518227 -0.132068 0.059509
0.507729 -0.113783 0.063305
0.491133 -0.106205 0.063305
0.470439 -0.110249 0.059509
0.448146 -0.125427 0.052373
0.426940 -0.149907 0.042760
0.409380 -0.180738 0.031828
0.397584 -0.214201 0.020897
0.392975 -0.246260 0.011283
0.396108 -0.273047 0.004148
0.406606 -0.291332 0.000352
0.423202 -0.298910 0.000352
0.443895 -0.294866 0.004148
0.466189 -0.279689 0.011283
0.487395 -0.255208 0.020897
0.504955 -0.224377 0.031828
0.457288 -0.202294 0.030893
0.457288 -0.202294 0.030893
0.457288 -0.202294 0.030893
0.457288 -0.202294 0.030893
0.457288 -0.202294 0.030893
0.457288 -0.202294 0.030893
0.457288 -0.202294 0.030893
0.457288 -0.202294 0.030893
0.457288 -0.202294 0.030893
0.457288 -0.202294 0.030893
0.457288 -0.202294 0.030893
0.457288 -0.202294 0.030893
0.457288 -0.202294 0.030893
0.457288 -0.202294 0.030893
0.457288 -0.202294 0.030893
0.457288 -0.202294 0.030893
0.457288 -0.202294 0.030893
0.457288 -0.202294 0.030893
0.457288 -0.202294 0.030893
0.554938 0.228207 0.119107
0.554938 0.228207 0.119107
0.554938 0.228207 0.119107
0.554938 0.228207 0.119107
0.554938 0.228207 0.119107
0.554938 0.228207 0.119107
0.554938 0.228207 0.119107
0.554938 0.228207 0.119107
0.554938 0.228207 0.119107
0.554938 0.228207 0.119107
0.554938 0.228207 0.119107
0.554938 0.228207 0.119107
0.554938 0.228207 0.119107
0.554938 0.228207 0.119107
0.554938 0.228207 0.119107
0.554938 0.228207 0.119107
0.554938 0.228207 0.119107
0.554938 0.228207 0.119107
0.554938 0.228207 0.119107
0.608904 0.251338 0.118172
0.589915 0.287158 0.130665
0.566694 0.315901 0.141652
0.542041 0.334098 0.149806
0.518930 0.339556 0.154145
0.500149 0.331615 0.154145
0.487962 0.311234 0.149806
0.483841 0.280871 0.141652
0.488281 0.244188 0.130665
0.500747 0.205610 0.118172
0.519736 0.169789 0.105678
0.542958 0.141046 0.094692
0.567610 0.122849 0.086537
0.590721 0.117391 0.082198
0.609502 0.125332 0.082198
0.621689 0.145713 0.086537
0.625811 0.176076 0.094692
0.621370 0.212759 0.105678
0.608904 0.251338 0.118172
0.657362 0.272737 0.115458
0.621243 0.340872 0.139222
0.577073 0.395543 0.160119
0.530180 0.430157 0.175630
0.486221 0.440538 0.183883
0.450497 0.425434 0.183883
0.427317 0.386667 0.175630
0.419477 0.328913 0.160119
0.427923 0.259138 0.139222
0.451635 0.185757 0.115458
0.487755 0.117622 0.091694
0.531924 0.062950 0.070796
0.578817 0.028337 0.055285
0.622776 0.017956 0.047032
0.658500 0.033059 0.047032
0.681680 0.071826 0.055285
0.689520 0.129581 0.070796
0.681075 0.199356 0.091694
0.657362 0.272737 0.115458
0.695569 0.290310 0.111231
0.645855 0.384090 0.143939
0.585060 0.459339 0.172702
0.520518 0.506981 0.194051
0.460013 0.521269 0.205410
0.410843 0.500480 0.205410
0.378939 0.447122 0.194051
0.368148 0.367630 0.172702
0.379773 0.271592 0.143939
0.412410 0.170592 0.111231
0.462124 0.076812 0.078522
0.522919 0.001564 0.049759
0.587461 -0.046078 0.028411
0.647965 -0.060366 0.017051
0.697135 -0.039578 0.017051
0.729040 0.013781 0.028411
0.739831 0.093272 0.049759
0.728206 0.189310 0.078522
0.695569 0.290310 0.111231
0.719784 0.302337 0.105904
0.661342 0.412582 0.144355
0.589874 0.501042 0.178168
0.514000 0.557049 0.203265
0.442872 0.573845 0.216619
0.385070 0.549407 0.216619
0.347564 0.486680 0.203265
0.334878 0.393232 0.178168
0.348544 0.280333 0.144355
0.386911 0.161601 0.105904
0.445354 0.051356 0.067454
0.516822 -0.037105 0.033640
0.592696 -0.093111 0.008544
0.663823 -0.109908 -0.004810
0.721626 -0.085469 -0.004810
0.759132 -0.022743 0.008544
0.771817 0.070705 0.033640
0.758152 0.183604 0.067454
0.719784 0.302337 0.105904
0.727638 0.307640 0.100000
0.666188 0.423559 0.140430
0.591042 0.516572 0.175983
0.511264 0.575460 0.202371
0.436476 0.593121 0.216412
0.375698 0.567425 0.216412
0.336262 0.501471 0.202371
0.322924 0.403213 0.175983
0.337293 0.284504 0.140430
0.377635 0.159662 0.100000
0.439085 0.043743 0.059570
0.514231 -0.049270 0.024017
0.594009 -0.108158 -0.002371
0.668797 -0.125819 -0.016412
0.729575 -0.100123 -0.016412
0.769011 -0.034169 -0.002371
0.782349 0.064089 0.024017
0.767980 0.182798 0.059570
0.727638 0.307640 0.100000
0.718362 0.305701 0.094096
0.659919 0.415946 0.132546
0.588451 0.504407 0.166360
0.512578 0.560413 0.191456
0.441450 0.577210 0.204810
0.383647 0.552771 0.204810
0.346141 0.490045 0.191456
0.333456 0.396597 0.166360
0.347121 0.283698 0.132546
0.385489 0.164965 0.094096
0.443931 0.054720 0.055645
0.515399 -0.033740 0.021832
0.591273 -0.089747 -0.003265
0.662401 -0.106543 -0.016619
0.720204 -0.082105 -0.016619
0.757709 -0.019378 -0.003265
0.770395 0.074070 0.021832
0.756729 0.186969 0.055645
0.718362 0.305701 0.094096
0.692863 0.296710 0.088769
0.643149 0.390490 0.121478
0.582355 0.465738 0.150241
0.517813 0.513380 0.171589
0.457308 0.527668 0.182949
0.408138 0.506880 0.182949
0.376233 0.453521 0.171589
0.365443 0.374030 0.150241
0.377067 0.277992 0.121478
0.409704 0.176992 0.088769
0.459419 0.083212 0.056061
0.520213 0.007963 0.027298
0.584755 -0.039679 0.005949
0.645260 -0.053967 -0.005410
0.694430 -0.033178 -0.005410
0.726334 0.020180 0.005949
0.737125 0.099672 0.027298
0.725501 0.195710 0.056061
0.692863 0.296710 0.088769
0.653638 0.281545 0.084542
0.617519 0.349680 0.108306
0.573349 0.404352 0.129204
0.526456 0.438965 0.144715
0.482497 0.449346 0.152968
0.446773 0.434243 0.152968
0.423593 0.395476 0.144715
0.415753 0.337721 0.129204
0.424199 0.267946 0.108306
0.447911 0.194565 0.084542
0.484031 0.126430 0.060778
0.528200 0.071759 0.039881
0.575093 0.037145 0.024370
0.619052 0.026764 0.016117
0.654776 0.041868 0.016117
0.677956 0.080635 0.024370
0.685796 0.138389 0.039881
0.677350 0.208164 0.060778
0.653638 0.281545 0.084542
0.604526 0.261692 0.081828
0.585537 0.297513 0.094322
0.562316 0.326256 0.105308
0.537663 0.344453 0.113463
0.514552 0.349911 0.117802
0.495771 0.341970 0.117802
0.483584 0.321589 0.113463
0.479463 0.291226 0.105308
0.483903 0.254543 0.094322
0.496369 0.215964 0.081828
0.515358 0.180144 0.069335
0.538580 0.151401 0.058348
0.563232 0.133204 0.050194
0.586343 0.127746 0.045855
0.605125 0.135687 0.045855
0.617311 0.156068 0.050194
0.621433 0.186431 0.058348
0.616993 0.223114 0.069335
0.604526 0.261692 0.081828
0.550335 0.239095 0.080893
0.550335 0.239095 0.080893
0.550335 0.239095 0.080893
0.550335 0.239095 0.080893
0.550335 0.239095 0.080893
0.550335 0.239095 0.080893
0.550335 0.239095 0.080893
0.550335 0.239095 0.080893
0.550335 0.239095 0.080893
0.550335 0.239095 0.080893
0.550335 0.239095 0.080893
0.550335 0.239095 0.080893
0.550335 0.239095 0.080893
0.550335 0.239095 0.080893
0.550335 0.239095 0.080893
0.550335 0.239095 0.080893
0.550335 0.239095 0.080893
0.550335 0.239095 0.080893
0.550335 0.239095 0.080893
0.314818 0.510808 0.119107
0.314818 0.510808 0.119107
0.314818 0.510808 0.119107
0.314818 0.510808 0.119107
0.314818 0.510808 0.119107
0.314818 0.510808 0.119107
0.314818 0.510808 0.119107
0.314818 0.510808 0.119107
0.314818 0.510808 0.119107
0.314818 0.510808 0.119107
0.314818 0.510808 0.119107
0.314818 0.510808 0.119107
0.314818 0.510808 0.119107
0.314818 0.510808 0.119107
0.314818 0.510808 0.119107
0.314818 0.510808 0.119107
0.314818 0.510808 0.119107
0.314818 0.510808 0.119107
0.314818 0.510808 0.119107
0.344881 0.561241 0.118172
0.308464 0.579059 0.130665
0.272783 0.588663 0.141652
0.242142 0.588895 0.149806
0.220237 0.579726 0.154145
0.209710 0.562263 0.154145
0.211831 0.538611 0.149806
0.226343 0.511624 0.141652
0.251497 0.484557 0.130665
0.284259 0.460673 0.118172
0.320676 0.442855 0.105678
0.356357 0.433251 0.094692
0.386998 0.433020 0.086537
0.408903 0.442189 0.082198
0.419430 0.459652 0.082198
0.417309 0.483304 0.086537
0.402797 0.510291 0.094692
0.377643 0.537358 0.105678
0.344881 0.561241 0.118172
0.371506 0.607036 0.115458
0.302236 0.640928 0.139222
0.234367 0.659196 0.160119
0.176085 0.659637 0.175630
0.134419 0.642196 0.183883
0.114396 0.608979 0.183883
0.118429 0.563991 0.175630
0.146034 0.512659 0.160119
0.193880 0.461173 0.139222
0.256195 0.415745 0.115458
0.325465 0.381853 0.091694
0.393335 0.363585 0.070796
0.451617 0.363145 0.055285
0.493283 0.380585 0.047032
0.513306 0.413802 0.047032
0.509272 0.458790 0.055285
0.481668 0.510123 0.070796
0.433822 0.561608 0.091694
0.371506 0.607036 0.115458
0.392087 0.643711 0.111231
0.296745 0.690359 0.143939
0.203331 0.715503 0.172702
0.123112 0.716109 0.194051
0.065765 0.692104 0.205410
0.038205 0.646385 0.205410
0.043757 0.584464 0.194051
0.081751 0.513811 0.172702
0.147605 0.442948 0.143939
0.233375 0.380421 0.111231
0.328717 0.333772 0.078522
0.422131 0.308629 0.049759
0.502350 0.308023 0.028411
0.559698 0.332027 0.017051
0.587258 0.377747 0.017051
0.581706 0.439668 0.028411
0.543711 0.510321 0.049759
0.477858 0.581184 0.078522
0.392087 0.643711 0.111231
0.404608 0.667674 0.105904
0.292527 0.722513 0.144355
0.182713 0.752071 0.178168
0.088410 0.752783 0.203265
0.020994 0.724564 0.216619
-0.011405 0.670818 0.216619
-0.004879 0.598025 0.203265
0.039786 0.514968 0.178168
0.117202 0.431663 0.144355
0.218031 0.358158 0.105904
0.330113 0.303320 0.067454
0.439927 0.273762 0.033640
0.534230 0.273049 0.008544
0.601646 0.301268 -0.004810
0.634045 0.355015 -0.004810
0.627519 0.427807 0.008544
0.582854 0.510865 0.033640
0.505438 0.594170 0.067454
0.404608 0.667674 0.105904
0.407845 0.676581 0.100000
0.289996 0.734242 0.140430
0.174530 0.765321 0.175983
0.075374 0.766070 0.202371
0.004488 0.736399 0.216412
-0.029578 0.679886 0.216412
-0.022715 0.603348 0.202371
0.024248 0.516016 0.175983
0.105648 0.428424 0.140430
0.211666 0.351137 0.100000
0.329516 0.293477 0.059570
0.444982 0.262397 0.024017
0.544137 0.261648 -0.002371
0.615023 0.291319 -0.016412
0.649089 0.347832 -0.016412
0.642227 0.424370 -0.002371
0.595263 0.511702 0.024017
0.513863 0.599294 0.059570
0.407845 0.676581 0.100000
0.401480 0.669560 0.094096
0.289399 0.724399 0.132546
0.179584 0.753957 0.166360
0.085282 0.754669 0.191456
0.017865 0.726450 0.204810
-0.014534 0.672703 0.204810
-0.008007 0.599911 0.191456
0.036658 0.516854 0.166360
0.114074 0.433549 0.132546
0.214903 0.360044 0.094096
0.326984 0.305206 0.055645
0.436799 0.275648 0.021832
0.531102 0.274935 -0.003265
0.598518 0.303154 -0.016619
0.630917 0.356901 -0.016619
0.624390 0.429693 -0.003265
0.579725 0.512751 0.021832
0.502309 0.596056 0.055645
0.401480 0.669560 0.094096
0.386136 0.647298 0.088769
0.290794 0.693946 0.121478
0.197381 0.719090 0.150241
0.117162 0.719696 0.171589
0.059814 0.695691 0.182949
0.032254 0.649972 0.182949
0.037806 0.588051 0.171589
0.075800 0.517398 0.150241
0.141654 0.446535 0.121478
0.227425 0.384008 0.088769
0.322767 0.337359 0.056061
0.416180 0.312216 0.027298
0.496399 0.311610 0.005949
0.553747 0.335614 -0.005410
0.581307 0.381334 -0.005410
0.575755 0.443255 0.005949
0.537761 0.513908 0.027298
0.471907 0.584771 0.056061
0.386136 0.647298 0.088769
0.363316 0.611973 0.084542
0.294046 0.645866 0.108306
0.226177 0.664133 0.129204
0.167895 0.664574 0.144715
0.126229 0.647134 0.152968
0.106205 0.613916 0.152968
0.110239 0.568928 0.144715
0.137844 0.517596 0.129204
0.185689 0.466111 0.108306
0.248005 0.420682 0.084542
0.317275 0.386790 0.060778
0.385144 0.368522 0.039881
0.443427 0.368082 0.024370
0.485092 0.385522 0.016117
0.505116 0.418740 0.016117
0.501082 0.463728 0.024370
0.473478 0.515060 0.039881
0.425632 0.566545 0.060778
0.363316 0.611973 0.084542
0.335253 0.567045 0.081828
0.298836 0.584863 0.094322
0.263155 0.594467 0.105308
0.232514 0.594699 0.113463
0.210609 0.585530 0.117802
0.200082 0.568066 0.117802
0.202203 0.544415 0.113463
0.216715 0.517428 0.105308
0.241869 0.490360 0.094322
0.274630 0.466477 0.081828
0.311048 0.448659 0.069335
0.346729 0.439055 0.058348
0.377370 0.438824 0.050194
0.399274 0.447993 0.045855
0.409801 0.465456 0.045855
0.407681 0.489108 0.050194
0.393168 0.516095 0.058348
0.368014 0.543162 0.069335
0.335253 0.567045 0.081828
0.304694 0.516911 0.080893
0.304694 0.516911 0.080893
0.304694 0.516911 0.080893
0.304694 0.516911 0.080893
0.304694 0.516911 0.080893
0.304694 0.516911 0.080893
0.304694 0.516911 0.080893
0.304694 0.516911 0.080893
0.304694 0.516911 0.080893
0.304694 0.516911 0.080893
0.304694 0.516911 0.080893
0.304694 0.516911 0.080893
0.304694 0.516911 0.080893
0.304694 0.516911 0.080893
0.304694 0.516911 0.080893
0.304694 0.516911 0.080893
0.304694 0.516911 0.080893
0.304694 0.516911 0.080893
0.304694 0.516911 0.080893
-0.045553 0.598297 0.119107
-0.045553 0.598297 0.119107
-0.045553 0.598297 0.119107
-0.045553 0.598297 0.119107
-0.045553 0.598297 0.119107
-0.045553 0.598297 0.119107
-0.045553 0.598297 0.119107
-0.045553 0.598297 0.119107
-0.045553 0.598297 0.119107
-0.045553 0.598297 0.119107
-0.045553 0.598297 0.119107
-0.045553 0.598297 0.119107
-0.045553 0.598297 0.119107
-0.045553 0.598297 0.119107
-0.045553 0.598297 0.119107
-0.045553 0.598297 0.119107
-0.045553 0.598297 0.119107
-0.045553 0.598297 0.119107
-0.045553 0.598297 0.119107
-0.050875 0.656770 0.118172
-0.090810 0.649779 0.130665
-0.125322 0.636576 0.141652
-0.150247 0.618753 0.149806
-0.162579 0.598460 0.154145
-0.160831 0.578144 0.154145
-0.145213 0.560256 0.149806
-0.117609 0.546954 0.141652
-0.081350 0.539841 0.130665
-0.040807 0.539776 0.118172
-0.000871 0.546766 0.105678
0.033640 0.559969 0.094692
0.058565 0.577792 0.086537
0.070897 0.598085 0.082198
0.069149 0.618401 0.082198
0.053531 0.636289 0.086537
0.025928 0.649592 0.094692
-0.010332 0.656705 0.105678
-0.050875 0.656770 0.118172
-0.056252 0.709469 0.115458
-0.132214 0.696172 0.139222
-0.197859 0.671059 0.160119
-0.245269 0.637157 0.175630
-0.268726 0.598557 0.183883
-0.265401 0.559915 0.183883
-0.235694 0.525889 0.175630
-0.183189 0.500586 0.160119
-0.114219 0.487057 0.139222
-0.037102 0.486933 0.115458
0.038860 0.500229 0.091694
0.104504 0.525343 0.070796
0.151915 0.559244 0.055285
0.175372 0.597844 0.047032
0.172046 0.636487 0.047032
0.142340 0.670512 0.055285
0.089835 0.695815 0.070796
0.020865 0.709345 0.091694
-0.056252 0.709469 0.115458
-0.061159 0.751236 0.111231
-0.165711 0.732935 0.143939
-0.256064 0.698369 0.172702
-0.321318 0.651708 0.194051
-0.353604 0.598580 0.205410
-0.349027 0.545392 0.205410
-0.308139 0.498561 0.194051
-0.235873 0.463734 0.172702
-0.140943 0.445112 0.143939
-0.034801 0.444941 0.111231
0.069751 0.463243 0.078522
0.160104 0.497808 0.049759
0.225358 0.544469 0.028411
0.257644 0.597598 0.017051
0.253067 0.650785 0.017051
0.212180 0.697617 0.028411
0.139913 0.732444 0.049759
0.044984 0.751065 0.078522
-0.061159 0.751236 0.111231
-0.065114 0.777983 0.105904
-0.188023 0.756468 0.144355
-0.294239 0.715834 0.178168
-0.370950 0.660981 0.203265
-0.408904 0.598525 0.216619
-0.403524 0.535999 0.216619
-0.355457 0.480945 0.203265
-0.270503 0.440004 0.178168
-0.158907 0.418112 0.144355
-0.034129 0.417912 0.105904
0.088780 0.439426 0.067454
0.194996 0.480061 0.033640
0.271707 0.534914 0.008544
0.309661 0.597370 -0.004810
0.304281 0.659896 -0.004810
0.256214 0.714949 0.008544
0.171260 0.755891 0.033640
0.059664 0.777782 0.067454
-0.065114 0.777983 0.105904
-0.067731 0.787091 0.100000
-0.196965 0.764470 0.140430
-0.308647 0.721744 0.175983
-0.389306 0.664068 0.202371
-0.429213 0.598398 0.216412
-0.423556 0.532654 0.216412
-0.373016 0.474767 0.202371
-0.283690 0.431719 0.175983
-0.166350 0.408701 0.140430
-0.035151 0.408490 0.100000
0.094083 0.431112 0.059570
0.205764 0.473838 0.024017
0.286423 0.531514 -0.002371
0.326331 0.597184 -0.016412
0.320674 0.662927 -0.016412
0.270134 0.720814 -0.002371
0.180807 0.763863 0.024017
0.063468 0.786880 0.059570
-0.067731 0.787091 0.100000
-0.068753 0.777670 0.094096
-0.191662 0.756155 0.132546
-0.297878 0.715521 0.166360
-0.374589 0.660667 0.191456
-0.412544 0.598211 0.204810
-0.407163 0.535686 0.204810
-0.359097 0.480632 0.191456
-0.274142 0.439690 0.166360
-0.162546 0.417799 0.132546
-0.037768 0.417599 0.094096
0.085140 0.439113 0.055645
0.191356 0.479748 0.021832
0.268067 0.534601 -0.003265
0.306022 0.597057 -0.016619
0.300641 0.659583 -0.016619
0.252575 0.714636 -0.003265
0.167620 0.755578 0.021832
0.056024 0.777469 0.055645
-0.068753 0.777670 0.094096
-0.068081 0.750640 0.088769
-0.172634 0.732339 0.121478
-0.262986 0.697773 0.150241
-0.328241 0.651112 0.171589
-0.360527 0.597984 0.182949
-0.355950 0.544796 0.182949
-0.315062 0.497965 0.171589
-0.242795 0.463138 0.150241
-0.147866 0.444516 0.121478
-0.041724 0.444346 0.088769
0.062829 0.462647 0.056061
0.153181 0.497213 0.027298
0.218436 0.543874 0.005949
0.250722 0.597002 -0.005410
0.246145 0.650189 -0.005410
0.205257 0.697021 0.005949
0.132990 0.731848 0.027298
0.038061 0.750470 0.056061
-0.068081 0.750640 0.088769
-0.065780 0.708649 0.084542
-0.141742 0.695352 0.108306
-0.207387 0.670239 0.129204
-0.254797 0.636338 0.144715
-0.278254 0.597738 0.152968
-0.274929 0.559095 0.152968
-0.245222 0.525070 0.144715
-0.192717 0.499766 0.129204
-0.123747 0.486237 0.108306
-0.046630 0.486113 0.084542
0.029332 0.499409 0.060778
0.094976 0.524523 0.039881
0.142387 0.558424 0.024370
0.165844 0.597024 0.016117
0.162518 0.635667 0.016117
0.132812 0.669692 0.024370
0.080307 0.694995 0.039881
0.011337 0.708525 0.060778
-0.065780 0.708649 0.084542
-0.062075 0.655806 0.081828
-0.102011 0.648815 0.094322
-0.136523 0.635612 0.105308
-0.161448 0.617790 0.113463
-0.173780 0.597496 0.117802
-0.172031 0.577181 0.117802
-0.156414 0.559293 0.113463
-0.128810 0.545990 0.105308
-0.092551 0.538877 0.094322
-0.052008 0.538812 0.081828
-0.012072 0.545802 0.069335
0.022439 0.559005 0.058348
0.047364 0.576828 0.050194
0.059696 0.597121 0.045855
0.057948 0.617437 0.045855
0.042330 0.635325 0.050194
0.014727 0.648628 0.058348
-0.021533 0.655741 0.069335
-0.062075 0.655806 0.081828
-0.057330 0.597284 0.080893
-0.057330 0.597284 0.080893
-0.057330 0.597284 0.080893
-0.057330 0.597284 0.080893
-0.057330 0.597284 0.080893
-0.057330 0.597284 0.080893
-0.057330 0.597284 0.080893
-0.057330 0.597284 0.080893
-0.057330 0.597284 0.080893
-0.057330 0.597284 0.080893
-0.057330 0.597284 0.080893
-0.057330 0.597284 0.080893
-0.057330 0.597284 0.080893
-0.057330 0.597284 0.080893
-0.057330 0.597284 0.080893
-0.057330 0.597284 0.080893
-0.057330 0.597284 0.080893
-0.057330 0.597284 0.080893
-0.057330 0.597284 0.080893
-0.388523 0.457258 0.119107
-0.388523 0.457258 0.119107
-0.388523 0.457258 0.119107
-0.388523 0.457258 0.119107
-0.388523 0.457258 0.119107
-0.388523 0.457258 0.119107
-0.388523 0.457258 0.119107
-0.388523 0.457258 0.119107
-0.388523 0.457258 0.119107
-0.388523 0.457258 0.119107
-0.388523 0.457258 0.119107
-0.388523 0.457258 0.119107
-0.388523 0.457258 0.119107
-0.388523 0.457258 0.119107
-0.388523 0.457258 0.119107
-0.388523 0.457258 0.119107
-0.388523 0.457258 0.119107
-0.388523 0.457258 0.119107
-0.388523 0.457258 0.119107
-0.427198 0.501435 0.118172
-0.455398 0.472306 0.130665
-0.475558 0.441339 0.141652
-0.485246 0.412269 0.149806
-0.483295 0.388603 0.154145
-0.469939 0.373195 0.154145
-0.446790 0.367903 0.149806
-0.416639 0.373366 0.141652
-0.383124 0.388924 0.130665
-0.350286 0.412702 0.118172
-0.322086 0.441831 0.105678
-0.301926 0.472798 0.094692
-0.292237 0.501867 0.086537
-0.294189 0.525533 0.082198
-0.307544 0.540942 0.082198
-0.330694 0.546234 0.086537
-0.360844 0.540771 0.094692
-0.394360 0.525212 0.105678
-0.427198 0.501435 0.118172
-0.462524 0.540908 0.115458
-0.516163 0.485502 0.139222
-0.554510 0.426599 0.160119
-0.572939 0.371306 0.175630
-0.569227 0.326290 0.183883
-0.543823 0.296982 0.183883
-0.499791 0.286916 0.175630
-0.442440 0.297307 0.160119
-0.378690 0.326901 0.139222
-0.316228 0.372129 0.115458
-0.262589 0.427535 0.091694
-0.224243 0.486437 0.070796
-0.205814 0.541731 0.055285
-0.209525 0.586747 0.047032
-0.234929 0.616055 0.047032
-0.278962 0.626121 0.055285
-0.336312 0.615730 0.070796
-0.400063 0.586136 0.091694
-0.462524 0.540908 0.115458
-0.491044 0.571814 0.111231
-0.564871 0.495554 0.143939
-0.617651 0.414482 0.172702
-0.643016 0.338377 0.194051
-0.637908 0.276418 0.205410
-0.602942 0.236079 0.205410
-0.542337 0.222224 0.194051
-0.463401 0.236526 0.172702
-0.375656 0.277259 0.143939
-0.289685 0.339509 0.111231
-0.215857 0.415770 0.078522
-0.163078 0.496842 0.049759
-0.137712 0.572947 0.028411
-0.142821 0.634906 0.017051
-0.177786 0.675245 0.017051
-0.238392 0.689100 0.028411
-0.317328 0.674798 0.049759
-0.405073 0.634065 0.078522
-0.491044 0.571814 0.111231
-0.509965 0.591128 0.105904
-0.596755 0.501479 0.144355
-0.658801 0.406173 0.178168
-0.688619 0.316706 0.203265
-0.682614 0.243869 0.216619
-0.641510 0.196447 0.216619
-0.570264 0.180160 0.203265
-0.477469 0.196973 0.178168
-0.374318 0.244857 0.144355
-0.273253 0.318037 0.105904
-0.186464 0.407687 0.067454
-0.124418 0.502993 0.033640
-0.094599 0.592460 0.008544
-0.100604 0.665297 -0.004810
-0.141709 0.712719 -0.004810
-0.212955 0.729005 0.008544
-0.305750 0.712193 0.033640
-0.408900 0.664308 0.067454
-0.509965 0.591128 0.105904
-0.517436 0.596959 0.100000
-0.608692 0.502696 0.140430
-0.673931 0.402485 0.175983
-0.705284 0.308414 0.202371
-0.698970 0.231829 0.216412
-0.655750 0.181966 0.216412
-0.580838 0.164842 0.202371
-0.483268 0.182519 0.175983
-0.374809 0.232868 0.140430
-0.268543 0.309814 0.100000
-0.177287 0.404077 0.059570
-0.112048 0.504288 0.024017
-0.080695 0.598359 -0.002371
-0.087009 0.674944 -0.016412
-0.130228 0.724807 -0.016412
-0.205141 0.741931 -0.002371
-0.302711 0.724254 0.024017
-0.411170 0.673905 0.059570
-0.517436 0.596959 0.100000
-0.512725 0.588736 0.094096
-0.599515 0.499086 0.132546
-0.661561 0.403780 0.166360
-0.691380 0.314313 0.191456
-0.685375 0.241476 0.204810
-0.644270 0.194054 0.204810
-0.573024 0.177768 0.191456
-0.480229 0.194580 0.166360
-0.377079 0.242465 0.132546
-0.276014 0.315645 0.094096
-0.189224 0.405294 0.055645
-0.127178 0.500600 0.021832
-0.097359 0.590067 -0.003265
-0.103364 0.662904 -0.016619
-0.144469 0.710326 -0.016619
-0.215715 0.726613 -0.003265
-0.308510 0.709800 0.021832
-0.411660 0.661916 0.055645
-0.512725 0.588736 0.094096
-0.496294 0.567264 0.088769
-0.570122 0.491003 0.121478
-0.622901 0.409931 0.150241
-0.648266 0.333826 0.171589
-0.643158 0.271867 0.182949
-0.608193 0.231528 0.182949
-0.547587 0.217673 0.171589
-0.468651 0.231975 0.150241
-0.380906 0.272708 0.121478
-0.294935 0.334959 0.088769
-0.221108 0.411219 0.056061
-0.168328 0.492291 0.027298
-0.142963 0.568396 0.005949
-0.148071 0.630355 -0.005410
-0.183036 0.670694 -0.005410
-0.243642 0.684549 0.005949
-0.322578 0.670247 0.027298
-0.410323 0.629514 0.056061
-0.496294 0.567264 0.088769
-0.469751 0.534644 0.084542
-0.523389 0.479238 0.108306
-0.561736 0.420336 0.129204
-0.580165 0.365042 0.144715
-0.576454 0.320026 0.152968
-0.551050 0.290718 0.152968
-0.507017 0.280652 0.144715
-0.449667 0.291043 0.129204
-0.385916 0.320637 0.108306
-0.323455 0.365865 0.084542
-0.269816 0.421271 0.060778
-0.231469 0.480174 0.039881
-0.213040 0.535467 0.024370
-0.216752 0.580483 0.016117
-0.242156 0.609791 0.016117
-0.286188 0.619857 0.024370
-0.343538 0.609466 0.039881
-0.407289 0.579872 0.060778
-0.469751 0.534644 0.084542
-0.435693 0.494071 0.081828
-0.463893 0.464942 0.094322
-0.484053 0.433975 0.105308
-0.493741 0.404906 0.113463
-0.491790 0.381240 0.117802
-0.478435 0.365831 0.117802
-0.455285 0.360539 0.113463
-0.425135 0.366002 0.105308
-0.391619 0.381561 0.094322
-0.358781 0.405338 0.081828
-0.330581 0.434467 0.069335
-0.310421 0.465434 0.058348
-0.300733 0.494504 0.050194
-0.302684 0.518170 0.045855
-0.316039 0.533578 0.045855
-0.339189 0.538870 0.050194
-0.369339 0.533407 0.058348
-0.402855 0.517849 0.069335
-0.435693 0.494071 0.081828
-0.397456 0.449515 0.080893
-0.397456 0.449515 0.080893
-0.397456 0.449515 0.080893
-0.397456 0.449515 0.080893
-0.397456 0.449515 0.080893
-0.397456 0.449515 0.080893
-0.397456 0.449515 0.080893
-0.397456 0.449515 0.080893
-0.397456 0.449515 0.080893
-0.397456 0.449515 0.080893
-0.397456 0.449515 0.080893
-0.397456 0.449515 0.080893
-0.397456 0.449515 0.080893
-0.397456 0.449515 0.080893
-0.397456 0.449515 0.080893
-0.397456 0.449515 0.080893
-0.397456 0.449515 0.080893
-0.397456 0.449515 0.080893
-0.397456 0.449515 0.080893
-0.583091 0.141561 0.119107
-0.583091 0.141561 0.119107
-0.583091 0.141561 0.119107
-0.583091 0.141561 0.119107
-0.583091 0.141561 0.119107
-0.583091 0.141561 0.119107
-0.583091 0.141561 0.119107
-0.583091 0.141561 0.119107
-0.583091 0.141561 0.119107
-0.583091 0.141561 0.119107
-0.583091 0.141561 0.119107
-0.583091 0.141561 0.119107
-0.583091 0.141561 0.119107
-0.583091 0.141561 0.119107
-0.583091 0.141561 0.119107
-0.583091 0.141561 0.119107
-0.583091 0.141561 0.119107
-0.583091 0.141561 0.119107
-0.583091 0.141561 0.119107
-0.640346 0.154568 0.118172
-0.646039 0.114427 0.130665
-0.644147 0.077525 0.141652
-0.634898 0.048312 0.149806
-0.619409 0.030313 0.154145
-0.599547 0.025698 0.154145
-0.577709 0.035023 0.149806
-0.556527 0.057165 0.141652
-0.538558 0.089452 0.130665
-0.525967 0.127990 0.118172
-0.520275 0.168131 0.105678
-0.522167 0.205034 0.094692
-0.531415 0.234246 0.086537
-0.546904 0.252246 0.082198
-0.566766 0.256861 0.082198
-0.588605 0.247535 0.086537
-0.609786 0.225394 0.094692
-0.627756 0.193107 0.105678
-0.640346 0.154568 0.118172
-0.692128 0.165739 0.115458
-0.702955 0.089386 0.139222
-0.699356 0.019194 0.160119
-0.681765 -0.036372 0.175630
-0.652303 -0.070609 0.183883
-0.614524 -0.079388 0.183883
-0.572984 -0.061650 0.175630
-0.532694 -0.019534 0.160119
-0.498514 0.041880 0.139222
-0.474566 0.115184 0.115458
-0.463738 0.191537 0.091694
-0.467337 0.261730 0.070796
-0.484928 0.317295 0.055285
-0.514391 0.351532 0.047032
-0.552170 0.360311 0.047032
-0.593709 0.342573 0.055285
-0.633999 0.300457 0.070796
-0.668179 0.239043 0.091694
-0.692128 0.165739 0.115458
-0.733367 0.173979 0.111231
-0.748270 0.068889 0.143939
-0.743316 -0.027723 0.172702
-0.719104 -0.104203 0.194051
-0.678553 -0.151326 0.205410
-0.626554 -0.163409 0.205410
-0.569380 -0.138994 0.194051
-0.513926 -0.081027 0.172702
-0.466880 0.003502 0.143939
-0.433919 0.104396 0.111231
-0.419016 0.209487 0.078522
-0.423969 0.306099 0.049759
-0.448182 0.382579 0.028411
-0.488733 0.429702 0.017051
-0.540731 0.441785 0.017051
-0.597906 0.417370 0.028411
-0.653360 0.359403 0.049759
-0.700405 0.274874 0.078522
-0.733367 0.173979 0.111231
-0.760027 0.178483 0.105904
-0.777546 0.054941 0.144355
-0.771723 -0.058633 0.178168
-0.743260 -0.148540 0.203265
-0.695589 -0.203937 0.216619
-0.634461 -0.218141 0.216619
-0.567248 -0.189440 0.203265
-0.502058 -0.121295 0.178168
-0.446753 -0.021925 0.144355
-0.408004 0.096683 0.105904
-0.390485 0.220225 0.067454
-0.396308 0.333799 0.033640
-0.424772 0.423706 0.008544
-0.472442 0.479103 -0.004810
-0.533570 0.493307 -0.004810
-0.600783 0.464606 0.008544
-0.665973 0.396461 0.033640
-0.721278 0.297091 0.067454
-0.760027 0.178483 0.105904
-0.769498 0.178809 0.100000
-0.787919 0.048909 0.140430
-0.781796 -0.070509 0.175983
-0.751868 -0.165044 0.202371
-0.701744 -0.223291 0.216412
-0.637470 -0.238226 0.216412
-0.566799 -0.208048 0.202371
-0.498254 -0.136396 0.175983
-0.440103 -0.031913 0.140430
-0.399360 0.092799 0.100000
-0.380939 0.222699 0.059570
-0.387062 0.342117 0.024017
-0.416990 0.436652 -0.002371
-0.467114 0.494899 -0.016412
-0.531388 0.509834 -0.016412
-0.602059 0.479656 -0.002371
-0.670604 0.408004 0.024017
-0.728755 0.303521 0.059570
-0.769498 0.178809 0.100000
-0.760854 0.174925 0.094096
-0.778373 0.051383 0.132546
-0.772550 -0.062191 0.166360
-0.744087 -0.152098 0.191456
-0.696416 -0.207495 0.204810
-0.635288 -0.221699 0.204810
-0.568075 -0.192998 0.191456
-0.502885 -0.124853 0.166360
-0.447580 -0.025483 0.132546
-0.408831 0.093125 0.094096
-0.391312 0.216667 0.055645
-0.397135 0.330241 0.021832
-0.425598 0.420148 -0.003265
-0.473269 0.475545 -0.016619
-0.534397 0.489749 -0.016619
-0.601610 0.461048 -0.003265
-0.666800 0.392903 0.021832
-0.722105 0.293533 0.055645
-0.760854 0.174925 0.094096
-0.734939 0.167212 0.088769
-0.749842 0.062121 0.121478
-0.744889 -0.034491 0.150241
-0.720676 -0.110971 0.171589
-0.680125 -0.158094 0.182949
-0.628127 -0.170177 0.182949
-0.570952 -0.145762 0.171589
-0.515498 -0.087795 0.150241
-0.468453 -0.003266 0.121478
-0.435491 0.097629 0.088769
-0.420588 0.202719 0.056061
-0.425542 0.299331 0.027298
-0.449754 0.375811 0.005949
-0.490305 0.422934 -0.005410
-0.542304 0.435017 -0.005410
-0.599478 0.410602 0.005949
-0.654932 0.352635 0.027298
-0.701978 0.268106 0.056061
-0.734939 0.167212 0.088769
-0.694292 0.156424 0.084542
-0.705120 0.080071 0.108306
-0.701521 0.009879 0.129204
-0.683930 -0.045687 0.144715
-0.654467 -0.079924 0.152968
-0.616688 -0.088703 0.152968
-0.575149 -0.070965 0.144715
-0.534859 -0.028849 0.129204
-0.500679 0.032565 0.108306
-0.476730 0.105869 0.084542
-0.465903 0.182222 0.060778
-0.469502 0.252414 0.039881
-0.487093 0.307980 0.024370
-0.516555 0.342217 0.016117
-0.554334 0.350996 0.016117
-0.595874 0.333258 0.024370
-0.636164 0.291142 0.039881
-0.670344 0.229728 0.060778
-0.694292 0.156424 0.084542
-0.642891 0.143618 0.081828
-0.648583 0.103477 0.094322
-0.646691 0.066574 0.105308
-0.637443 0.037362 0.113463
-0.621954 0.019362 0.117802
-0.602092 0.014747 0.117802
-0.580253 0.024073 0.113463
-0.559072 0.046214 0.105308
-0.541102 0.078501 0.094322
-0.528512 0.117040 0.081828
-0.522819 0.157181 0.069335
-0.524711 0.194083 0.058348
-0.533960 0.223296 0.050194
-0.549449 0.241295 0.045855
-0.569311 0.245911 0.045855
-0.591149 0.236585 0.050194
-0.612331 0.214443 0.058348
-0.630300 0.182156 0.069335
-0.642891 0.143618 0.081828
-0.585767 0.130047 0.080893
-0.585767 0.130047 0.080893
-0.585767 0.130047 0.080893
-0.585767 0.130047 0.080893
-0.585767 0.130047 0.080893
-0.585767 0.130047 0.080893
-0.585767 0.130047 0.080893
-0.585767 0.130047 0.080893
-0.585767 0.130047 0.080893
-0.585767 0.130047 0.080893
-0.585767 0.130047 0.080893
-0.585767 0.130047 0.080893
-0.585767 0.130047 0.080893
-0.585767 0.130047 0.080893
-0.585767 0.130047 0.080893
-0.585767 0.130047 0.080893
-0.585767 0.130047 0.080893
-0.585767 0.130047 0.080893
-0.585767 0.130047 0.080893
-0.554938 -0.228207 0.119107
-0.554938 -0.228207 0.119107
-0.554938 -0.228207 0.119107
-0.554938 -0.228207 0.119107
-0.554938 -0.228207 0.119107
-0.554938 -0.228207 0.119107
-0.554938 -0.228207 0.119107
-0.554938 -0.228207 0.119107
-0.554938 -0.228207 0.119107
-0.554938 -0.228207 0.119107
-0.554938 -0.228207 0.119107
-0.554938 -0.228207 0.119107
-0.554938 -0.228207 0.119107
-0.554938 -0.228207 0.119107
-0.554938 -0.228207 0.119107
-0.554938 -0.228207 0.119107
-0.554938 -0.228207 0.119107
-0.554938 -0.228207 0.119107
-0.554938 -0.228207 0.119107
-0.608904 -0.251338 0.118172
-0.589915 -0.287158 0.130665
-0.566694 -0.315901 0.141652
-0.542041 -0.334098 0.149806
-0.518930 -0.339556 0.154145
-0.500149 -0.331615 0.154145
-0.487962 -0.311234 0.149806
-0.483841 -0.280871 0.141652
-0.488281 -0.244188 0.130665
-0.500747 -0.205610 0.118172
-0.519736 -0.169789 0.105678
-0.542958 -0.141046 0.094692
-0.567610 -0.122849 0.086537
-0.590721 -0.117391 0.082198
-0.609502 -0.125332 0.082198
-0.621689 -0.145713 0.086537
-0.625811 -0.176076 0.094692
-0.621370 -0.212759 0.105678
-0.608904 -0.251338 0.118172
-0.657362 -0.272737 0.115458
-0.621243 -0.340872 0.139222
-0.577073 -0.395543 0.160119
-0.530180 -0.430157 0.175630
-0.486221 -0.440538 0.183883
-0.450497 -0.425434 0.183883
-0.427317 -0.386667 0.175630
-0.419477 -0.328913 0.160119
-0.427923 -0.259138 0.139222
-0.451635 -0.185757 0.115458
-0.487755 -0.117622 0.091694
-0.531924 -0.062950 0.070796
-0.578817 -0.028337 0.055285
-0.622776 -0.017956 0.047032
-0.658500 -0.033059 0.047032
-0.681680 -0.071826 0.055285
-0.689520 -0.129581 0.070796
-0.681075 -0.199356 0.091694
-0.657362 -0.272737 0.115458
-0.695569 -0.290310 0.111231
-0.645855 -0.384090 0.143939
-0.585060 -0.459339 0.172702
-0.520518 -0.506981 0.194051
-0.460013 -0.521269 0.205410
-0.410843 -0.500480 0.205410
-0.378939 -0.447122 0.194051
-0.368148 -0.367630 0.172702
-0.379773 -0.271592 0.143939
-0.412410 -0.170592 0.111231
-0.462124 -0.076812 0.078522
-0.522919 -0.001564 0.049759
-0.587461 0.046078 0.028411
-0.647965 0.060366 0.017051
-0.697135 0.039578 0.017051
-0.729040 -0.013781 0.028411
-0.739831 -0.093272 0.049759
-0.728206 -0.189310 0.078522
-0.695569 -0.290310 0.111231
-0.719784 -0.302337 0.105904
-0.661342 -0.412582 0.144355
-0.589874 -0.501042 0.178168
-0.514000 -0.557049 0.203265
-0.442872 -0.573845 0.216619
-0.385070 -0.549407 0.216619
-0.347564 -0.486680 0.203265
-0.334878 -0.393232 0.178168
-0.348544 -0.280333 0.144355
-0.386911 -0.161601 0.105904
-0.445354 -0.051356 0.067454
-0.516822 0.037105 0.033640
-0.592696 0.093111 0.008544
-0.663823 0.109908 -0.004810
-0.721626 0.085469 -0.004810
-0.759132 0.022743 0.008544
-0.771817 -0.070705 0.033640
-0.758152 -0.183604 0.067454
-0.719784 -0.302337 0.105904
-0.727638 -0.307640 0.100000
-0.666188 -0.423559 0.140430
-0.591042 -0.516572 0.175983
-0.511264 -0.575460 0.202371
-0.436476 -0.593121 0.216412
-0.375698 -0.567425 0.216412
-0.336262 -0.501471 0.202371
-0.322924 -0.403213 0.175983
-0.337293 -0.284504 0.140430
-0.377635 -0.159662 0.100000
-0.439085 -0.043743 0.059570
-0.514231 0.049270 0.024017
-0.594009 0.108158 -0.002371
-0.668797 0.125819 -0.016412
-0.729575 0.100123 -0.016412
-0.769011 0.034169 -0.002371
-0.782349 -0.064089 0.024017
-0.767980 -0.182798 0.059570
-0.727638 -0.307640 0.100000
-0.718362 -0.305701 0.094096
-0.659919 -0.415946 0.132546
-0.588451 -0.504407 0.166360
-0.512578 -0.560413 0.191456
-0.441450 -0.577210 0.204810
-0.383647 -0.552771 0.204810
-0.346141 -0.490045 0.191456
-0.333456 -0.396597 0.166360
-0.347121 -0.283698 0.132546
-0.385489 -0.164965 0.094096
-0.443931 -0.054720 0.055645
-0.515399 0.033740 0.021832
-0.591273 0.089747 -0.003265
-0.662401 0.106543 -0.016619
-0.720204 0.082105 -0.016619
-0.757709 0.019378 -0.003265
-0.770395 -0.074070 0.021832
-0.756729 -0.186969 0.055645
-0.718362 -0.305701 0.094096
-0.692863 -0.296710 0.088769
-0.643149 -0.390490 0.121478
-0.582355 -0.465738 0.150241
-0.517813 -0.513380 0.171589
-0.457308 -0.527668 0.182949
-0.408138 -0.506880 0.182949
-0.376233 -0.453521 0.171589
-0.365443 -0.374030 0.150241
-0.377067 -0.277992 0.121478
-0.409704 -0.176992 0.088769
-0.459419 -0.083212 0.056061
-0.520213 -0.007963 0.027298
-0.584755 0.039679 0.005949
-0.645260 0.053967 -0.005410
-0.694430 0.033178 -0.005410
-0.726334 -0.020180 0.005949
-0.737125 -0.099672 0.027298
-0.725501 -0.195710 0.056061
-0.692863 -0.296710 0.088769
-0.653638 -0.281545 0.084542
-0.617519 -0.349680 0.108306
-0.573349 -0.404352 0.129204
-0.526456 -0.438965 0.144715
-0.482497 -0.449346 0.152968
-0.446773 -0.434243 0.152968
-0.423593 -0.395476 0.144715
-0.415753 -0.337721 0.129204
-0.424199 -0.267946 0.108306
-0.447911 -0.194565 0.084542
-0.484031 -0.126430 0.060778
-0.528200 -0.071759 0.039881
-0.575093 -0.037145 0.024370
-0.619052 -0.026764 0.016117
-0.654776 -0.041868 0.016117
-0.677956 -0.080635 0.024370
-0.685796 -0.138389 0.039881
-0.677350 -0.208164 0.060778
-0.653638 -0.281545 0.084542
-0.604526 -0.261692 0.081828
-0.585537 -0.297513 0.094322
-0.562316 -0.326256 0.105308
-0.537663 -0.344453 0.113463
-0.514552 -0.349911 0.117802
-0.495771 -0.341970 0.117802
-0.483584 -0.321589 0.113463
-0.479463 -0.291226 0.105308
-0.483903 -0.254543 0.094322
-0.496369 -0.215964 0.081828
-0.515358 -0.180144 0.069335
-0.538580 -0.151401 0.058348
-0.563232 -0.133204 0.050194
-0.586343 -0.127746 0.045855
-0.605125 -0.135687 0.045855
-0.617311 -0.156068 0.050194
-0.621433 -0.186431 0.058348
-0.616993 -0.223114 0.069335
-0.604526 -0.261692 0.081828
-0.550335 -0.239095 0.080893
-0.550335 -0.239095 0.080893
-0.550335 -0.239095 0.080893
-0.550335 -0.239095 0.080893
-0.550335 -0.239095 0.080893
-0.550335 -0.239095 0.080893
-0.550335 -0.239095 0.080893
-0.550335 -0.239095 0.080893
-0.550335 -0.239095 0.080893
-0.550335 -0.239095 0.080893
-0.550335 -0.239095 0.080893
-0.550335 -0.239095 0.080893
-0.550335 -0.239095 0.080893
-0.550335 -0.239095 0.080893
-0.550335 -0.239095 0.080893
-0.550335 -0.239095 0.080893
-0.550335 -0.239095 0.080893
-0.550335 -0.239095 0.080893
-0.550335 -0.239095 0.080893
-0.314818 -0.510808 0.119107
-0.314818 -0.510808 0.119107
-0.314818 -0.510808 0.119107
-0.314818 -0.510808 0.119107
-0.314818 -0.510808 0.119107
-0.314818 -0.510808 0.119107
-0.314818 -0.510808 0.119107
-0.314818 -0.510808 0.119107
-0.314818 -0.510808 0.119107
-0.314818 -0.510808 0.119107
-0.314818 -0.510808 0.119107
-0.314818 -0.510808 0.119107
-0.314818 -0.510808 0.119107
-0.314818 -0.510808 0.119107
-0.314818 -0.510808 0.119107
-0.314818 -0.510808 0.119107
-0.314818 -0.510808 0.119107
-0.314818 -0.510808 0.119107
-0.314818 -0.510808 0.119107
-0.344881 -0.561241 0.118172
-0.308464 -0.579059 0.130665
-0.272783 -0.588663 0.141652
-0.242142 -0.588895 0.149806
-0.220237 -0.579726 0.154145
-0.209710 -0.562263 0.154145
-0.211831 -0.538611 0.149806
-0.226343 -0.511624 0.141652
-0.251497 -0.484557 0.130665
-0.284259 -0.460673 0.118172
-0.320676 -0.442855 0.105678
-0.356357 -0.433251 0.094692
-0.386998 -0.433020 0.086537
-0.408903 -0.442189 0.082198
-0.419430 -0.459652 0.082198
-0.417309 -0.483304 0.086537
-0.402797 -0.510291 0.094692
-0.377643 -0.537358 0.105678
-0.344881 -0.561241 0.118172
-0.371506 -0.607036 0.115458
-0.302236 -0.640928 0.139222
-0.234367 -0.659196 0.160119
-0.176085 -0.659637 0.175630
-0.134419 -0.642196 0.183883
-0.114396 -0.608979 0.183883
-0.118429 -0.563991 0.175630
-0.146034 -0.512659 0.160119
-0.193880 -0.461173 0.139222
-0.256195 -0.415745 0.115458
-0.325465 -0.381853 0.091694
-0.393335 -0.363585 0.070796
-0.451617 -0.363145 0.055285
-0.493283 -0.380585 0.047032
-0.513306 -0.413802 0.047032
-0.509272 -0.458790 0.055285
-0.481668 -0.510123 0.070796
-0.433822 -0.561608 0.091694
-0.371506 -0.607036 0.115458
-0.392087 -0.643711 0.111231
-0.296745 -0.690359 0.143939
-0.203331 -0.715503 0.172702
-0.123112 -0.716109 0.194051
-0.065765 -0.692104 0.205410
-0.038205 -0.646385 0.205410
-0.043757 -0.584464 0.194051
-0.081751 -0.513811 0.172702
-0.147605 -0.442948 0.143939
-0.233375 -0.380421 0.111231
-0.328717 -0.333772 0.078522
-0.422131 -0.308629 0.049759
-0.502350 -0.308023 0.028411
-0.559698 -0.332027 0.017051
-0.587258 -0.377747 0.017051
-0.581706 -0.439668 0.028411
-0.543711 -0.510321 0.049759
-0.477858 -0.581184 0.078522
-0.392087 -0.643711 0.111231
-0.404608 -0.667674 0.105904
-0.292527 -0.722513 0.144355
-0.182713 -0.752071 0.178168
-0.088410 -0.752783 0.203265
-0.020994 -0.724564 0.216619
0.011405 -0.670818 0.216619
0.004879 -0.598025 0.203265
-0.039786 -0.514968 0.178168
-0.117202 -0.431663 0.144355
-0.218031 -0.358158 0.105904
-0.330113 -0.303320 0.067454
-0.439927 -0.273762 0.033640
-0.534230 -0.273049 0.008544
-0.601646 -0.301268 -0.004810
-0.634045 -0.355015 -0.004810
-0.627519 -0.427807 0.008544
-0.582854 -0.510865 0.033640
-0.505438 -0.594170 0.067454
-0.404608 -0.667674 0.105904
-0.407845 -0.676581 0.100000
-0.289996 -0.734242 0.140430
-0.174530 -0.765321 0.175983
-0.075374 -0.766070 0.202371
-0.004488 -0.736399 0.216412
0.029578 -0.679886 0.216412
0.022715 -0.603348 0.202371
-0.024248 -0.516016 0.175983
-0.105648 -0.428424 0.140430
-0.211666 -0.351137 0.100000
-0.329516 -0.293477 0.059570
-0.444982 -0.262397 0.024017
-0.544137 -0.261648 -0.002371
-0.615023 -0.291319 -0.016412
-0.649089 -0.347832 -0.016412
-0.642227 -0.424370 -0.002371
-0.595263 -0.511702 0.024017
-0.513863 -0.599294 0.059570
-0.407845 -0.676581 0.100000
-0.401480 -0.669560 0.094096
-0.289399 -0.724399 0.132546
-0.179584 -0.753957 0.166360
-0.085282 -0.754669 0.191456
-0.017865 -0.726450 0.204810
0.014534 -0.672703 0.204810
0.008007 -0.599911 0.191456
-0.036658 -0.516854 0.166360
-0.114074 -0.433549 0.132546
-0.214903 -0.360044 0.094096
-0.326984 -0.305206 0.055645
-0.436799 -0.275648 0.021832
-0.531102 -0.274935 -0.003265
-0.598518 -0.303154 -0.016619
-0.630917 -0.356901 -0.016619
-0.624390 -0.429693 -0.003265
-0.579725 -0.512751 0.021832
-0.502309 -0.596056 0.055645
-0.401480 -0.669560 0.094096
-0.386136 -0.647298 0.088769
-0.290794 -0.693946 0.121478
-0.197381 -0.719090 0.150241
-0.117162 -0.719696 0.171589
-0.059814 -0.695691 0.182949
-0.032254 -0.649972 0.182949
-0.037806 -0.588051 0.171589
-0.075800 -0.517398 0.150241
-0.141654 -0.446535 0.121478
-0.227425 -0.384008 0.088769
-0.322767 -0.337359 0.056061
-0.416180 -0.312216 0.027298
-0.496399 -0.311610 0.005949
-0.553747 -0.335614 -0.005410
-0.581307 -0.381334 -0.005410
-0.575755 -0.443255 0.005949
-0.537761 -0.513908 0.027298
-0.471907 -0.584771 0.056061
-0.386136 -0.647298 0.088769
-0.363316 -0.611973 0.084542
-0.294046 -0.645866 0.108306
-0.226177 -0.664133 0.129204
-0.167895 -0.664574 0.144715
-0.126229 -0.647134 0.152968
-0.106205 -0.613916 0.152968
-0.110239 -0.568928 0.144715
-0.137844 -0.517596 0.129204
-0.185689 -0.466111 0.108306
-0.248005 -0.420682 0.084542
-0.317275 -0.386790 0.060778
-0.385144 -0.368522 0.039881
-0.443427 -0.368082 0.024370
-0.485092 -0.385522 0.016117
-0.505116 -0.418740 0.016117
-0.501082 -0.463728 0.024370
-0.473478 -0.515060 0.039881
-0.425632 -0.566545 0.060778
-0.363316 -0.611973 0.084542
-0.335253 -0.567045 0.081828
-0.298836 -0.584863 0.094322
-0.263155 -0.594467 0.105308
-0.232514 -0.594699 0.113463
-0.210609 -0.585530 0.117802
-0.200082 -0.568066 0.117802
-0.202203 -0.544415 0.113463
-0.216715 -0.517428 0.105308
-0.241869 -0.490360 0.094322
-0.274630 -0.466477 0.081828
-0.311048 -0.448659 0.069335
-0.346729 -0.439055 0.058348
-0.377370 -0.438824 0.050194
-0.399274 -0.447993 0.045855
-0.409801 -0.465456 0.045855
-0.407681 -0.489108 0.050194
-0.393168 -0.516095 0.058348
-0.368014 -0.543162 0.069335
-0.335253 -0.567045 0.081828
-0.304694 -0.516911 0.080893
-0.304694 -0.516911 0.080893
-0.304694 -0.516911 0.080893
-0.304694 -0.516911 0.080893
-0.304694 -0.516911 0.080893
-0.304694 -0.516911 0.080893
-0.304694 -0.516911 0.080893
-0.304694 -0.516911 0.080893
-0.304694 -0.516911 0.080893
-0.304694 -0.516911 0.080893
-0.304694 -0.516911 0.080893
-0.304694 -0.516911 0.080893
-0.304694 -0.516911 0.080893
-0.304694 -0.516911 0.080893
-0.304694 -0.516911 0.080893
-0.304694 -0.516911 0.080893
-0.304694 -0.516911 0.080893
-0.304694 -0.516911 0.080893
-0.304694 -0.516911 0.080893
0.045553 -0.598297 0.119107
0.045553 -0.598297 0.119107
0.045553 -0.598297 0.119107
0.045553 -0.598297 0.119107
0.045553 -0.598297 0.119107
0.045553 -0.598297 0.119107
0.045553 -0.598297 0.119107
0.045553 -0.598297 0.119107
0.045553 -0.598297 0.119107
0.045553 -0.598297 0.119107
0.045553 -0.598297 0.119107
0.045553 -0.598297 0.119107
0.045553 -0.598297 0.119107
0.045553 -0.598297 0.119107
0.045553 -0.598297 0.119107
0.045553 -0.598297 0.119107
0.045553 -0.598297 0.119107
0.045553 -0.598297 0.119107
0.045553 -0.598297 0.119107
0.050875 -0.656770 0.118172
0.090810 -0.649779 0.130665
0.125322 -0.636576 0.141652
0.150247 -0.618753 0.149806
0.162579 -0.598460 0.154145
0.160831 -0.578144 0.154145
0.145213 -0.560256 0.149806
0.117609 -0.546954 0.141652
0.081350 -0.539841 0.130665
0.040807 -0.539776 0.118172
0.000871 -0.546766 0.105678
-0.033640 -0.559969 0.094692
-0.058565 -0.577792 0.086537
-0.070897 -0.598085 0.082198
-0.069149 -0.618401 0.082198
-0.053531 -0.636289 0.086537
-0.025928 -0.649592 0.094692
0.010332 -0.656705 0.105678
0.050875 -0.656770 0.118172
0.056252 -0.709469 0.115458
0.132214 -0.696172 0.139222
0.197859 -0.671059 0.160119
0.245269 -0.637157 0.175630
0.268726 -0.598557 0.183883
0.265401 -0.559915 0.183883
0.235694 -0.525889 0.175630
0.183189 -0.500586 0.160119
0.114219 -0.487057 0.139222
0.037102 -0.486933 0.115458
-0.038860 -0.500229 0.091694
-0.104504 -0.525343 0.070796
-0.151915 -0.559244 0.055285
-0.175372 -0.597844 0.047032
-0.172046 -0.636487 0.047032
-0.142340 -0.670512 0.055285
-0.089835 -0.695815 0.070796
-0.020865 -0.709345 0.091694
0.056252 -0.709469 0.115458
0.061159 -0.751236 0.111231
0.165711 -0.732935 0.143939
0.256064 -0.698369 0.172702
0.321318 -0.651708 0.194051
0.353604 -0.598580 0.205410
0.349027 -0.545392 0.205410
0.308139 -0.498561 0.194051
0.235873 -0.463734 0.172702
0.140943 -0.445112 0.143939
0.034801 -0.444941 0.111231
-0.069751 -0.463243 0.078522
-0.160104 -0.497808 0.049759
-0.225358 -0.544469 0.028411
-0.257644 -0.597598 0.017051
-0.253067 -0.650785 0.017051
-0.212180 -0.697617 0.028411
-0.139913 -0.732444 0.049759
-0.044984 -0.751065 0.078522
0.061159 -0.751236 0.111231
0.065114 -0.777983 0.105904
0.188023 -0.756468 0.144355
0.294239 -0.715834 0.178168
0.370950 -0.660981 0.203265
0.408904 -0.598525 0.216619
0.403524 -0.535999 0.216619
0.355457 -0.480945 0.203265
0.270503 -0.440004 0.178168
0.158907 -0.418112 0.144355
0.034129 -0.417912 0.105904
-0.088780 -0.439426 0.067454
-0.194996 -0.480061 0.033640
-0.271707 -0.534914 0.008544
-0.309661 -0.597370 -0.004810
-0.304281 -0.659896 -0.004810
-0.256214 -0.714949 0.008544
-0.171260 -0.755891 0.033640
-0.059664 -0.777782 0.067454
0.065114 -0.777983 0.105904
0.067731 -0.787091 0.100000
0.196965 -0.764470 0.140430
0.308647 -0.721744 0.175983
0.389306 -0.664068 0.202371
0.429213 -0.598398 0.216412
0.423556 -0.532654 0.216412
0.373016 -0.474767 0.202371
0.283690 -0.431719 0.175983
0.166350 -0.408701 0.140430
0.035151 -0.408490 0.100000
-0.094083 -0.431112 0.059570
-0.205764 -0.473838 0.024017
-0.286423 -0.531514 -0.002371
-0.326331 -0.597184 -0.016412
-0.320674 -0.662927 -0.016412
-0.270134 -0.720814 -0.002371
-0.180807 -0.763863 0.024017
-0.063468 -0.786880 0.059570
0.067731 -0.787091 0.100000
0.068753 -0.777670 0.094096
0.191662 -0.756155 0.132546
0.297878 -0.715521 0.166360
0.374589 -0.660667 0.191456
0.412544 -0.598211 0.204810
0.407163 -0.535686 0.204810
0.359097 -0.480632 0.191456
0.274142 -0.439690 0.166360
0.162546 -0.417799 0.132546
0.037768 -0.417599 0.094096
-0.085140 -0.439113 0.055645
-0.191356 -0.479748 0.021832
-0.268067 -0.534601 -0.003265
-0.306022 -0.597057 -0.016619
-0.300641 -0.659583 -0.016619
-0.252575 -0.714636 -0.003265
-0.167620 -0.755578 0.021832
-0.056024 -0.777469 0.055645
0.068753 -0.777670 0.094096
0.068081 -0.750640 0.088769
0.172634 -0.732339 0.121478
0.262986 -0.697773 0.150241
0.328241 -0.651112 0.171589
0.360527 -0.597984 0.182949
0.355950 -0.544796 0.182949
0.315062 -0.497965 0.171589
0.242795 -0.463138 0.150241
0.147866 -0.444516 0.121478
0.041724 -0.444346 0.088769
-0.062829 -0.462647 0.056061
-0.153181 -0.497213 0.027298
-0.218436 -0.543874 0.005949
-0.250722 -0.597002 -0.005410
-0.246145 -0.650189 -0.005410
-0.205257 -0.697021 0.005949
-0.132990 -0.731848 0.027298
-0.038061 -0.750470 0.056061
0.068081 -0.750640 0.088769
0.065780 -0.708649 0.084542
0.141742 -0.695352 0.108306
0.207387 -0.670239 0.129204
0.254797 -0.636338 0.144715
0.278254 -0.597738 0.152968
0.274929 -0.559095 0.152968
0.245222 -0.525070 0.144715
0.192717 -0.499766 0.129204
0.123747 -0.486237 0.108306
0.046630 -0.486113 0.084542
-0.029332 -0.499409 0.060778
-0.094976 -0.524523 0.039881
-0.142387 -0.558424 0.024370
-0.165844 -0.597024 0.016117
-0.162518 -0.635667 0.016117
-0.132812 -0.669692 0.024370
-0.080307 -0.694995 0.039881
-0.011337 -0.708525 0.060778
0.065780 -0.708649 0.084542
0.062075 -0.655806 0.081828
0.102011 -0.648815 0.094322
0.136523 -0.635612 0.105308
0.161448 -0.617790 0.113463
0.173780 -0.597496 0.117802
0.172031 -0.577181 0.117802
0.156414 -0.559293 0.113463
0.128810 -0.545990 0.105308
0.092551 -0.538877 0.094322
0.052008 -0.538812 0.081828
0.012072 -0.545802 0.069335
-0.022439 -0.559005 0.058348
-0.047364 -0.576828 0.050194
-0.059696 -0.597121 0.045855
-0.057948 -0.617437 0.045855
-0.042330 -0.635325 0.050194
-0.014727 -0.648628 0.058348
0.021533 -0.655741 0.069335
0.062075 -0.655806 0.081828
0.057330 -0.597284 0.080893
0.057330 -0.597284 0.080893
0.057330 -0.597284 0.080893
0.057330 -0.597284 0.080893
0.057330 -0.597284 0.080893
0.057330 -0.597284 0.080893
0.057330 -0.597284 0.080893
0.057330 -0.597284 0.080893
0.057330 -0.597284 0.080893
0.057330 -0.597284 0.080893
0.057330 -0.597284 0.080893
0.057330 -0.597284 0.080893
0.057330 -0.597284 0.080893
0.057330 -0.597284 0.080893
0.057330 -0.597284 0.080893
0.057330 -0.597284 0.080893
0.057330 -0.597284 0.080893
0.057330 -0.597284 0.080893
0.057330 -0.597284 0.080893
0.388523 -0.457258 0.119107
0.388523 -0.457258 0.119107
0.388523 -0.457258 0.119107
0.388523 -0.457258 0.119107
0.388523 -0.457258 0.119107
0.388523 -0.457258 0.119107
0.388523 -0.457258 0.119107
0.388523 -0.457258 0.119107
0.388523 -0.457258 0.119107
0.388523 -0.457258 0.119107
0.388523 -0.457258 0.119107
0.388523 -0.457258 0.119107
0.388523 -0.457258 0.119107
0.388523 -0.457258 0.119107
0.388523 -0.457258 0.119107
0.388523 -0.457258 0.119107
0.388523 -0.457258 0.119107
0.388523 -0.457258 0.119107
0.388523 -0.457258 0.119107
0.427198 -0.501435 0.118172
0.455398 -0.472306 0.130665
0.475558 -0.441339 0.141652
0.485246 -0.412269 0.149806
0.483295 -0.388603 0.154145
0.469939 -0.373195 0.154145
0.446790 -0.367903 0.149806
0.416639 -0.373366 0.141652
0.383124 -0.388924 0.130665
0.350286 -0.412702 0.118172
0.322086 -0.441831 0.105678
0.301926 -0.472798 0.094692
0.292237 -0.501867 0.086537
0.294189 -0.525533 0.082198
0.307544 -0.540942 0.082198
0.330694 -0.546234 0.086537
0.360844 -0.540771 0.094692
0.394360 -0.525212 0.105678
0.427198 -0.501435 0.118172
0.462524 -0.540908 0.115458
0.516163 -0.485502 0.139222
0.554510 -0.426599 0.160119
0.572939 -0.371306 0.175630
0.569227 -0.326290 0.183883
0.543823 -0.296982 0.183883
0.499791 -0.286916 0.175630
0.442440 -0.297307 0.160119
0.378690 -0.326901 0.139222
0.316228 -0.372129 0.115458
0.262589 -0.427535 0.091694
0.224243 -0.486437 0.070796
0.205814 -0.541731 0.055285
0.209525 -0.586747 0.047032
0.234929 -0.616055 0.047032
0.278962 -0.626121 0.055285
0.336312 -0.615730 0.070796
0.400063 -0.586136 0.091694
0.462524 -0.540908 0.115458
0.491044 -0.571814 0.111231
0.564871 -0.495554 0.143939
0.617651 -0.414482 0.172702
0.643016 -0.338377 0.194051
0.637908 -0.276418 0.205410
0.602942 -0.236079 0.205410
0.542337 -0.222224 0.194051
0.463401 -0.236526 0.172702
0.375656 -0.277259 0.143939
0.289685 -0.339509 0.111231
0.215857 -0.415770 0.078522
0.163078 -0.496842 0.049759
0.137712 -0.572947 0.028411
0.142821 -0.634906 0.017051
0.177786 -0.675245 0.017051
0.238392 -0.689100 0.028411
0.317328 -0.674798 0.049759
0.405073 -0.634065 0.078522
0.491044 -0.571814 0.111231
0.509965 -0.591128 0.105904
0.596755 -0.501479 0.144355
0.658801 -0.406173 0.178168
0.688619 -0.316706 0.203265
0.682614 -0.243869 0.216619
0.641510 -0.196447 0.216619
0.570264 -0.180160 0.203265
0.477469 -0.196973 0.178168
0.374318 -0.244857 0.144355
0.273253 -0.318037 0.105904
0.186464 -0.407687 0.067454
0.124418 -0.502993 0.033640
0.094599 -0.592460 0.008544
0.100604 -0.665297 -0.004810
0.141709 -0.712719 -0.004810
0.212955 -0.729005 0.008544
0.305750 -0.712193 0.033640
0.408900 -0.664308 0.067454
0.509965 -0.591128 0.105904
0.517436 -0.596959 0.100000
0.608692 -0.502696 0.140430
0.673931 -0.402485 0.175983
0.705284 -0.308414 0.202371
0.698970 -0.231829 0.216412
0.655750 -0.181966 0.216412
0.580838 -0.164842 0.202371
0.483268 -0.182519 0.175983
0.374809 -0.232868 0.140430
0.268543 -0.309814 0.100000
0.177287 -0.404077 0.059570
0.112048 -0.504288 0.024017
0.080695 -0.598359 -0.002371
0.087009 -0.674944 -0.016412
0.130228 -0.724807 -0.016412
0.205141 -0.741931 -0.002371
0.302711 -0.724254 0.024017
0.411170 -0.673905 0.059570
0.517436 -0.596959 0.100000
0.512725 -0.588736 0.094096
0.599515 -0.499086 0.132546
0.661561 -0.403780 0.166360
0.691380 -0.314313 0.191456
0.685375 -0.241476 0.204810
0.644270 -0.194054 0.204810
0.573024 -0.177768 0.191456
0.480229 -0.194580 0.166360
0.377079 -0.242465 0.132546
0.276014 -0.315645 0.094096
0.189224 -0.405294 0.055645
0.127178 -0.500600 0.021832
0.097359 -0.590067 -0.003265
0.103364 -0.662904 -0.016619
0.144469 -0.710326 -0.016619
0.215715 -0.726613 -0.003265
0.308510 -0.709800 0.021832
0.411660 -0.661916 0.055645
0.512725 -0.588736 0.094096
0.496294 -0.567264 0.088769
0.570122 -0.491003 0.121478
0.622901 -0.409931 0.150241
0.648266 -0.333826 0.171589
0.643158 -0.271867 0.182949
0.608193 -0.231528 0.182949
0.547587 -0.217673 0.171589
0.468651 -0.231975 0.150241
0.380906 -0.272708 0.121478
0.294935 -0.334959 0.088769
0.221108 -0.411219 0.056061
0.168328 -0.492291 0.027298
0.142963 -0.568396 0.005949
0.148071 -0.630355 -0.005410
0.183036 -0.670694 -0.005410
0.243642 -0.684549 0.005949
0.322578 -0.670247 0.027298
0.410323 -0.629514 0.056061
0.496294 -0.567264 0.088769
0.469751 -0.534644 0.084542
0.523389 -0.479238 0.108306
0.561736 -0.420336 0.129204
0.580165 -0.365042 0.144715
0.576454 -0.320026 0.152968
0.551050 -0.290718 0.152968
0.507017 -0.280652 0.144715
0.449667 -0.291043 0.129204
0.385916 -0.320637 0.108306
0.323455 -0.365865 0.084542
0.269816 -0.421271 0.060778
0.231469 -0.480174 0.039881
0.213040 -0.535467 0.024370
0.216752 -0.580483 0.016117
0.242156 -0.609791 0.016117
0.286188 -0.619857 0.024370
0.343538 -0.609466 0.039881
0.407289 -0.579872 0.060778
0.469751 -0.534644 0.084542
0.435693 -0.494071 0.081828
0.463893 -0.464942 0.094322
0.484053 -0.433975 0.105308
0.493741 -0.404906 0.113463
0.491790 -0.381240 0.117802
0.478435 -0.365831 0.117802
0.455285 -0.360539 0.113463
0.425135 -0.366002 0.105308
0.391619 -0.381561 0.094322
0.358781 -0.405338 0.081828
0.330581 -0.434467 0.069335
0.310421 -0.465434 0.058348
0.300733 -0.494504 0.050194
0.302684 -0.518170 0.045855
0.316039 -0.533578 0.045855
0.339189 -0.538870 0.050194
0.369339 -0.533407 0.058348
0.402855 -0.517849 0.069335
0.435693 -0.494071 0.081828
0.397456 -0.449515 0.080893
0.397456 -0.449515 0.080893
0.397456 -0.449515 0.080893
0.397456 -0.449515 0.080893
0.397456 -0.449515 0.080893
0.397456 -0.449515 0.080893
0.397456 -0.449515 0.080893
0.397456 -0.449515 0.080893
0.397456 -0.449515 0.080893
0.397456 -0.449515 0.080893
0.397456 -0.449515 0.080893
0.397456 -0.449515 0.080893
0.397456 -0.449515 0.080893
0.397456 -0.449515 0.080893
0.397456 -0.449515 0.080893
0.397456 -0.449515 0.080893
0.397456 -0.449515 0.080893
0.397456 -0.449515 0.080893
0.397456 -0.449515 0.080893
0.583091 -0.141561 0.119107
0.583091 -0.141561 0.119107
0.583091 -0.141561 0.119107
0.583091 -0.141561 0.119107
0.583091 -0.141561 0.119107
0.583091 -0.141561 0.119107
0.583091 -0.141561 0.119107
0.583091 -0.141561 0.119107
0.583091 -0.141561 0.119107
0.583091 -0.141561 0.119107
0.583091 -0.141561 0.119107
0.583091 -0.141561 0.119107
0.583091 -0.141561 0.119107
0.583091 -0.141561 0.119107
0.583091 -0.141561 0.119107
0.583091 -0.141561 0.119107
0.583091 -0.141561 0.119107
0.583091 -0.141561 0.119107
0.583091 -0.141561 0.119107
0.640346 -0.154568 0.118172
0.646039 -0.114427 0.130665
0.644147 -0.077525 0.141652
0.634898 -0.048312 0.149806
0.619409 -0.030313 0.154145
0.599547 -0.025698 0.154145
0.577709 -0.035023 0.149806
0.556527 -0.057165 0.141652
0.538558 -0.089452 0.130665
0.525967 -0.127990 0.118172
0.520275 -0.168131 0.105678
0.522167 -0.205034 0.094692
0.531415 -0.234246 0.086537
0.546904 -0.252246 0.082198
0.566766 -0.256861 0.082198
0.588605 -0.247535 0.086537
0.609786 -0.225394 0.094692
0.627756 -0.193107 0.105678
0.640346 -0.154568 0.118172
0.692128 -0.165739 0.115458
0.702955 -0.089386 0.139222
0.699356 -0.019194 0.160119
0.681765 0.036372 0.175630
0.652303 0.070609 0.183883
0.614524 0.079388 0.183883
0.572984 0.061650 0.175630
0.532694 0.019534 0.160119
0.498514 -0.041880 0.139222
0.474566 -0.115184 0.115458
0.463738 -0.191537 0.091694
0.467337 -0.261730 0.070796
0.484928 -0.317295 0.055285
0.514391 -0.351532 0.047032
0.552170 -0.360311 0.047032
0.593709 -0.342573 0.055285
0.633999 -0.300457 0.070796
0.668179 -0.239043 0.091694
0.692128 -0.165739 0.115458
0.733367 -0.173979 0.111231
0.748270 -0.068889 0.143939
0.743316 0.027723 0.172702
0.719104 0.104203 0.194051
0.678553 0.151326 0.205410
0.626554 0.163409 0.205410
0.569380 0.138994 0.194051
0.513926 0.081027 0.172702
0.466880 -0.003502 0.143939
0.433919 -0.104396 0.111231
0.419016 -0.209487 0.078522
0.423969 -0.306099 0.049759
0.448182 -0.382579 0.028411
0.488733 -0.429702 0.017051
0.540731 -0.441785 0.017051
0.597906 -0.417370 0.028411
0.653360 -0.359403 0.049759
0.700405 -0.274874 0.078522
0.733367 -0.173979 0.111231
0.760027 -0.178483 0.105904
0.777546 -0.054941 0.144355
0.771723 0.058633 0.178168
0.743260 0.148540 0.203265
0.695589 0.203937 0.216619
0.634461 0.218141 0.216619
0.567248 0.189440 0.203265
0.502058 0.121295 0.178168
0.446753 0.021925 0.144355
0.408004 -0.096683 0.105904
0.390485 -0.220225 0.067454
0.396308 -0.333799 0.033640
0.424772 -0.423706 0.008544
0.472442 -0.479103 -0.004810
0.533570 -0.493307 -0.004810
0.600783 -0.464606 0.008544
0.665973 -0.396461 0.033640
0.721278 -0.297091 0.067454
0.760027 -0.178483 0.105904
0.769498 -0.178809 0.100000
0.787919 -0.048909 0.140430
0.781796 0.070509 0.175983
0.751868 0.165044 0.202371
0.701744 0.223291 0.216412
0.637470 0.238226 0.216412
0.566799 0.208048 0.202371
0.498254 0.136396 0.175983
0.440103 0.031913 0.140430
0.399360 -0.092799 0.100000
0.380939 -0.222699 0.059570
0.387062 -0.342117 0.024017
0.416990 -0.436652 -0.002371
0.467114 -0.494899 -0.016412
0.531388 -0.509834 -0.016412
0.602059 -0.479656 -0.002371
0.670604 -0.408004 0.024017
0.728755 -0.303521 0.059570
0.769498 -0.178809 0.100000
0.760854 -0.174925 0.094096
0.778373 -0.051383 0.132546
0.772550 0.062191 0.166360
0.744087 0.152098 0.191456
0.696416 0.207495 0.204810
0.635288 0.221699 0.204810
0.568075 0.192998 0.191456
0.502885 0.124853 0.166360
0.447580 0.025483 0.132546
0.408831 -0.093125 0.094096
0.391312 -0.216667 0.055645
0.397135 -0.330241 0.021832
0.425598 -0.420148 -0.003265
0.473269 -0.475545 -0.016619
0.534397 -0.489749 -0.016619
0.601610 -0.461048 -0.003265
0.666800 -0.392903 0.021832
0.722105 -0.293533 0.055645
0.760854 -0.174925 0.094096
0.734939 -0.167212 0.088769
0.749842 -0.062121 0.121478
0.744889 0.034491 0.150241
0.720676 0.110971 0.171589
0.680125 0.158094 0.182949
0.628127 0.170177 0.182949
0.570952 0.145762 0.171589
0.515498 0.087795 0.150241
0.468453 0.003266 0.121478
0.435491 -0.097629 0.088769
0.420588 -0.202719 0.056061
0.425542 -0.299331 0.027298
0.449754 -0.375811 0.005949
0.490305 -0.422934 -0.005410
0.542304 -0.435017 -0.005410
0.599478 -0.410602 0.005949
0.654932 -0.352635 0.027298
0.701978 -0.268106 0.056061
0.734939 -0.167212 0.088769
0.694292 -0.156424 0.084542
0.705120 -0.080071 0.108306
0.701521 -0.009879 0.129204
0.683930 0.045687 0.144715
0.654467 0.079924 0.152968
0.616688 0.088703 0.152968
0.575149 0.070965 0.144715
0.534859 0.028849 0.129204
0.500679 -0.032565 0.108306
0.476730 -0.105869 0.084542
0.465903 -0.182222 0.060778
0.469502 -0.252414 0.039881
0.487093 -0.307980 0.024370
0.516555 -0.342217 0.016117
0.554334 -0.350996 0.016117
0.595874 -0.333258 0.024370
0.636164 -0.291142 0.039881
0.670344 -0.229728 0.060778
0.694292 -0.156424 0.084542
0.642891 -0.143618 0.081828
0.648583 -0.103477 0.094322
0.646691 -0.066574 0.105308
0.637443 -0.037362 0.113463
0.621954 -0.019362 0.117802
0.602092 -0.014747 0.117802
0.580253 -0.024073 0.113463
0.559072 -0.046214 0.105308
0.541102 -0.078501 0.094322
0.528512 -0.117040 0.081828
0.522819 -0.157181 0.069335
0.524711 -0.194083 0.058348
0.533960 -0.223296 0.050194
0.549449 -0.241295 0.045855
0.569311 -0.245911 0.045855
0.591149 -0.236585 0.050194
0.612331 -0.214443 0.058348
0.630300 -0.182156 0.069335
0.642891 -0.143618 0.081828
0.585767 -0.130047 0.080893
0.585767 -0.130047 0.080893
0.585767 -0.130047 0.080893
0.585767 -0.130047 0.080893
0.585767 -0.130047 0.080893
0.585767 -0.130047 0.080893
0.585767 -0.130047 0.080893
0.585767 -0.130047 0.080893
0.585767 -0.130047 0.080893
0.585767 -0.130047 0.080893
0.585767 -0.130047 0.080893
0.585767 -0.130047 0.080893
0.585767 -0.130047 0.080893
0.585767 -0.130047 0.080893
0.585767 -0.130047 0.080893
0.585767 -0.130047 0.080893
0.585767 -0.130047 0.080893
0.585767 -0.130047 0.080893
0.585767 -0.130047 0.080893
0.581072 0.390372 0.169107
0.581072 0.390372 0.169107
0.581072 0.390372 0.169107
0.581072 0.390372 0.169107
0.581072 0.390372 0.169107
0.581072 0.390372 0.169107
0.581072 0.390372 0.169107
0.581072 0.390372 0.169107
0.581072 0.390372 0.169107
0.581072 0.390372 0.169107
0.581072 0.390372 0.169107
0.581072 0.390372 0.169107
0.581072 0.390372 0.169107
0.581072 0.390372 0.169107
0.581072 0.390372 0.169107
0.581072 0.390372 0.169107
0.581072 0.390372 0.169107
0.581072 0.390372 0.169107
0.581072 0.390372 0.169107
0.634468 0.427252 0.168172
0.605583 0.462543 0.182227
0.573721 0.489157 0.194587
0.542727 0.503885 0.203760
0.516338 0.504951 0.208642
0.497737 0.492225 0.208642
0.489168 0.467243 0.203760
0.491664 0.433019 0.194587
0.504925 0.393679 0.182227
0.527350 0.353969 0.168172
0.556235 0.318678 0.154116
0.588096 0.292064 0.141757
0.619091 0.277336 0.132583
0.645480 0.276270 0.127702
0.664081 0.288996 0.127702
0.672650 0.313977 0.132583
0.670154 0.348202 0.141757
0.656893 0.387542 0.154116
0.634468 0.427252 0.168172
0.682310 0.461000 0.165458
0.627367 0.528126 0.192192
0.566763 0.578750 0.215702
0.507809 0.606764 0.233151
0.457614 0.608791 0.242436
0.422233 0.584586 0.242436
0.405933 0.537068 0.233151
0.410681 0.471968 0.215702
0.435904 0.397140 0.192192
0.478560 0.321607 0.165458
0.533503 0.254480 0.138723
0.594106 0.203857 0.115213
0.653061 0.175842 0.097764
0.703256 0.173815 0.088479
0.738637 0.198021 0.088479
0.754936 0.245539 0.097764
0.750188 0.310638 0.115213
0.724965 0.385467 0.138723
0.682310 0.461000 0.165458
0.719916 0.488312 0.161231
0.644293 0.580703 0.198027
0.560879 0.650380 0.230386
0.479735 0.688939 0.254403
0.410648 0.691729 0.267183
0.361950 0.658413 0.267183
0.339516 0.593010 0.254403
0.346051 0.503408 0.230386
0.380767 0.400415 0.198027
0.439477 0.296453 0.161231
0.515100 0.204062 0.124434
0.598514 0.134385 0.092075
0.679658 0.095826 0.068058
0.748746 0.093036 0.055279
0.797443 0.126352 0.055279
0.819877 0.191755 0.068058
0.813342 0.281356 0.092075
0.778626 0.384350 0.124434
0.719916 0.488312 0.161231
0.743604 0.506514 0.155904
0.654704 0.615127 0.199161
0.556645 0.697037 0.237201
0.461254 0.742366 0.265435
0.380037 0.745645 0.280458
0.322790 0.706480 0.280458
0.296417 0.629594 0.265435
0.304099 0.524261 0.237201
0.344911 0.403186 0.199161
0.413929 0.280971 0.155904
0.502828 0.172358 0.112647
0.600887 0.090448 0.074607
0.696278 0.045119 0.046373
0.777495 0.041839 0.031350
0.834743 0.081004 0.031350
0.861116 0.157890 0.046373
0.853433 0.263223 0.074607
0.812622 0.384299 0.112647
0.743604 0.506514 0.155904
0.751055 0.513825 0.150000
0.657581 0.628027 0.195483
0.554475 0.714153 0.235481
0.454176 0.761814 0.265168
0.368779 0.765263 0.280964
0.308585 0.724082 0.280964
0.280855 0.643239 0.265168
0.288933 0.532485 0.235481
0.331845 0.405179 0.195483
0.404414 0.276675 0.150000
0.497889 0.162473 0.104517
0.600994 0.076347 0.064519
0.701294 0.028685 0.034832
0.786691 0.025237 0.019036
0.846885 0.066418 0.019036
0.874615 0.147260 0.034832
0.866537 0.258014 0.064519
0.823625 0.385321 0.104517
0.751055 0.513825 0.150000
0.741541 0.509529 0.144096
0.652642 0.618141 0.187353
0.554583 0.700052 0.225393
0.459192 0.745381 0.253627
0.377975 0.748660 0.268650
0.320727 0.709495 0.268650
0.294354 0.632609 0.253627
0.302037 0.527276 0.225393
0.342848 0.406200 0.187353
0.411866 0.283986 0.144096
0.500766 0.175373 0.100839
0.598825 0.093462 0.062799
0.694216 0.048134 0.034565
0.775433 0.044854 0.019542
0.832680 0.084019 0.019542
0.859053 0.160905 0.034565
0.851371 0.266238 0.062799
0.810559 0.387314 0.100839
0.741541 0.509529 0.144096
0.715993 0.494046 0.138769
0.640370 0.586438 0.175566
0.556956 0.656115 0.207925
0.475812 0.694674 0.231942
0.406724 0.697464 0.244721
0.358027 0.664148 0.244721
0.335593 0.598745 0.231942
0.342128 0.509143 0.207925
0.376844 0.406150 0.175566
0.435554 0.302188 0.138769
0.511177 0.209796 0.101973
0.594591 0.140119 0.069614
0.675735 0.101560 0.045597
0.744822 0.098770 0.032817
0.793520 0.132086 0.032817
0.815954 0.197489 0.045597
0.809419 0.287091 0.069614
0.774703 0.390084 0.101973
0.715993 0.494046 0.138769
0.676910 0.468893 0.134542
0.621967 0.536019 0.161277
0.561363 0.586643 0.184787
0.502409 0.614657 0.202236
0.452214 0.616684 0.211521
0.416833 0.592479 0.211521
0.400533 0.544961 0.202236
0.405282 0.479861 0.184787
0.430504 0.405032 0.161277
0.473160 0.329500 0.134542
0.528103 0.262373 0.107808
0.588707 0.211750 0.084298
0.647661 0.183735 0.066849
0.697856 0.181708 0.057564
0.733237 0.205913 0.057564
0.749537 0.253432 0.066849
0.744788 0.318531 0.084298
0.719566 0.393360 0.107808
0.676910 0.468893 0.134542
0.628120 0.436531 0.131828
0.599235 0.471821 0.145884
0.567373 0.498436 0.158243
0.536379 0.513164 0.167417
0.509990 0.514229 0.172298
0.491389 0.501504 0.172298
0.482820 0.476522 0.167417
0.485316 0.442297 0.158243
0.498577 0.402957 0.145884
0.521002 0.363247 0.131828
0.549887 0.327957 0.117773
0.581749 0.301343 0.105413
0.612743 0.286614 0.096240
0.639132 0.285549 0.091358
0.657733 0.298274 0.091358
0.666302 0.323256 0.096240
0.663806 0.357481 0.105413
0.650545 0.396821 0.117773
0.628120 0.436531 0.131828
0.574398 0.400128 0.130893
0.574398 0.400128 0.130893
0.574398 0.400128 0.130893
0.574398 0.400128 0.130893
0.574398 0.400128 0.130893
0.574398 0.400128 0.130893
0.574398 0.400128 0.130893
0.574398 0.400128 0.130893
0.574398 0.400128 0.130893
0.574398 0.400128 0.130893
0.574398 0.400128 0.130893
0.574398 0.400128 0.130893
0.574398 0.400128 0.130893
0.574398 0.400128 0.130893
0.574398 0.400128 0.130893
0.574398 0.400128 0.130893
0.574398 0.400128 0.130893
0.574398 0.400128 0.130893
0.574398 0.400128 0.130893
0.240643 0.657363 0.169107
0.240643 0.657363 0.169107
0.240643 0.657363 0.169107
0.240643 0.657363 0.169107
0.240643 0.657363 0.169107
0.240643 0.657363 0.169107
0.240643 0.657363 0.169107
0.240643 0.657363 0.169107
0.240643 0.657363 0.169107
0.240643 0.657363 0.169107
0.240643 0.657363 0.169107
0.240643 0.657363 0.169107
0.240643 0.657363 0.169107
0.240643 0.657363 0.169107
0.240643 0.657363 0.169107
0.240643 0.657363 0.169107
0.240643 0.657363 0.169107
0.240643 0.657363 0.169107
0.240643 0.657363 0.169107
0.262163 0.718585 0.168172
0.218051 0.730157 0.182227
0.176631 0.732961 0.194587
0.142899 0.726658 0.203760
0.120924 0.712009 0.208642
0.113355 0.690781 0.208642
0.121106 0.665534 0.203760
0.143243 0.639312 0.194587
0.177094 0.615280 0.182227
0.218577 0.596335 0.168172
0.262689 0.584763 0.154116
0.304109 0.581959 0.141757
0.337841 0.588262 0.132583
0.359817 0.602911 0.127702
0.367385 0.624139 0.127702
0.359634 0.649387 0.132583
0.337497 0.675608 0.141757
0.303646 0.699640 0.154116
0.262163 0.718585 0.168172
0.281031 0.774009 0.165458
0.197126 0.796020 0.192192
0.118341 0.801354 0.215702
0.054178 0.789365 0.233151
0.012379 0.761501 0.242436
-0.002018 0.721122 0.242436
0.012726 0.673099 0.233151
0.054832 0.623223 0.215702
0.119221 0.577511 0.192192
0.198127 0.541476 0.165458
0.282033 0.519464 0.138723
0.360818 0.514131 0.115213
0.424980 0.526119 0.097764
0.466780 0.553983 0.088479
0.481176 0.594362 0.088479
0.466432 0.642385 0.097764
0.424327 0.692261 0.115213
0.359938 0.737973 0.138723
0.281031 0.774009 0.165458
0.295402 0.818208 0.161231
0.179915 0.848505 0.198027
0.071477 0.855845 0.230386
-0.016835 0.839345 0.254403
-0.074367 0.800993 0.267183
-0.094182 0.745416 0.267183
-0.073889 0.679318 0.254403
-0.015935 0.610670 0.230386
0.072689 0.547752 0.198027
0.181294 0.498154 0.161231
0.296780 0.467858 0.124434
0.405219 0.460517 0.092075
0.493530 0.477018 0.068058
0.551063 0.515369 0.055279
0.570877 0.570946 0.055279
0.550584 0.637045 0.068058
0.492630 0.705693 0.092075
0.404007 0.768610 0.124434
0.295402 0.818208 0.161231
0.303867 0.846858 0.155904
0.168104 0.882473 0.199161
0.040627 0.891103 0.237201
-0.063189 0.871705 0.265435
-0.130823 0.826620 0.280458
-0.154116 0.761286 0.280458
-0.130260 0.683582 0.265435
-0.062132 0.602881 0.237201
0.042052 0.528917 0.199161
0.169725 0.470611 0.155904
0.305487 0.434996 0.112647
0.432964 0.426366 0.074607
0.536781 0.445764 0.046373
0.604414 0.490849 0.031350
0.627708 0.556183 0.031350
0.603852 0.633887 0.046373
0.535723 0.714588 0.074607
0.431539 0.788552 0.112647
0.303867 0.846858 0.155904
0.305598 0.857152 0.150000
0.162849 0.894601 0.195483
0.028812 0.903674 0.235481
-0.080347 0.883278 0.265168
-0.151462 0.835873 0.280964
-0.175954 0.767177 0.280964
-0.150870 0.685474 0.265168
-0.079235 0.600620 0.235481
0.030310 0.522850 0.195483
0.164553 0.461543 0.150000
0.307302 0.424095 0.104517
0.441339 0.415021 0.064519
0.550498 0.435417 0.034832
0.621613 0.482822 0.019036
0.646105 0.551519 0.019036
0.621021 0.633222 0.034832
0.549386 0.718075 0.064519
0.439841 0.795846 0.104517
0.305598 0.857152 0.150000
0.300426 0.848084 0.144096
0.164664 0.883700 0.187353
0.037187 0.892329 0.225393
-0.066630 0.872932 0.253627
-0.134264 0.827847 0.268650
-0.157557 0.762512 0.268650
-0.133701 0.684809 0.253627
-0.065572 0.604108 0.225393
0.038611 0.530144 0.187353
0.166284 0.471838 0.144096
0.302046 0.436222 0.100839
0.429524 0.427593 0.062799
0.533340 0.446991 0.034565
0.600974 0.492076 0.019542
0.624267 0.557410 0.019542
0.600411 0.635114 0.034565
0.532282 0.715814 0.062799
0.428099 0.789778 0.100839
0.300426 0.848084 0.144096
0.288857 0.820542 0.138769
0.173371 0.850838 0.175566
0.064932 0.858179 0.207925
-0.023379 0.841678 0.231942
-0.080912 0.803327 0.244721
-0.100727 0.747750 0.244721
-0.080433 0.681651 0.231942
-0.022480 0.613003 0.207925
0.066144 0.550086 0.175566
0.174749 0.500487 0.138769
0.290235 0.470191 0.101973
0.398674 0.462850 0.069614
0.486985 0.479351 0.045597
0.544518 0.517702 0.032817
0.564333 0.573279 0.032817
0.544039 0.639378 0.045597
0.486086 0.708026 0.069614
0.397462 0.770943 0.101973
0.288857 0.820542 0.138769
0.272024 0.777220 0.134542
0.188118 0.799232 0.161277
0.109333 0.804565 0.184787
0.045171 0.792577 0.202236
0.003371 0.764713 0.211521
-0.011025 0.724334 0.211521
0.003718 0.676310 0.202236
0.045824 0.626434 0.184787
0.110213 0.580722 0.161277
0.189119 0.544687 0.134542
0.273025 0.522675 0.107808
0.351810 0.517342 0.084298
0.415972 0.529331 0.066849
0.457772 0.557195 0.057564
0.472168 0.597573 0.057564
0.457424 0.645597 0.066849
0.415319 0.695473 0.084298
0.350930 0.741185 0.107808
0.272024 0.777220 0.134542
0.251573 0.722360 0.131828
0.207462 0.733933 0.145884
0.166042 0.736737 0.158243
0.132310 0.730434 0.167417
0.110334 0.715785 0.172298
0.102766 0.694556 0.172298
0.110517 0.669309 0.167417
0.132653 0.643088 0.158243
0.166505 0.619055 0.145884
0.207988 0.600111 0.131828
0.252100 0.588538 0.117773
0.293520 0.585735 0.105413
0.327252 0.592037 0.096240
0.349227 0.606686 0.091358
0.356796 0.627915 0.091358
0.349044 0.653162 0.096240
0.326908 0.679383 0.105413
0.293057 0.703416 0.117773
0.251573 0.722360 0.131828
0.229508 0.661333 0.130893
0.229508 0.661333 0.130893
0.229508 0.661333 0.130893
0.229508 0.661333 0.130893
0.229508 0.661333 0.130893
0.229508 0.661333 0.130893
0.229508 0.661333 0.130893
0.229508 0.661333 0.130893
0.229508 0.661333 0.130893
0.229508 0.661333 0.130893
0.229508 0.661333 0.130893
0.229508 0.661333 0.130893
0.229508 0.661333 0.130893
0.229508 0.661333 0.130893
0.229508 0.661333 0.130893
0.229508 0.661333 0.130893
0.229508 0.661333 0.130893
0.229508 0.661333 0.130893
0.229508 0.661333 0.130893
-0.191704 0.673264 0.169107
-0.191704 0.673264 0.169107
-0.191704 0.673264 0.169107
-0.191704 0.673264 0.169107
-0.191704 0.673264 0.169107
-0.191704 0.673264 0.169107
-0.191704 0.673264 0.169107
-0.191704 0.673264 0.169107
-0.191704 0.673264 0.169107
-0.191704 0.673264 0.169107
-0.191704 0.673264 0.169107
-0.191704 0.673264 0.169107
-0.191704 0.673264 0.169107
-0.191704 0.673264 0.169107
-0.191704 0.673264 0.169107
-0.191704 0.673264 0.169107
-0.191704 0.673264 0.169107
-0.191704 0.673264 0.169107
-0.191704 0.673264 0.169107
-0.210280 0.735443 0.168172
-0.252769 0.718877 0.182227
-0.287926 0.696799 0.194587
-0.311511 0.671873 0.203760
-0.320679 0.647105 0.208642
-0.314325 0.625482 0.208642
-0.293214 0.609613 0.203760
-0.259893 0.601411 0.194587
-0.218380 0.601865 0.182227
-0.173684 0.610922 0.168172
-0.131195 0.627488 0.154116
-0.096038 0.649566 0.141757
-0.072452 0.674492 0.132583
-0.063284 0.699260 0.127702
-0.069639 0.720883 0.127702
-0.090750 0.736752 0.132583
-0.124071 0.744954 0.141757
-0.165583 0.744500 0.154116
-0.210280 0.735443 0.168172
-0.227592 0.791372 0.165458
-0.308411 0.759861 0.192192
-0.375284 0.717867 0.215702
-0.420146 0.670455 0.233151
-0.437585 0.623343 0.242436
-0.425497 0.582214 0.242436
-0.385342 0.552029 0.233151
-0.321961 0.536427 0.215702
-0.243000 0.537292 0.192192
-0.157983 0.554519 0.165458
-0.077164 0.586030 0.138723
-0.010290 0.628024 0.115213
0.034571 0.675436 0.097764
0.052010 0.722548 0.088479
0.039923 0.763677 0.088479
-0.000233 0.793863 0.097764
-0.063614 0.809464 0.115213
-0.142574 0.808599 0.138723
-0.227592 0.791372 0.165458
-0.241946 0.835577 0.161231
-0.353184 0.792206 0.198027
-0.445227 0.734406 0.230386
-0.506974 0.669149 0.254403
-0.530976 0.604305 0.267183
-0.514340 0.547696 0.267183
-0.459070 0.506149 0.254403
-0.371834 0.484676 0.230386
-0.263154 0.485866 0.198027
-0.146138 0.509577 0.161231
-0.034900 0.552948 0.124434
0.057144 0.610748 0.092075
0.118890 0.676005 0.068058
0.142893 0.740849 0.055279
0.126256 0.797458 0.055279
0.070986 0.839005 0.068058
-0.016249 0.860478 0.092075
-0.124930 0.859288 0.124434
-0.241946 0.835577 0.161231
-0.251937 0.863731 0.155904
-0.382705 0.812745 0.199161
-0.490909 0.744797 0.237201
-0.563496 0.668083 0.265435
-0.591713 0.591854 0.280458
-0.572155 0.525306 0.280458
-0.507182 0.476464 0.265435
-0.404630 0.451221 0.237201
-0.276869 0.452621 0.199161
-0.139308 0.480494 0.155904
-0.008540 0.531480 0.112647
0.099664 0.599428 0.074607
0.172251 0.676142 0.046373
0.200468 0.752371 0.031350
0.180910 0.818919 0.031350
0.115937 0.867760 0.046373
0.013385 0.893004 0.074607
-0.114376 0.891604 0.112647
-0.251937 0.863731 0.155904
-0.256587 0.873077 0.150000
-0.394085 0.819467 0.195483
-0.507857 0.748023 0.235481
-0.584180 0.667360 0.265168
-0.613849 0.587209 0.280964
-0.593285 0.517236 0.280964
-0.524968 0.465881 0.265168
-0.417139 0.439339 0.235481
-0.282802 0.440810 0.195483
-0.138162 0.470118 0.150000
-0.000664 0.523727 0.104517
0.113107 0.595172 0.064519
0.189431 0.675835 0.034832
0.219099 0.755986 0.019036
0.198535 0.825959 0.019036
0.130218 0.877314 0.034832
0.022389 0.903856 0.064519
-0.111947 0.902385 0.104517
-0.256587 0.873077 0.150000
-0.255442 0.862701 0.144096
-0.386210 0.811715 0.187353
-0.494414 0.743767 0.225393
-0.567001 0.667053 0.253627
-0.595218 0.590824 0.268650
-0.575660 0.524276 0.268650
-0.510687 0.475435 0.253627
-0.408135 0.450191 0.225393
-0.280374 0.451591 0.187353
-0.142813 0.479464 0.144096
-0.012044 0.530450 0.100839
0.096159 0.598398 0.062799
0.168747 0.675112 0.034565
0.196963 0.751341 0.019542
0.177405 0.817889 0.019542
0.112432 0.866730 0.034565
0.009880 0.891974 0.062799
-0.117881 0.890574 0.100839
-0.255442 0.862701 0.144096
-0.248612 0.833618 0.138769
-0.359850 0.790247 0.175566
-0.451894 0.732447 0.207925
-0.513640 0.667190 0.231942
-0.537643 0.602346 0.244721
-0.521006 0.545737 0.244721
-0.465736 0.504190 0.231942
-0.378500 0.482717 0.207925
-0.269820 0.483907 0.175566
-0.152804 0.507618 0.138769
-0.041566 0.550989 0.101973
0.050478 0.608788 0.069614
0.112224 0.674046 0.045597
0.136227 0.738890 0.032817
0.119590 0.795499 0.032817
0.064320 0.837046 0.045597
-0.022916 0.858519 0.069614
-0.131596 0.857329 0.101973
-0.248612 0.833618 0.138769
-0.236767 0.788676 0.134542
-0.317586 0.757165 0.161277
-0.384459 0.715171 0.184787
-0.429321 0.667759 0.202236
-0.446760 0.620647 0.211521
-0.434672 0.579518 0.211521
-0.394517 0.549332 0.202236
-0.331136 0.533731 0.184787
-0.252176 0.534596 0.161277
-0.167158 0.551823 0.134542
-0.086339 0.583333 0.107808
-0.019466 0.625327 0.084298
0.025396 0.672740 0.066849
0.042835 0.719852 0.057564
0.030747 0.760981 0.057564
-0.009408 0.791166 0.066849
-0.072789 0.806767 0.084298
-0.151750 0.805902 0.107808
-0.236767 0.788676 0.134542
-0.221066 0.732273 0.131828
-0.263555 0.715707 0.145884
-0.298712 0.693629 0.158243
-0.322297 0.668703 0.167417
-0.331466 0.643935 0.172298
-0.325111 0.622312 0.172298
-0.304000 0.606443 0.167417
-0.270679 0.598241 0.158243
-0.229167 0.598695 0.145884
-0.184470 0.607752 0.131828
-0.141981 0.624318 0.117773
-0.106824 0.646396 0.105413
-0.083239 0.671322 0.096240
-0.074070 0.696090 0.091358
-0.080425 0.717713 0.091358
-0.101536 0.733582 0.096240
-0.134857 0.741784 0.105413
-0.176369 0.741330 0.117773
-0.221066 0.732273 0.131828
-0.203046 0.669931 0.130893
-0.203046 0.669931 0.130893
-0.203046 0.669931 0.130893
-0.203046 0.669931 0.130893
-0.203046 0.669931 0.130893
-0.203046 0.669931 0.130893
-0.203046 0.669931 0.130893
-0.203046 0.669931 0.130893
-0.203046 0.669931 0.130893
-0.203046 0.669931 0.130893
-0.203046 0.669931 0.130893
-0.203046 0.669931 0.130893
-0.203046 0.669931 0.130893
-0.203046 0.669931 0.130893
-0.203046 0.669931 0.130893
-0.203046 0.669931 0.130893
-0.203046 0.669931 0.130893
-0.203046 0.669931 0.130893
-0.203046 0.669931 0.130893
-0.550827 0.432001 0.169107
-0.550827 0.432001 0.169107
-0.550827 0.432001 0.169107
-0.550827 0.432001 0.169107
-0.550827 0.432001 0.169107
-0.550827 0.432001 0.169107
-0.550827 0.432001 0.169107
-0.550827 0.432001 0.169107
-0.550827 0.432001 0.169107
-0.550827 0.432001 0.169107
-0.550827 0.432001 0.169107
-0.550827 0.432001 0.169107
-0.550827 0.432001 0.169107
-0.550827 0.432001 0.169107
-0.550827 0.432001 0.169107
-0.550827 0.432001 0.169107
-0.550827 0.432001 0.169107
-0.550827 0.432001 0.169107
-0.550827 0.432001 0.169107
-0.602402 0.471387 0.168172
-0.627039 0.433010 0.182227
-0.642505 0.394484 0.194587
-0.646935 0.360455 0.203760
-0.639794 0.335028 0.208642
-0.621943 0.321270 0.208642
-0.595536 0.320840 0.203760
-0.563758 0.333790 0.194587
-0.530441 0.358558 0.182227
-0.499604 0.392157 0.168172
-0.474967 0.430534 0.154116
-0.459501 0.469060 0.141757
-0.455072 0.503089 0.132583
-0.462213 0.528516 0.127702
-0.480063 0.542274 0.127702
-0.506470 0.542704 0.132583
-0.538249 0.529753 0.141757
-0.571566 0.504985 0.154116
-0.602402 0.471387 0.168172
-0.649282 0.506459 0.165458
-0.696145 0.433461 0.192192
-0.725563 0.360180 0.215702
-0.733989 0.295454 0.233151
-0.720405 0.247089 0.242436
-0.686451 0.220920 0.242436
-0.636222 0.220102 0.233151
-0.575776 0.244735 0.215702
-0.512404 0.291847 0.192192
-0.453749 0.355755 0.165458
-0.406887 0.428752 0.138723
-0.377468 0.502034 0.115213
-0.369043 0.566760 0.097764
-0.382626 0.615124 0.088479
-0.416580 0.641294 0.088479
-0.466809 0.642112 0.097764
-0.527255 0.617479 0.115213
-0.590628 0.570367 0.138723
-0.649282 0.506459 0.165458
-0.686878 0.533784 0.161231
-0.751379 0.433312 0.198027
-0.791870 0.332449 0.230386
-0.803467 0.243361 0.254403
-0.784771 0.176793 0.267183
-0.738037 0.140774 0.267183
-0.668902 0.139648 0.254403
-0.585706 0.173552 0.230386
-0.498481 0.238396 0.198027
-0.417750 0.326359 0.161231
-0.353249 0.426831 0.124434
-0.312758 0.527693 0.092075
-0.301161 0.616782 0.068058
-0.319857 0.683350 0.055279
-0.366591 0.719369 0.055279
-0.435726 0.720494 0.068058
-0.518922 0.686590 0.092075
-0.606147 0.621747 0.124434
-0.686878 0.533784 0.161231
-0.711509 0.550688 0.155904
-0.787335 0.432576 0.199161
-0.834935 0.314005 0.237201
-0.848567 0.209275 0.265435
-0.826589 0.131020 0.280458
-0.771650 0.088677 0.280458
-0.690378 0.087354 0.265435
-0.592574 0.127210 0.237201
-0.490036 0.203438 0.199161
-0.395130 0.306845 0.155904
-0.319305 0.424957 0.112647
-0.271705 0.543528 0.074607
-0.258072 0.648257 0.046373
-0.280051 0.726513 0.031350
-0.334989 0.768856 0.031350
-0.416262 0.770179 0.046373
-0.514066 0.730323 0.074607
-0.616604 0.654094 0.112647
-0.711509 0.550688 0.155904
-0.720765 0.555516 0.150000
-0.800493 0.431325 0.195483
-0.850542 0.306652 0.235481
-0.864876 0.196533 0.265168
-0.841767 0.114250 0.280964
-0.784001 0.069728 0.280964
-0.698546 0.068337 0.265168
-0.595709 0.110245 0.235481
-0.487894 0.190396 0.195483
-0.388104 0.299124 0.150000
-0.308377 0.423314 0.104517
-0.258328 0.547987 0.064519
-0.243993 0.658106 0.034832
-0.267103 0.740389 0.019036
-0.324869 0.784911 0.019036
-0.410324 0.786302 0.034832
-0.513161 0.744395 0.064519
-0.620976 0.664243 0.104517
-0.720765 0.555516 0.150000
-0.713739 0.547795 0.144096
-0.789565 0.429683 0.187353
-0.837164 0.311111 0.225393
-0.850797 0.206382 0.253627
-0.828819 0.128127 0.268650
-0.773880 0.085784 0.268650
-0.692608 0.084460 0.253627
-0.594804 0.124317 0.225393
-0.492265 0.200545 0.187353
-0.397360 0.303952 0.144096
-0.321535 0.422063 0.100839
-0.273935 0.540635 0.062799
-0.260302 0.645364 0.034565
-0.282281 0.723620 0.019542
-0.337219 0.765963 0.019542
-0.418492 0.767286 0.034565
-0.516296 0.727429 0.062799
-0.618834 0.651201 0.100839
-0.713739 0.547795 0.144096
-0.691120 0.528281 0.138769
-0.755621 0.427809 0.175566
-0.796111 0.326946 0.207925
-0.807708 0.237858 0.231942
-0.789012 0.171290 0.244721
-0.742278 0.135271 0.244721
-0.673144 0.134145 0.231942
-0.589947 0.168049 0.207925
-0.502723 0.232893 0.175566
-0.421991 0.320855 0.138769
-0.357490 0.421327 0.101973
-0.317000 0.522190 0.069614
-0.305403 0.611278 0.045597
-0.324099 0.677846 0.032817
-0.370833 0.713865 0.032817
-0.439967 0.714991 0.045597
-0.523164 0.681087 0.069614
-0.610388 0.616243 0.101973
-0.691120 0.528281 0.138769
-0.655120 0.498884 0.134542
-0.701983 0.425887 0.161277
-0.731401 0.352606 0.184787
-0.739827 0.287879 0.202236
-0.726243 0.239515 0.211521
-0.692289 0.213346 0.211521
-0.642060 0.212528 0.202236
-0.581614 0.237160 0.184787
-0.518242 0.284272 0.161277
-0.459587 0.348181 0.134542
-0.412724 0.421178 0.107808
-0.383306 0.494459 0.084298
-0.374881 0.559185 0.066849
-0.388464 0.607550 0.057564
-0.422418 0.633719 0.057564
-0.472647 0.634537 0.066849
-0.533093 0.609904 0.084298
-0.596466 0.562793 0.107808
-0.655120 0.498884 0.134542
-0.609265 0.462482 0.131828
-0.633902 0.424105 0.145884
-0.649368 0.385579 0.158243
-0.653798 0.351551 0.167417
-0.646657 0.326124 0.172298
-0.628806 0.312366 0.172298
-0.602399 0.311936 0.167417
-0.570621 0.324886 0.158243
-0.537304 0.349654 0.145884
-0.506467 0.383253 0.131828
-0.481830 0.421630 0.117773
-0.466364 0.460156 0.105413
-0.461934 0.494184 0.096240
-0.469076 0.519611 0.091358
-0.486926 0.533369 0.091358
-0.513333 0.533799 0.096240
-0.545112 0.520849 0.105413
-0.578429 0.496081 0.117773
-0.609265 0.462482 0.131828
-0.558043 0.422638 0.130893
-0.558043 0.422638 0.130893
-0.558043 0.422638 0.130893
-0.558043 0.422638 0.130893
-0.558043 0.422638 0.130893
-0.558043 0.422638 0.130893
-0.558043 0.422638 0.130893
-0.558043 0.422638 0.130893
-0.558043 0.422638 0.130893
-0.558043 0.422638 0.130893
-0.558043 0.422638 0.130893
-0.558043 0.422638 0.130893
-0.558043 0.422638 0.130893
-0.558043 0.422638 0.130893
-0.558043 0.422638 0.130893
-0.558043 0.422638 0.130893
-0.558043 0.422638 0.130893
-0.558043 0.422638 0.130893
-0.558043 0.422638 0.130893
-0.699552 0.025728 0.169107
-0.699552 0.025728 0.169107
-0.699552 0.025728 0.169107
-0.699552 0.025728 0.169107
-0.699552 0.025728 0.169107
-0.699552 0.025728 0.169107
-0.699552 0.025728 0.169107
-0.699552 0.025728 0.169107
-0.699552 0.025728 0.169107
-0.699552 0.025728 0.169107
-0.699552 0.025728 0.169107
-0.699552 0.025728 0.169107
-0.699552 0.025728 0.169107
-0.699552 0.025728 0.169107
-0.699552 0.025728 0.169107
-0.699552 0.025728 0.169107
-0.699552 0.025728 0.169107
-0.699552 0.025728 0.169107
-0.699552 0.025728 0.169107
-0.764428 0.027277 0.168172
-0.761802 -0.018252 0.182227
-0.751669 -0.058511 0.194587
-0.735252 -0.088645 0.203760
-0.714529 -0.105018 0.208642
-0.692000 -0.105656 0.208642
-0.670384 -0.090482 0.203760
-0.652287 -0.061326 0.194587
-0.639891 -0.021706 0.182227
-0.634693 0.023602 0.168172
-0.637318 0.069131 0.154116
-0.647451 0.109390 0.141757
-0.663869 0.139523 0.132583
-0.684592 0.155896 0.127702
-0.707120 0.156534 0.127702
-0.728736 0.141361 0.132583
-0.746834 0.112205 0.141757
-0.759229 0.072584 0.154116
-0.764428 0.027277 0.168172
-0.822969 0.028095 0.165458
-0.817975 -0.058506 0.192192
-0.798702 -0.135083 0.215702
-0.767473 -0.192400 0.233151
-0.728056 -0.223544 0.242436
-0.685204 -0.224758 0.242436
-0.644088 -0.195895 0.233151
-0.609664 -0.140438 0.215702
-0.586087 -0.065075 0.192192
-0.576199 0.021105 0.165458
-0.581192 0.107706 0.138723
-0.600466 0.184283 0.115213
-0.631695 0.241600 0.097764
-0.671112 0.272744 0.088479
-0.713963 0.273958 0.088479
-0.755080 0.245096 0.097764
-0.789504 0.189638 0.115213
-0.813081 0.114275 0.138723
-0.822969 0.028095 0.165458
-0.869446 0.028103 0.161231
-0.862573 -0.091093 0.198027
-0.836045 -0.196492 0.230386
-0.793062 -0.275383 0.254403
-0.738809 -0.318248 0.267183
-0.679829 -0.319919 0.267183
-0.623237 -0.280193 0.254403
-0.575857 -0.203862 0.230386
-0.543405 -0.100133 0.198027
-0.529796 0.018482 0.161231
-0.536669 0.137679 0.124434
-0.563197 0.243078 0.092075
-0.606180 0.321968 0.068058
-0.660433 0.364834 0.055279
-0.719413 0.366505 0.055279
-0.776005 0.326779 0.068058
-0.823385 0.250448 0.092075
-0.855837 0.146719 0.124434
-0.869446 0.028103 0.161231
-0.899309 0.027301 0.155904
-0.891229 -0.112822 0.199161
-0.860044 -0.236727 0.237201
-0.809514 -0.329468 0.265435
-0.745736 -0.379860 0.280458
-0.676401 -0.381824 0.280458
-0.609873 -0.335123 0.265435
-0.554175 -0.245391 0.237201
-0.516025 -0.123451 0.199161
-0.500026 0.015991 0.155904
-0.508106 0.156114 0.112647
-0.539292 0.280019 0.074607
-0.589821 0.372760 0.046373
-0.653599 0.423152 0.031350
-0.722934 0.425116 0.031350
-0.789463 0.378415 0.046373
-0.845161 0.288683 0.074607
-0.883310 0.166743 0.112647
-0.899309 0.027301 0.155904
-0.909635 0.025766 0.150000
-0.901139 -0.121568 0.195483
-0.868349 -0.251849 0.235481
-0.815219 -0.349363 0.265168
-0.748158 -0.402348 0.280964
-0.675255 -0.404413 0.280964
-0.605303 -0.355309 0.265168
-0.546739 -0.260959 0.235481
-0.506626 -0.132743 0.195483
-0.489804 0.013874 0.150000
-0.498300 0.161209 0.104517
-0.531090 0.291490 0.064519
-0.584220 0.389004 0.034832
-0.651280 0.441988 0.019036
-0.724183 0.444053 0.019036
-0.794136 0.394950 0.034832
-0.852700 0.300600 0.064519
-0.892812 0.172384 0.104517
-0.909635 0.025766 0.150000
-0.899413 0.023650 0.144096
-0.891332 -0.116474 0.187353
-0.860147 -0.240378 0.225393
-0.809618 -0.333119 0.253627
-0.745839 -0.383511 0.268650
-0.676505 -0.385475 0.268650
-0.609976 -0.338775 0.253627
-0.554278 -0.249043 0.225393
-0.516129 -0.127102 0.187353
-0.500129 0.012340 0.144096
-0.508210 0.152463 0.100839
-0.539395 0.276368 0.062799
-0.589924 0.369109 0.034565
-0.653703 0.419500 0.019542
-0.723038 0.421464 0.019542
-0.789566 0.374764 0.034565
-0.845264 0.285032 0.062799
-0.883413 0.163091 0.100839
-0.899413 0.023650 0.144096
-0.869643 0.021158 0.138769
-0.862770 -0.098038 0.175566
-0.836242 -0.203438 0.207925
-0.793259 -0.282328 0.231942
-0.739006 -0.325193 0.244721
-0.680026 -0.326864 0.244721
-0.623433 -0.287138 0.231942
-0.576054 -0.210808 0.207925
-0.543602 -0.107079 0.175566
-0.529992 0.011537 0.138769
-0.536866 0.130733 0.101973
-0.563394 0.236133 0.069614
-0.606377 0.315023 0.045597
-0.660630 0.357889 0.032817
-0.719609 0.359559 0.032817
-0.776202 0.319834 0.045597
-0.823582 0.243503 0.069614
-0.856033 0.139774 0.101973
-0.869643 0.021158 0.138769
-0.823240 0.018536 0.134542
-0.818246 -0.068065 0.161277
-0.798972 -0.144643 0.184787
-0.767744 -0.201960 0.202236
-0.728327 -0.233103 0.211521
-0.685475 -0.234317 0.211521
-0.644358 -0.205455 0.202236
-0.609935 -0.149997 0.184787
-0.586357 -0.074634 0.161277
-0.576469 0.011546 0.134542
-0.581463 0.098147 0.107808
-0.600737 0.174724 0.084298
-0.631966 0.232041 0.066849
-0.671383 0.263185 0.057564
-0.714234 0.264399 0.057564
-0.755351 0.235536 0.066849
-0.789774 0.180079 0.084298
-0.813352 0.104715 0.107808
-0.823240 0.018536 0.134542
-0.764746 0.016039 0.131828
-0.762121 -0.029490 0.145884
-0.751988 -0.069749 0.158243
-0.735570 -0.099882 0.167417
-0.714847 -0.116256 0.172298
-0.692319 -0.116894 0.172298
-0.670702 -0.101720 0.167417
-0.652605 -0.072564 0.158243
-0.640209 -0.032943 0.145884
-0.635011 0.012364 0.131828
-0.637636 0.057893 0.117773
-0.647769 0.098152 0.105413
-0.664187 0.128285 0.096240
-0.684910 0.144659 0.091358
-0.707438 0.145297 0.091358
-0.729055 0.130123 0.096240
-0.747152 0.100967 0.105413
-0.759548 0.061346 0.117773
-0.764746 0.016039 0.131828
-0.699887 0.013912 0.130893
-0.699887 0.013912 0.130893
-0.699887 0.013912 0.130893
-0.699887 0.013912 0.130893
-0.699887 0.013912 0.130893
-0.699887 0.013912 0.130893
-0.699887 0.013912 0.130893
-0.699887 0.013912 0.130893
-0.699887 0.013912 0.130893
-0.699887 0.013912 0.130893
-0.699887 0.013912 0.130893
-0.699887 0.013912 0.130893
-0.699887 0.013912 0.130893
-0.699887 0.013912 0.130893
-0.699887 0.013912 0.130893
-0.699887 0.013912 0.130893
-0.699887 0.013912 0.130893
-0.699887 0.013912 0.130893
-0.699887 0.013912 0.130893
-0.581072 -0.390372 0.169107
-0.581072 -0.390372 0.169107
-0.581072 -0.390372 0.169107
-0.581072 -0.390372 0.169107
-0.581072 -0.390372 0.169107
-0.581072 -0.390372 0.169107
-0.581072 -0.390372 0.169107
-0.581072 -0.390372 0.169107
-0.581072 -0.390372 0.169107
-0.581072 -0.390372 0.169107
-0.581072 -0.390372 0.169107
-0.581072 -0.390372 0.169107
-0.581072 -0.390372 0.169107
-0.581072 -0.390372 0.169107
-0.581072 -0.390372 0.169107
-0.581072 -0.390372 0.169107
-0.581072 -0.390372 0.169107
-0.581072 -0.390372 0.169107
-0.581072 -0.390372 0.169107
-0.634468 -0.427252 0.168172
-0.605583 -0.462543 0.182227
-0.573721 -0.489157 0.194587
-0.542727 -0.503885 0.203760
-0.516338 -0.504951 0.208642
-0.497737 -0.492225 0.208642
-0.489168 -0.467243 0.203760
-0.491664 -0.433019 0.194587
-0.504925 -0.393679 0.182227
-0.527350 -0.353969 0.168172
-0.556235 -0.318678 0.154116
-0.588096 -0.292064 0.141757
-0.619091 -0.277336 0.132583
-0.645480 -0.276270 0.127702
-0.664081 -0.288996 0.127702
-0.672650 -0.313977 0.132583
-0.670154 -0.348202 0.141757
-0.656893 -0.387542 0.154116
-0.634468 -0.427252 0.168172
-0.682310 -0.461000 0.165458
-0.627367 -0.528126 0.192192
-0.566763 -0.578750 0.215702
-0.507809 -0.606764 0.233151
-0.457614 -0.608791 0.242436
-0.422233 -0.584586 0.242436
-0.405933 -0.537068 0.233151
-0.410681 -0.471968 0.215702
-0.435904 -0.397140 0.192192
-0.478560 -0.321607 0.165458
-0.533503 -0.254480 0.138723
-0.594106 -0.203857 0.115213
-0.653061 -0.175842 0.097764
-0.703256 -0.173815 0.088479
-0.738637 -0.198021 0.088479
-0.754936 -0.245539 0.097764
-0.750188 -0.310638 0.115213
-0.724965 -0.385467 0.138723
-0.682310 -0.461000 0.165458
-0.719916 -0.488312 0.161231
-0.644293 -0.580703 0.198027
-0.560879 -0.650380 0.230386
-0.479735 -0.688939 0.254403
-0.410648 -0.691729 0.267183
-0.361950 -0.658413 0.267183
-0.339516 -0.593010 0.254403
-0.346051 -0.503408 0.230386
-0.380767 -0.400415 0.198027
-0.439477 -0.296453 0.161231
-0.515100 -0.204062 0.124434
-0.598514 -0.134385 0.092075
-0.679658 -0.095826 0.068058
-0.748746 -0.093036 0.055279
-0.797443 -0.126352 0.055279
-0.819877 -0.191755 0.068058
-0.813342 -0.281356 0.092075
-0.778626 -0.384350 0.124434
-0.719916 -0.488312 0.161231
-0.743604 -0.506514 0.155904
-0.654704 -0.615127 0.199161
-0.556645 -0.697037 0.237201
-0.461254 -0.742366 0.265435
-0.380037 -0.745645 0.280458
-0.322790 -0.706480 0.280458
-0.296417 -0.629594 0.265435
-0.304099 -0.524261 0.237201
-0.344911 -0.403186 0.199161
-0.413929 -0.280971 0.155904
-0.502828 -0.172358 0.112647
-0.600887 -0.090448 0.074607
-0.696278 -0.045119 0.046373
-0.777495 -0.041839 0.031350
-0.834743 -0.081004 0.031350
-0.861116 -0.157890 0.046373
-0.853433 -0.263223 0.074607
-0.812622 -0.384299 0.112647
-0.743604 -0.506514 0.155904
-0.751055 -0.513825 0.150000
-0.657581 -0.628027 0.195483
-0.554475 -0.714153 0.235481
-0.454176 -0.761814 0.265168
-0.368779 -0.765263 0.280964
-0.308585 -0.724082 0.280964
-0.280855 -0.643239 0.265168
-0.288933 -0.532485 0.235481
-0.331845 -0.405179 0.195483
-0.404414 -0.276675 0.150000
-0.497889 -0.162473 0.104517
-0.600994 -0.076347 0.064519
-0.701294 -0.028685 0.034832
-0.786691 -0.025237 0.019036
-0.846885 -0.066418 0.019036
-0.874615 -0.147260 0.034832
-0.866537 -0.258014 0.064519
-0.823625 -0.385321 0.104517
-0.751055 -0.513825 0.150000
-0.741541 -0.509529 0.144096
-0.652642 -0.618141 0.187353
-0.554583 -0.700052 0.225393
-0.459192 -0.745381 0.253627
-0.377975 -0.748660 0.268650
-0.320727 -0.709495 0.268650
-0.294354 -0.632609 0.253627
-0.302037 -0.527276 0.225393
-0.342848 -0.406200 0.187353
-0.411866 -0.283986 0.144096
-0.500766 -0.175373 0.100839
-0.598825 -0.093462 0.062799
-0.694216 -0.048134 0.034565
-0.775433 -0.044854 0.019542
-0.832680 -0.084019 0.019542
-0.859053 -0.160905 0.034565
-0.851371 -0.266238 0.062799
-0.810559 -0.387314 0.100839
-0.741541 -0.509529 0.144096
-0.715993 -0.494046 0.138769
-0.640370 -0.586438 0.175566
-0.556956 -0.656115 0.207925
-0.475812 -0.694674 0.231942
-0.406724 -0.697464 0.244721
-0.358027 -0.664148 0.244721
-0.335593 -0.598745 0.231942
-0.342128 -0.509143 0.207925
-0.376844 -0.406150 0.175566
-0.435554 -0.302188 0.138769
-0.511177 -0.209796 0.101973
-0.594591 -0.140119 0.069614
-0.675735 -0.101560 0.045597
-0.744822 -0.098770 0.032817
-0.793520 -0.132086 0.032817
-0.815954 -0.197489 0.045597
-0.809419 -0.287091 0.069614
-0.774703 -0.390084 0.101973
-0.715993 -0.494046 0.138769
-0.676910 -0.468893 0.134542
-0.621967 -0.536019 0.161277
-0.561363 -0.586643 0.184787
-0.502409 -0.614657 0.202236
-0.452214 -0.616684 0.211521
-0.416833 -0.592479 0.211521
-0.400533 -0.544961 0.202236
-0.405282 -0.479861 0.184787
-0.430504 -0.405032 0.161277
-0.473160 -0.329500 0.134542
-0.528103 -0.262373 0.107808
-0.588707 -0.211750 0.084298
-0.647661 -0.183735 0.066849
-0.697856 -0.181708 0.057564
-0.733237 -0.205913 0.057564
-0.749537 -0.253432 0.066849
-0.744788 -0.318531 0.084298
-0.719566 -0.393360 0.107808
-0.676910 -0.468893 0.134542
-0.628120 -0.436531 0.131828
-0.599235 -0.471821 0.145884
-0.567373 -0.498436 0.158243
-0.536379 -0.513164 0.167417
-0.509990 -0.514229 0.172298
-0.491389 -0.501504 0.172298
-0.482820 -0.476522 0.167417
-0.485316 -0.442297 0.158243
-0.498577 -0.402957 0.145884
-0.521002 -0.363247 0.131828
-0.549887 -0.327957 0.117773
-0.581749 -0.301343 0.105413
-0.612743 -0.286614 0.096240
-0.639132 -0.285549 0.091358
-0.657733 -0.298274 0.091358
-0.666302 -0.323256 0.096240
-0.663806 -0.357481 0.105413
-0.650545 -0.396821 0.117773
-0.628120 -0.436531 0.131828
-0.574398 -0.400128 0.130893
-0.574398 -0.400128 0.130893
-0.574398 -0.400128 0.130893
-0.574398 -0.400128 0.130893
-0.574398 -0.400128 0.130893
-0.574398 -0.400128 0.130893
-0.574398 -0.400128 0.130893
-0.574398 -0.400128 0.130893
-0.574398 -0.400128 0.130893
-0.574398 -0.400128 0.130893
-0.574398 -0.400128 0.130893
-0.574398 -0.400128 0.130893
-0.574398 -0.400128 0.130893
-0.574398 -0.400128 0.130893
-0.574398 -0.400128 0.130893
-0.574398 -0.400128 0.130893
-0.574398 -0.400128 0.130893
-0.574398 -0.400128 0.130893
-0.574398 -0.400128 0.130893
-0.240643 -0.657363 0.169107
-0.240643 -0.657363 0.169107
-0.240643 -0.657363 0.169107
-0.240643 -0.657363 0.169107
-0.240643 -0.657363 0.169107
-0.240643 -0.657363 0.169107
-0.240643 -0.657363 0.169107
-0.240643 -0.657363 0.169107
-0.240643 -0.657363 0.169107
-0.240643 -0.657363 0.169107
-0.240643 -0.657363 0.169107
-0.240643 -0.657363 0.169107
-0.240643 -0.657363 0.169107
-0.240643 -0.657363 0.169107
-0.240643 -0.657363 0.169107
-0.240643 -0.657363 0.169107
-0.240643 -0.657363 0.169107
-0.240643 -0.657363 0.169107
-0.240643 -0.657363 0.169107
-0.262163 -0.718585 0.168172
-0.218051 -0.730157 0.182227
-0.176631 -0.732961 0.194587
-0.142899 -0.726658 0.203760
-0.120924 -0.712009 0.208642
-0.113355 -0.690781 0.208642
-0.121106 -0.665534 0.203760
-0.143243 -0.639312 0.194587
-0.177094 -0.615280 0.182227
-0.218577 -0.596335 0.168172
-0.262689 -0.584763 0.154116
-0.304109 -0.581959 0.141757
-0.337841 -0.588262 0.132583
-0.359817 -0.602911 0.127702
-0.367385 -0.624139 0.127702
-0.359634 -0.649387 0.132583
-0.337497 -0.675608 0.141757
-0.303646 -0.699640 0.154116
-0.262163 -0.718585 0.168172
-0.281031 -0.774009 0.165458
-0.197126 -0.796020 0.192192
-0.118341 -0.801354 0.215702
-0.054178 -0.789365 0.233151
-0.012379 -0.761501 0.242436
0.002018 -0.721122 0.242436
-0.012726 -0.673099 0.233151
-0.054832 -0.623223 0.215702
-0.119221 -0.577511 0.192192
-0.198127 -0.541476 0.165458
-0.282033 -0.519464 0.138723
-0.360818 -0.514131 0.115213
-0.424980 -0.526119 0.097764
-0.466780 -0.553983 0.088479
-0.481176 -0.594362 0.088479
-0.466432 -0.642385 0.097764
-0.424327 -0.692261 0.115213
-0.359938 -0.737973 0.138723
-0.281031 -0.774009 0.165458
-0.295402 -0.818208 0.161231
-0.179915 -0.848505 0.198027
-0.071477 -0.855845 0.230386
0.016835 -0.839345 0.254403
0.074367 -0.800993 0.267183
0.094182 -0.745416 0.267183
0.073889 -0.679318 0.254403
0.015935 -0.610670 0.230386
-0.072689 -0.547752 0.198027
-0.181294 -0.498154 0.161231
-0.296780 -0.467858 0.124434
-0.405219 -0.460517 0.092075
-0.493530 -0.477018 0.068058
-0.551063 -0.515369 0.055279
-0.570877 -0.570946 0.055279
-0.550584 -0.637045 0.068058
-0.492630 -0.705693 0.092075
-0.404007 -0.768610 0.124434
-0.295402 -0.818208 0.161231
-0.303867 -0.846858 0.155904
-0.168104 -0.882473 0.199161
-0.040627 -0.891103 0.237201
0.063189 -0.871705 0.265435
0.130823 -0.826620 0.280458
0.154116 -0.761286 0.280458
0.130260 -0.683582 0.265435
0.062132 -0.602881 0.237201
-0.042052 -0.528917 0.199161
-0.169725 -0.470611 0.155904
-0.305487 -0.434996 0.112647
-0.432964 -0.426366 0.074607
-0.536781 -0.445764 0.046373
-0.604414 -0.490849 0.031350
-0.627708 -0.556183 0.031350
-0.603852 -0.633887 0.046373
-0.535723 -0.714588 0.074607
-0.431539 -0.788552 0.112647
-0.303867 -0.846858 0.155904
-0.305598 -0.857152 0.150000
-0.162849 -0.894601 0.195483
-0.028812 -0.903674 0.235481
0.080347 -0.883278 0.265168
0.151462 -0.835873 0.280964
0.175954 -0.767177 0.280964
0.150870 -0.685474 0.265168
0.079235 -0.600620 0.235481
-0.030310 -0.522850 0.195483
-0.164553 -0.461543 0.150000
-0.307302 -0.424095 0.104517
-0.441339 -0.415021 0.064519
-0.550498 -0.435417 0.034832
-0.621613 -0.482822 0.019036
-0.646105 -0.551519 0.019036
-0.621021 -0.633222 0.034832
-0.549386 -0.718075 0.064519
-0.439841 -0.795846 0.104517
-0.305598 -0.857152 0.150000
-0.300426 -0.848084 0.144096
-0.164664 -0.883700 0.187353
-0.037187 -0.892329 0.225393
0.066630 -0.872932 0.253627
0.134264 -0.827847 0.268650
0.157557 -0.762512 0.268650
0.133701 -0.684809 0.253627
0.065572 -0.604108 0.225393
-0.038611 -0.530144 0.187353
-0.166284 -0.471838 0.144096
-0.302046 -0.436222 0.100839
-0.429524 -0.427593 0.062799
-0.533340 -0.446991 0.034565
-0.600974 -0.492076 0.019542
-0.624267 -0.557410 0.019542
-0.600411 -0.635114 0.034565
-0.532282 -0.715814 0.062799
-0.428099 -0.789778 0.100839
-0.300426 -0.848084 0.144096
-0.288857 -0.820542 0.138769
-0.173371 -0.850838 0.175566
-0.064932 -0.858179 0.207925
0.023379 -0.841678 0.231942
0.080912 -0.803327 0.244721
0.100727 -0.747750 0.244721
0.080433 -0.681651 0.231942
0.022480 -0.613003 0.207925
-0.066144 -0.550086 0.175566
-0.174749 -0.500487 0.138769
-0.290235 -0.470191 0.101973
-0.398674 -0.462850 0.069614
-0.486985 -0.479351 0.045597
-0.544518 -0.517702 0.032817
-0.564333 -0.573279 0.032817
-0.544039 -0.639378 0.045597
-0.486086 -0.708026 0.069614
-0.397462 -0.770943 0.101973
-0.288857 -0.820542 0.138769
-0.272024 -0.777220 0.134542
-0.188118 -0.799232 0.161277
-0.109333 -0.804565 0.184787
-0.045171 -0.792577 0.202236
-0.003371 -0.764713 0.211521
0.011025 -0.724334 0.211521
-0.003718 -0.676310 0.202236
-0.045824 -0.626434 0.184787
-0.110213 -0.580722 0.161277
-0.189119 -0.544687 0.134542
-0.273025 -0.522675 0.107808
-0.351810 -0.517342 0.084298
-0.415972 -0.529331 0.066849
-0.457772 -0.557195 0.057564
-0.472168 -0.597573 0.057564
-0.457424 -0.645597 0.066849
-0.415319 -0.695473 0.084298
-0.350930 -0.741185 0.107808
-0.272024 -0.777220 0.134542
-0.251573 -0.722360 0.131828
-0.207462 -0.733933 0.145884
-0.166042 -0.736737 0.158243
-0.132310 -0.730434 0.167417
-0.110334 -0.715785 0.172298
-0.102766 -0.694556 0.172298
-0.110517 -0.669309 0.167417
-0.132653 -0.643088 0.158243
-0.166505 -0.619055 0.145884
-0.207988 -0.600111 0.131828
-0.252100 -0.588538 0.117773
-0.293520 -0.585735 0.105413
-0.327252 -0.592037 0.096240
-0.349227 -0.606686 0.091358
-0.356796 -0.627915 0.091358
-0.349044 -0.653162 0.096240
-0.326908 -0.679383 0.105413
-0.293057 -0.703416 0.117773
-0.251573 -0.722360 0.131828
-0.229508 -0.661333 0.130893
-0.229508 -0.661333 0.130893
-0.229508 -0.661333 0.130893
-0.229508 -0.661333 0.130893
-0.229508 -0.661333 0.130893
-0.229508 -0.661333 0.130893
-0.229508 -0.661333 0.130893
-0.229508 -0.661333 0.130893
-0.229508 -0.661333 0.130893
-0.229508 -0.661333 0.130893
-0.229508 -0.661333 0.130893
-0.229508 -0.661333 0.130893
-0.229508 -0.661333 0.130893
-0.229508 -0.661333 0.130893
-0.229508 -0.661333 0.130893
-0.229508 -0.661333 0.130893
-0.229508 -0.661333 0.130893
-0.229508 -0.661333 0.130893
-0.229508 -0.661333 0.130893
0.191704 -0.673264 0.169107
0.191704 -0.673264 0.169107
0.191704 -0.673264 0.169107
0.191704 -0.673264 0.169107
0.191704 -0.673264 0.169107
0.191704 -0.673264 0.169107
0.191704 -0.673264 0.169107
0.191704 -0.673264 0.169107
0.191704 -0.673264 0.169107
0.191704 -0.673264 0.169107
0.191704 -0.673264 0.169107
0.191704 -0.673264 0.169107
0.191704 -0.673264 0.169107
0.191704 -0.673264 0.169107
0.191704 -0.673264 0.169107
0.191704 -0.673264 0.169107
0.191704 -0.673264 0.169107
0.191704 -0.673264 0.169107
0.191704 -0.673264 0.169107
0.210280 -0.735443 0.168172
0.252769 -0.718877 0.182227
0.287926 -0.696799 0.194587
0.311511 -0.671873 0.203760
0.320679 -0.647105 0.208642
0.314325 -0.625482 0.208642
0.293214 -0.609613 0.203760
0.259893 -0.601411 0.194587
0.218380 -0.601865 0.182227
0.173684 -0.610922 0.168172
0.131195 -0.627488 0.154116
0.096038 -0.649566 0.141757
0.072452 -0.674492 0.132583
0.063284 -0.699260 0.127702
0.069639 -0.720883 0.127702
0.090750 -0.736752 0.132583
0.124071 -0.744954 0.141757
0.165583 -0.744500 0.154116
0.210280 -0.735443 0.168172
0.227592 -0.791372 0.165458
0.308411 -0.759861 0.192192
0.375284 -0.717867 0.215702
0.420146 -0.670455 0.233151
0.437585 -0.623343 0.242436
0.425497 -0.582214 0.242436
0.385342 -0.552029 0.233151
0.321961 -0.536427 0.215702
0.243000 -0.537292 0.192192
0.157983 -0.554519 0.165458
0.077164 -0.586030 0.138723
0.010290 -0.628024 0.115213
-0.034571 -0.675436 0.097764
-0.052010 -0.722548 0.088479
-0.039923 -0.763677 0.088479
0.000233 -0.793863 0.097764
0.063614 -0.809464 0.115213
0.142574 -0.808599 0.138723
0.227592 -0.791372 0.165458
0.241946 -0.835577 0.161231
0.353184 -0.792206 0.198027
0.445227 -0.734406 0.230386
0.506974 -0.669149 0.254403
0.530976 -0.604305 0.267183
0.514340 -0.547696 0.267183
0.459070 -0.506149 0.254403
0.371834 -0.484676 0.230386
0.263154 -0.485866 0.198027
0.146138 -0.509577 0.161231
0.034900 -0.552948 0.124434
-0.057144 -0.610748 0.092075
-0.118890 -0.676005 0.068058
-0.142893 -0.740849 0.055279
-0.126256 -0.797458 0.055279
-0.070986 -0.839005 0.068058
0.016249 -0.860478 0.092075
0.124930 -0.859288 0.124434
0.241946 -0.835577 0.161231
0.251937 -0.863731 0.155904
0.382705 -0.812745 0.199161
0.490909 -0.744797 0.237201
0.563496 -0.668083 0.265435
0.591713 -0.591854 0.280458
0.572155 -0.525306 0.280458
0.507182 -0.476464 0.265435
0.404630 -0.451221 0.237201
0.276869 -0.452621 0.199161
0.139308 -0.480494 0.155904
0.008540 -0.531480 0.112647
-0.099664 -0.599428 0.074607
-0.172251 -0.676142 0.046373
-0.200468 -0.752371 0.031350
-0.180910 -0.818919 0.031350
-0.115937 -0.867760 0.046373
-0.013385 -0.893004 0.074607
0.114376 -0.891604 0.112647
0.251937 -0.863731 0.155904
0.256587 -0.873077 0.150000
0.394085 -0.819467 0.195483
0.507857 -0.748023 0.235481
0.584180 -0.667360 0.265168
0.613849 -0.587209 0.280964
0.593285 -0.517236 0.280964
0.524968 -0.465881 0.265168
0.417139 -0.439339 0.235481
0.282802 -0.440810 0.195483
0.138162 -0.470118 0.150000
0.000664 -0.523727 0.104517
-0.113107 -0.595172 0.064519
-0.189431 -0.675835 0.034832
-0.219099 -0.755986 0.019036
-0.198535 -0.825959 0.019036
-0.130218 -0.877314 0.034832
-0.022389 -0.903856 0.064519
0.111947 -0.902385 0.104517
0.256587 -0.873077 0.150000
0.255442 -0.862701 0.144096
0.386210 -0.811715 0.187353
0.494414 -0.743767 0.225393
0.567001 -0.667053 0.253627
0.595218 -0.590824 0.268650
0.575660 -0.524276 0.268650
0.510687 -0.475435 0.253627
0.408135 -0.450191 0.225393
0.280374 -0.451591 0.187353
0.142813 -0.479464 0.144096
0.012044 -0.530450 0.100839
-0.096159 -0.598398 0.062799
-0.168747 -0.675112 0.034565
-0.196963 -0.751341 0.019542
-0.177405 -0.817889 0.019542
-0.112432 -0.866730 0.034565
-0.009880 -0.891974 0.062799
0.117881 -0.890574 0.100839
0.255442 -0.862701 0.144096
0.248612 -0.833618 0.138769
0.359850 -0.790247 0.175566
0.451894 -0.732447 0.207925
0.513640 -0.667190 0.231942
0.537643 -0.602346 0.244721
0.521006 -0.545737 0.244721
0.465736 -0.504190 0.231942
0.378500 -0.482717 0.207925
0.269820 -0.483907 0.175566
0.152804 -0.507618 0.138769
0.041566 -0.550989 0.101973
-0.050478 -0.608788 0.069614
-0.112224 -0.674046 0.045597
-0.136227 -0.738890 0.032817
-0.119590 -0.795499 0.032817
-0.064320 -0.837046 0.045597
0.022916 -0.858519 0.069614
0.131596 -0.857329 0.101973
0.248612 -0.833618 0.138769
0.236767 -0.788676 0.134542
0.317586 -0.757165 0.161277
0.384459 -0.715171 0.184787
0.429321 -0.667759 0.202236
0.446760 -0.620647 0.211521
0.434672 -0.579518 0.211521
0.394517 -0.549332 0.202236
0.331136 -0.533731 0.184787
0.252176 -0.534596 0.161277
0.167158 -0.551823 0.134542
0.086339 -0.583333 0.107808
0.019466 -0.625327 0.084298
-0.025396 -0.672740 0.066849
-0.042835 -0.719852 0.057564
-0.030747 -0.760981 0.057564
0.009408 -0.791166 0.066849
0.072789 -0.806767 0.084298
0.151750 -0.805902 0.107808
0.236767 -0.788676 0.134542
0.221066 -0.732273 0.131828
0.263555 -0.715707 0.145884
0.298712 -0.693629 0.158243
0.322297 -0.668703 0.167417
0.331466 -0.643935 0.172298
0.325111 -0.622312 0.172298
0.304000 -0.606443 0.167417
0.270679 -0.598241 0.158243
0.229167 -0.598695 0.145884
0.184470 -0.607752 0.131828
0.141981 -0.624318 0.117773
0.106824 -0.646396 0.105413
0.083239 -0.671322 0.096240
0.074070 -0.696090 0.091358
0.080425 -0.717713 0.091358
0.101536 -0.733582 0.096240
0.134857 -0.741784 0.105413
0.176369 -0.741330 0.117773
0.221066 -0.732273 0.131828
0.203046 -0.669931 0.130893
0.203046 -0.669931 0.130893
0.203046 -0.669931 0.130893
0.203046 -0.669931 0.130893
0.203046 -0.669931 0.130893
0.203046 -0.669931 0.130893
0.203046 -0.669931 0.130893
0.203046 -0.669931 0.130893
0.203046 -0.669931 0.130893
0.203046 -0.669931 0.130893
0.203046 -0.669931 0.130893
0.203046 -0.669931 0.130893
0.203046 -0.669931 0.130893
0.203046 -0.669931 0.130893
0.203046 -0.669931 0.130893
0.203046 -0.669931 0.130893
0.203046 -0.669931 0.130893
0.203046 -0.669931 0.130893
0.203046 -0.669931 0.130893
0.550827 -0.432001 0.169107
0.550827 -0.432001 0.169107
0.550827 -0.432001 0.169107
0.550827 -0.432001 0.169107
0.550827 -0.432001 0.169107
0.550827 -0.432001 0.169107
0.550827 -0.432001 0.169107
0.550827 -0.432001 0.169107
0.550827 -0.432001 0.169107
0.550827 -0.432001 0.169107
0.550827 -0.432001 0.169107
0.550827 -0.432001 0.169107
0.550827 -0.432001 0.169107
0.550827 -0.432001 0.169107
0.550827 -0.432001 0.169107
0.550827 -0.432001 0.169107
0.550827 -0.432001 0.169107
0.550827 -0.432001 0.169107
0.550827 -0.432001 0.169107
0.602402 -0.471387 0.168172
0.627039 -0.433010 0.182227
0.642505 -0.394484 0.194587
0.646935 -0.360455 0.203760
0.639794 -0.335028 0.208642
0.621943 -0.321270 0.208642
0.595536 -0.320840 0.203760
0.563758 -0.333790 0.194587
0.530441 -0.358558 0.182227
0.499604 -0.392157 0.168172
0.474967 -0.430534 0.154116
0.459501 -0.469060 0.141757
0.455072 -0.503089 0.132583
0.462213 -0.528516 0.127702
0.480063 -0.542274 0.127702
0.506470 -0.542704 0.132583
0.538249 -0.529753 0.141757
0.571566 -0.504985 0.154116
0.602402 -0.471387 0.168172
0.649282 -0.506459 0.165458
0.696145 -0.433461 0.192192
0.725563 -0.360180 0.215702
0.733989 -0.295454 0.233151
0.720405 -0.247089 0.242436
0.686451 -0.220920 0.242436
0.636222 -0.220102 0.233151
0.575776 -0.244735 0.215702
0.512404 -0.291847 0.192192
0.453749 -0.355755 0.165458
0.406887 -0.428752 0.138723
0.377468 -0.502034 0.115213
0.369043 -0.566760 0.097764
0.382626 -0.615124 0.088479
0.416580 -0.641294 0.088479
0.466809 -0.642112 0.097764
0.527255 -0.617479 0.115213
0.590628 -0.570367 0.138723
0.649282 -0.506459 0.165458
0.686878 -0.533784 0.161231
0.751379 -0.433312 0.198027
0.791870 -0.332449 0.230386
0.803467 -0.243361 0.254403
0.784771 -0.176793 0.267183
0.738037 -0.140774 0.267183
0.668902 -0.139648 0.254403
0.585706 -0.173552 0.230386
0.498481 -0.238396 0.198027
0.417750 -0.326359 0.161231
0.353249 -0.426831 0.124434
0.312758 -0.527693 0.092075
0.301161 -0.616782 0.068058
0.319857 -0.683350 0.055279
0.366591 -0.719369 0.055279
0.435726 -0.720494 0.068058
0.518922 -0.686590 0.092075
0.606147 -0.621747 0.124434
0.686878 -0.533784 0.161231
0.711509 -0.550688 0.155904
0.787335 -0.432576 0.199161
0.834935 -0.314005 0.237201
0.848567 -0.209275 0.265435
0.826589 -0.131020 0.280458
0.771650 -0.088677 0.280458
0.690378 -0.087354 0.265435
0.592574 -0.127210 0.237201
0.490036 -0.203438 0.199161
0.395130 -0.306845 0.155904
0.319305 -0.424957 0.112647
0.271705 -0.543528 0.074607
0.258072 -0.648257 0.046373
0.280051 -0.726513 0.031350
0.334989 -0.768856 0.031350
0.416262 -0.770179 0.046373
0.514066 -0.730323 0.074607
0.616604 -0.654094 0.112647
0.711509 -0.550688 0.155904
0.720765 -0.555516 0.150000
0.800493 -0.431325 0.195483
0.850542 -0.306652 0.235481
0.864876 -0.196533 0.265168
0.841767 -0.114250 0.280964
0.784001 -0.069728 0.280964
0.698546 -0.068337 0.265168
0.595709 -0.110245 0.235481
0.487894 -0.190396 0.195483
0.388104 -0.299124 0.150000
0.308377 -0.423314 0.104517
0.258328 -0.547987 0.064519
0.243993 -0.658106 0.034832
0.267103 -0.740389 0.019036
0.324869 -0.784911 0.019036
0.410324 -0.786302 0.034832
0.513161 -0.744395 0.064519
0.620976 -0.664243 0.104517
0.720765 -0.555516 0.150000
0.713739 -0.547795 0.144096
0.789565 -0.429683 0.187353
0.837164 -0.311111 0.225393
0.850797 -0.206382 0.253627
0.828819 -0.128127 0.268650
0.773880 -0.085784 0.268650
0.692608 -0.084460 0.253627
0.594804 -0.124317 0.225393
0.492265 -0.200545 0.187353
0.397360 -0.303952 0.144096
0.321535 -0.422063 0.100839
0.273935 -0.540635 0.062799
0.260302 -0.645364 0.034565
0.282281 -0.723620 0.019542
0.337219 -0.765963 0.019542
0.418492 -0.767286 0.034565
0.516296 -0.727429 0.062799
0.618834 -0.651201 0.100839
0.713739 -0.547795 0.144096
0.691120 -0.528281 0.138769
0.755621 -0.427809 0.175566
0.796111 -0.326946 0.207925
0.807708 -0.237858 0.231942
0.789012 -0.171290 0.244721
0.742278 -0.135271 0.244721
0.673144 -0.134145 0.231942
0.589947 -0.168049 0.207925
0.502723 -0.232893 0.175566
0.421991 -0.320855 0.138769
0.357490 -0.421327 0.101973
0.317000 -0.522190 0.069614
0.305403 -0.611278 0.045597
0.324099 -0.677846 0.032817
0.370833 -0.713865 0.032817
0.439967 -0.714991 0.045597
0.523164 -0.681087 0.069614
0.610388 -0.616243 0.101973
0.691120 -0.528281 0.138769
0.655120 -0.498884 0.134542
0.701983 -0.425887 0.161277
0.731401 -0.352606 0.184787
0.739827 -0.287879 0.202236
0.726243 -0.239515 0.211521
0.692289 -0.213346 0.211521
0.642060 -0.212528 0.202236
0.581614 -0.237160 0.184787
0.518242 -0.284272 0.161277
0.459587 -0.348181 0.134542
0.412724 -0.421178 0.107808
0.383306 -0.494459 0.084298
0.374881 -0.559185 0.066849
0.388464 -0.607550 0.057564
0.422418 -0.633719 0.057564
0.472647 -0.634537 0.066849
0.533093 -0.609904 0.084298
0.596466 -0.562793 0.107808
0.655120 -0.498884 0.134542
0.609265 -0.462482 0.131828
0.633902 -0.424105 0.145884
0.649368 -0.385579 0.158243
0.653798 -0.351551 0.167417
0.646657 -0.326124 0.172298
0.628806 -0.312366 0.172298
0.602399 -0.311936 0.167417
0.570621 -0.324886 0.158243
0.537304 -0.349654 0.145884
0.506467 -0.383253 0.131828
0.481830 -0.421630 0.117773
0.466364 -0.460156 0.105413
0.461934 -0.494184 0.096240
0.469076 -0.519611 0.091358
0.486926 -0.533369 0.091358
0.513333 -0.533799 0.096240
0.545112 -0.520849 0.105413
0.578429 -0.496081 0.117773
0.609265 -0.462482 0.131828
0.558043 -0.422638 0.130893
0.558043 -0.422638 0.130893
0.558043 -0.422638 0.130893
0.558043 -0.422638 0.130893
0.558043 -0.422638 0.130893
0.558043 -0.422638 0.130893
0.558043 -0.422638 0.130893
0.558043 -0.422638 0.130893
0.558043 -0.422638 0.130893
0.558043 -0.422638 0.130893
0.558043 -0.422638 0.130893
0.558043 -0.422638 0.130893
0.558043 -0.422638 0.130893
0.558043 -0.422638 0.130893
0.558043 -0.422638 0.130893
0.558043 -0.422638 0.130893
0.558043 -0.422638 0.130893
0.558043 -0.422638 0.130893
0.558043 -0.422638 0.130893
0.699552 -0.025728 0.169107
0.699552 -0.025728 0.169107
0.699552 -0.025728 0.169107
0.699552 -0.025728 0.169107
0.699552 -0.025728 0.169107
0.699552 -0.025728 0.169107
0.699552 -0.025728 0.169107
0.699552 -0.025728 0.169107
0.699552 -0.025728 0.169107
0.699552 -0.025728 0.169107
0.699552 -0.025728 0.169107
0.699552 -0.025728 0.169107
0.699552 -0.025728 0.169107
0.699552 -0.025728 0.169107
0.699552 -0.025728 0.169107
0.699552 -0.025728 0.169107
0.699552 -0.025728 0.169107
0.699552 -0.025728 0.169107
0.699552 -0.025728 0.169107
0.764428 -0.027277 0.168172
0.761802 0.018252 0.182227
0.751669 0.058511 0.194587
0.735252 0.088645 0.203760
0.714529 0.105018 0.208642
0.692000 0.105656 0.208642
0.670384 0.090482 0.203760
0.652287 0.061326 0.194587
0.639891 0.021706 0.182227
0.634693 -0.023602 0.168172
0.637318 -0.069131 0.154116
0.647451 -0.109390 0.141757
0.663869 -0.139523 0.132583
0.684592 -0.155896 0.127702
0.707120 -0.156534 0.127702
0.728736 -0.141361 0.132583
0.746834 -0.112205 0.141757
0.759229 -0.072584 0.154116
0.764428 -0.027277 0.168172
0.822969 -0.028095 0.165458
0.817975 0.058506 0.192192
0.798702 0.135083 0.215702
0.767473 0.192400 0.233151
0.728056 0.223544 0.242436
0.685204 0.224758 0.242436
0.644088 0.195895 0.233151
0.609664 0.140438 0.215702
0.586087 0.065075 0.192192
0.576199 -0.021105 0.165458
0.581192 -0.107706 0.138723
0.600466 -0.184283 0.115213
0.631695 -0.241600 0.097764
0.671112 -0.272744 0.088479
0.713963 -0.273958 0.088479
0.755080 -0.245096 0.097764
0.789504 -0.189638 0.115213
0.813081 -0.114275 0.138723
0.822969 -0.028095 0.165458
0.869446 -0.028103 0.161231
0.862573 0.091093 0.198027
0.836045 0.196492 0.230386
0.793062 0.275383 0.254403
0.738809 0.318248 0.267183
0.679829 0.319919 0.267183
0.623237 0.280193 0.254403
0.575857 0.203862 0.230386
0.543405 0.100133 0.198027
0.529796 -0.018482 0.161231
0.536669 -0.137679 0.124434
0.563197 -0.243078 0.092075
0.606180 -0.321968 0.068058
0.660433 -0.364834 0.055279
0.719413 -0.366505 0.055279
0.776005 -0.326779 0.068058
0.823385 -0.250448 0.092075
0.855837 -0.146719 0.124434
0.869446 -0.028103 0.161231
0.899309 -0.027301 0.155904
0.891229 0.112822 0.199161
0.860044 0.236727 0.237201
0.809514 0.329468 0.265435
0.745736 0.379860 0.280458
0.676401 0.381824 0.280458
0.609873 0.335123 0.265435
0.554175 0.245391 0.237201
0.516025 0.123451 0.199161
0.500026 -0.015991 0.155904
0.508106 -0.156114 0.112647
0.539292 -0.280019 0.074607
0.589821 -0.372760 0.046373
0.653599 -0.423152 0.031350
0.722934 -0.425116 0.031350
0.789463 -0.378415 0.046373
0.845161 -0.288683 0.074607
0.883310 -0.166743 0.112647
0.899309 -0.027301 0.155904
0.909635 -0.025766 0.150000
0.901139 0.121568 0.195483
0.868349 0.251849 0.235481
0.815219 0.349363 0.265168
0.748158 0.402348 0.280964
0.675255 0.404413 0.280964
0.605303 0.355309 0.265168
0.546739 0.260959 0.235481
0.506626 0.132743 0.195483
0.489804 -0.013874 0.150000
0.498300 -0.161209 0.104517
0.531090 -0.291490 0.064519
0.584220 -0.389004 0.034832
0.651280 -0.441988 0.019036
0.724183 -0.444053 0.019036
0.794136 -0.394950 0.034832
0.852700 -0.300600 0.064519
0.892812 -0.172384 0.104517
0.909635 -0.025766 0.150000
0.899413 -0.023650 0.144096
0.891332 0.116474 0.187353
0.860147 0.240378 0.225393
0.809618 0.333119 0.253627
0.745839 0.383511 0.268650
0.676505 0.385475 0.268650
0.609976 0.338775 0.253627
0.554278 0.249043 0.225393
0.516129 0.127102 0.187353
0.500129 -0.012340 0.144096
0.508210 -0.152463 0.100839
0.539395 -0.276368 0.062799
0.589924 -0.369109 0.034565
0.653703 -0.419500 0.019542
0.723038 -0.421464 0.019542
0.789566 -0.374764 0.034565
0.845264 -0.285032 0.062799
0.883413 -0.163091 0.100839
0.899413 -0.023650 0.144096
0.869643 -0.021158 0.138769
0.862770 0.098038 0.175566
0.836242 0.203438 0.207925
0.793259 0.282328 0.231942
0.739006 0.325193 0.244721
0.680026 0.326864 0.244721
0.623433 0.287138 0.231942
0.576054 0.210808 0.207925
0.543602 0.107079 0.175566
0.529992 -0.011537 0.138769
0.536866 -0.130733 0.101973
0.563394 -0.236133 0.069614
0.606377 -0.315023 0.045597
0.660630 -0.357889 0.032817
0.719609 -0.359559 0.032817
0.776202 -0.319834 0.045597
0.823582 -0.243503 0.069614
0.856033 -0.139774 0.101973
0.869643 -0.021158 0.138769
0.823240 -0.018536 0.134542
0.818246 0.068065 0.161277
0.798972 0.144643 0.184787
0.767744 0.201960 0.202236
0.728327 0.233103 0.211521
0.685475 0.234317 0.211521
0.644358 0.205455 0.202236
0.609935 0.149997 0.184787
0.586357 0.074634 0.161277
0.576469 -0.011546 0.134542
0.581463 -0.098147 0.107808
0.600737 -0.174724 0.084298
0.631966 -0.232041 0.066849
0.671383 -0.263185 0.057564
0.714234 -0.264399 0.057564
0.755351 -0.235536 0.066849
0.789774 -0.180079 0.084298
0.813352 -0.104715 0.107808
0.823240 -0.018536 0.134542
0.764746 -0.016039 0.131828
0.762121 0.029490 0.145884
0.751988 0.069749 0.158243
0.735570 0.099882 0.167417
0.714847 0.116256 0.172298
0.692319 0.116894 0.172298
0.670702 0.101720 0.167417
0.652605 0.072564 0.158243
0.640209 0.032943 0.145884
0.635011 -0.012364 0.131828
0.637636 -0.057893 0.117773
0.647769 -0.098152 0.105413
0.664187 -0.128285 0.096240
0.684910 -0.144659 0.091358
0.707438 -0.145297 0.091358
0.729055 -0.130123 0.096240
0.747152 -0.100967 0.105413
0.759548 -0.061346 0.117773
0.764746 -0.016039 0.131828
0.699887 -0.013912 0.130893
0.699887 -0.013912 0.130893
0.699887 -0.013912 0.130893
0.699887 -0.013912 0.130893
0.699887 -0.013912 0.130893
0.699887 -0.013912 0.130893
0.699887 -0.013912 0.130893
0.699887 -0.013912 0.130893
0.699887 -0.013912 0.130893
0.699887 -0.013912 0.130893
0.699887 -0.013912 0.130893
0.699887 -0.013912 0.130893
0.699887 -0.013912 0.130893
0.699887 -0.013912 0.130893
0.699887 -0.013912 0.130893
0.699887 -0.013912 0.130893
0.699887 -0.013912 0.130893
0.699887 -0.013912 0.130893
0.699887 -0.013912 0.130893
0.561605 0.569767 0.219107
0.561605 0.569767 0.219107
0.561605 0.569767 0.219107
0.561605 0.569767 0.219107
0.561605 0.569767 0.219107
0.561605 0.569767 0.219107
0.561605 0.569767 0.219107
0.561605 0.569767 0.219107
0.561605 0.569767 0.219107
0.561605 0.569767 0.219107
0.561605 0.569767 0.219107
0.561605 0.569767 0.219107
0.561605 0.569767 0.219107
0.561605 0.569767 0.219107
0.561605 0.569767 0.219107
0.561605 0.569767 0.219107
0.561605 0.569767 0.219107
0.561605 0.569767 0.219107
0.561605 0.569767 0.219107
0.610915 0.620954 0.218172
0.571714 0.653052 0.233788
0.531267 0.675129 0.247522
0.494456 0.684523 0.257715
0.465718 0.680099 0.263138
0.448521 0.662392 0.263138
0.444938 0.633537 0.257715
0.455402 0.597015 0.247522
0.478651 0.557231 0.233788
0.511880 0.518983 0.218172
0.551082 0.486885 0.202555
0.591528 0.464808 0.188822
0.628340 0.455415 0.178629
0.657078 0.459838 0.173205
0.674275 0.477545 0.173205
0.677858 0.506400 0.178629
0.667393 0.542922 0.188822
0.644145 0.582706 0.202555
0.610915 0.620954 0.218172
0.654984 0.667533 0.215458
0.580417 0.728588 0.245163
0.503484 0.770581 0.271285
0.433464 0.788448 0.290673
0.378802 0.780034 0.300989
0.346090 0.746353 0.300989
0.339276 0.691468 0.290673
0.359180 0.621999 0.271285
0.403401 0.546325 0.245163
0.466607 0.473574 0.215458
0.541174 0.412519 0.185753
0.618107 0.370526 0.159631
0.688127 0.352659 0.140242
0.742789 0.361073 0.129926
0.775501 0.394754 0.129926
0.782315 0.449639 0.140242
0.762411 0.519107 0.159631
0.718190 0.594782 0.185753
0.654984 0.667533 0.215458
0.689496 0.704946 0.211231
0.586865 0.788980 0.252116
0.480975 0.846779 0.288070
0.384601 0.871371 0.314756
0.309364 0.859789 0.328955
0.264341 0.813432 0.328955
0.254962 0.737890 0.314756
0.282357 0.642274 0.288070
0.343223 0.538117 0.252116
0.430219 0.437983 0.211231
0.532850 0.353949 0.170345
0.638740 0.296150 0.134392
0.735114 0.271558 0.107706
0.810351 0.283139 0.093506
0.855374 0.329497 0.093506
0.864753 0.405039 0.107706
0.837358 0.500655 0.134392
0.776492 0.604812 0.170345
0.689496 0.704946 0.211231
0.711075 0.729529 0.205904
0.590424 0.828317 0.253968
0.465944 0.896264 0.296234
0.352649 0.925173 0.327605
0.264203 0.911559 0.344298
0.211275 0.857062 0.344298
0.200249 0.768257 0.327605
0.232454 0.655854 0.296234
0.304007 0.533411 0.253968
0.406276 0.415696 0.205904
0.526927 0.316907 0.157841
0.651407 0.248961 0.115575
0.764702 0.220051 0.084203
0.853148 0.233666 0.067511
0.906076 0.288163 0.067511
0.917102 0.376968 0.084203
0.884897 0.489371 0.115575
0.813344 0.611814 0.157841
0.711075 0.729529 0.205904
0.717608 0.738877 0.200000
0.590748 0.842749 0.250537
0.459862 0.914192 0.294978
0.340736 0.944589 0.327964
0.247739 0.930274 0.345515
0.192087 0.872973 0.345515
0.180493 0.779598 0.327964
0.214356 0.661410 0.294978
0.289591 0.532666 0.250537
0.397123 0.408893 0.200000
0.523983 0.305021 0.149463
0.654869 0.233577 0.105022
0.773995 0.203180 0.072036
0.866992 0.217496 0.054485
0.922644 0.274797 0.054485
0.934237 0.368172 0.072036
0.900375 0.486360 0.105022
0.825140 0.615104 0.149463
0.717608 0.738877 0.200000
0.708455 0.732074 0.194096
0.587804 0.830862 0.242159
0.463324 0.898809 0.284425
0.350028 0.927718 0.315797
0.261583 0.914104 0.332489
0.208655 0.859607 0.332489
0.197629 0.770802 0.315797
0.229834 0.658399 0.284425
0.301386 0.535956 0.242159
0.403655 0.418241 0.194096
0.524306 0.319452 0.146032
0.648787 0.251506 0.103766
0.762082 0.222596 0.072395
0.850528 0.236211 0.055702
0.903455 0.290708 0.055702
0.914482 0.379513 0.072395
0.882276 0.491916 0.103766
0.810724 0.614359 0.146032
0.708455 0.732074 0.194096
0.684512 0.709787 0.188769
0.581880 0.793821 0.229655
0.475991 0.851620 0.265608
0.379616 0.876212 0.292294
0.304380 0.864630 0.306494
0.259357 0.818273 0.306494
0.249977 0.742730 0.292294
0.277373 0.647115 0.265608
0.338239 0.542958 0.229655
0.425234 0.442824 0.188769
0.527866 0.358790 0.147884
0.633755 0.300991 0.111930
0.730130 0.276399 0.085244
0.805366 0.287980 0.071045
0.850390 0.334338 0.071045
0.859769 0.409880 0.085244
0.832374 0.505496 0.111930
0.771508 0.609652 0.147884
0.684512 0.709787 0.188769
0.648123 0.674196 0.184542
0.573557 0.735251 0.214247
0.496624 0.777244 0.240369
0.426604 0.795111 0.259758
0.371941 0.786697 0.270074
0.339230 0.753016 0.270074
0.332415 0.698131 0.259758
0.352319 0.628662 0.240369
0.396541 0.552988 0.214247
0.459747 0.480236 0.184542
0.534313 0.419182 0.154837
0.611246 0.377189 0.128715
0.681267 0.359322 0.109327
0.735929 0.367736 0.099011
0.768640 0.401417 0.099011
0.775455 0.456301 0.109327
0.755551 0.525770 0.128715
0.711329 0.601444 0.154837
0.648123 0.674196 0.184542
0.602851 0.628786 0.181828
0.563649 0.660885 0.197445
0.523203 0.682962 0.211178
0.486391 0.692355 0.221371
0.457653 0.687932 0.226795
0.440456 0.670224 0.226795
0.436873 0.641370 0.221371
0.447337 0.604848 0.211178
0.470586 0.565064 0.197445
0.503815 0.526816 0.181828
0.543017 0.494718 0.166212
0.583463 0.472640 0.152478
0.620275 0.463247 0.142285
0.649013 0.467671 0.136862
0.666210 0.485378 0.136862
0.669793 0.514232 0.142285
0.659329 0.550754 0.152478
0.636080 0.590539 0.166212
0.602851 0.628786 0.181828
0.553126 0.578003 0.180893
0.553126 0.578003 0.180893
0.553126 0.578003 0.180893
0.553126 0.578003 0.180893
0.553126 0.578003 0.180893
0.553126 0.578003 0.180893
0.553126 0.578003 0.180893
0.553126 0.578003 0.180893
0.553126 0.578003 0.180893
0.553126 0.578003 0.180893
0.553126 0.578003 0.180893
0.553126 0.578003 0.180893
0.553126 0.578003 0.180893
0.553126 0.578003 0.180893
0.553126 0.578003 0.180893
0.553126 0.578003 0.180893
0.553126 0.578003 0.180893
0.553126 0.578003 0.180893
0.553126 0.578003 0.180893
0.119448 0.791055 0.219107
0.119448 0.791055 0.219107
0.119448 0.791055 0.219107
0.119448 0.791055 0.219107
0.119448 0.791055 0.219107
0.119448 0.791055 0.219107
0.119448 0.791055 0.219107
0.119448 0.791055 0.219107
0.119448 0.791055 0.219107
0.119448 0.791055 0.219107
0.119448 0.791055 0.219107
0.119448 0.791055 0.219107
0.119448 0.791055 0.219107
0.119448 0.791055 0.219107
0.119448 0.791055 0.219107
0.119448 0.791055 0.219107
0.119448 0.791055 0.219107
0.119448 0.791055 0.219107
0.119448 0.791055 0.219107
0.129253 0.861449 0.218172
0.078672 0.864375 0.233788
0.032973 0.858462 0.247522
-0.002329 0.844424 0.257715
-0.022979 0.823954 0.263138
-0.026483 0.799520 0.263138
-0.012422 0.774070 0.257715
0.017511 0.750674 0.247522
0.059704 0.732153 0.233788
0.109069 0.720742 0.218172
0.159651 0.717816 0.202555
0.205349 0.723729 0.188822
0.240652 0.737767 0.178629
0.261301 0.758237 0.173205
0.264806 0.782671 0.173205
0.250744 0.808121 0.178629
0.220811 0.831517 0.188822
0.178618 0.850038 0.202555
0.129253 0.861449 0.218172
0.137527 0.925036 0.215458
0.041314 0.930601 0.245163
-0.045609 0.919354 0.271285
-0.112759 0.892652 0.290673
-0.152036 0.853715 0.300989
-0.158702 0.807239 0.300989
-0.131955 0.758831 0.290673
-0.075020 0.714329 0.271285
0.005237 0.679100 0.245163
0.099134 0.657394 0.215458
0.195346 0.651829 0.185753
0.282269 0.663076 0.159631
0.349419 0.689778 0.140242
0.388696 0.728715 0.129926
0.395363 0.775190 0.129926
0.368615 0.823599 0.140242
0.311680 0.868101 0.159631
0.231424 0.903330 0.185753
0.137527 0.925036 0.215458
0.143458 0.975589 0.211231
0.011033 0.983249 0.252116
-0.108607 0.967769 0.288070
-0.201030 0.931016 0.314756
-0.255091 0.877424 0.328955
-0.264267 0.813456 0.328955
-0.227452 0.746828 0.314756
-0.149087 0.685576 0.288070
-0.038624 0.637088 0.252116
0.090614 0.607212 0.211231
0.223039 0.599552 0.170345
0.342679 0.615032 0.134392
0.435102 0.651785 0.107706
0.489162 0.705377 0.093506
0.498338 0.769345 0.093506
0.461524 0.835973 0.107706
0.383159 0.897225 0.134392
0.272696 0.945713 0.170345
0.143458 0.975589 0.211231
0.146466 1.008161 0.205904
-0.009209 1.017166 0.253968
-0.149854 0.998968 0.296234
-0.258504 0.955763 0.327605
-0.322056 0.892761 0.344298
-0.332843 0.817562 0.344298
-0.289565 0.739236 0.327605
-0.197442 0.667230 0.296234
-0.067584 0.610229 0.253968
0.084344 0.575108 0.205904
0.240019 0.566103 0.157841
0.380664 0.584301 0.115575
0.489314 0.627506 0.084203
0.552866 0.690508 0.067511
0.563653 0.765706 0.067511
0.520375 0.844033 0.084203
0.428252 0.916039 0.115575
0.298394 0.973040 0.157841
0.146466 1.008161 0.205904
0.146256 1.019563 0.200000
-0.017430 1.029031 0.250537
-0.165313 1.009897 0.294978
-0.279555 0.964468 0.327964
-0.346377 0.898225 0.345515
-0.357719 0.819156 0.345515
-0.312214 0.736799 0.327964
-0.215349 0.661087 0.294978
-0.078809 0.601153 0.250537
0.080938 0.564224 0.200000
0.244624 0.554756 0.149463
0.392507 0.573890 0.105022
0.506749 0.619319 0.072036
0.573571 0.685563 0.054485
0.584913 0.764631 0.054485
0.539408 0.846988 0.072036
0.442543 0.922700 0.105022
0.306003 0.982635 0.149463
0.146256 1.019563 0.200000
0.142850 1.008680 0.194096
-0.012825 1.017684 0.242159
-0.153470 0.999487 0.284425
-0.262120 0.956281 0.315797
-0.325672 0.893280 0.332489
-0.336459 0.818081 0.332489
-0.293181 0.739755 0.315797
-0.201058 0.667749 0.284425
-0.071200 0.610748 0.242159
0.080728 0.575627 0.194096
0.236403 0.566622 0.146032
0.377048 0.584820 0.103766
0.485698 0.628025 0.072395
0.549250 0.691026 0.055702
0.560037 0.766225 0.055702
0.516759 0.844551 0.072395
0.424636 0.916557 0.103766
0.294778 0.973559 0.146032
0.142850 1.008680 0.194096
0.136580 0.976576 0.188769
0.004155 0.984235 0.229655
-0.115485 0.968755 0.265608
-0.207908 0.932003 0.292294
-0.261968 0.878411 0.306494
-0.271145 0.814443 0.306494
-0.234330 0.747814 0.292294
-0.155965 0.686562 0.265608
-0.045502 0.638074 0.229655
0.083736 0.608199 0.188769
0.216161 0.600539 0.147884
0.335801 0.616019 0.111930
0.428224 0.652771 0.085244
0.482285 0.706363 0.071045
0.491461 0.770331 0.071045
0.454646 0.836960 0.085244
0.376281 0.898212 0.111930
0.265818 0.946700 0.147884
0.136580 0.976576 0.188769
0.128060 0.926393 0.184542
0.031848 0.931959 0.214247
-0.055075 0.920712 0.240369
-0.122225 0.894010 0.259758
-0.161502 0.855073 0.270074
-0.168169 0.808597 0.270074
-0.141421 0.760189 0.259758
-0.084486 0.715687 0.240369
-0.004230 0.680458 0.214247
0.089667 0.658752 0.184542
0.185880 0.653187 0.154837
0.272803 0.664434 0.128715
0.339953 0.691136 0.109327
0.379230 0.730073 0.099011
0.385896 0.776548 0.099011
0.359149 0.824957 0.109327
0.302214 0.869459 0.128715
0.221957 0.904688 0.154837
0.128060 0.926393 0.184542
0.118125 0.863046 0.181828
0.067543 0.865971 0.197445
0.021845 0.860059 0.211178
-0.013458 0.846020 0.221371
-0.034107 0.825550 0.226795
-0.037612 0.801116 0.226795
-0.023550 0.775667 0.221371
0.006383 0.752271 0.211178
0.048576 0.733750 0.197445
0.097941 0.722338 0.181828
0.148522 0.719412 0.166212
0.194221 0.725325 0.152478
0.229523 0.739363 0.142285
0.250172 0.759834 0.136862
0.253677 0.784267 0.136862
0.239616 0.809717 0.142285
0.209683 0.833113 0.152478
0.167490 0.851634 0.166212
0.118125 0.863046 0.181828
0.107746 0.792733 0.180893
0.107746 0.792733 0.180893
0.107746 0.792733 0.180893
0.107746 0.792733 0.180893
0.107746 0.792733 0.180893
0.107746 0.792733 0.180893
0.107746 0.792733 0.180893
0.107746 0.792733 0.180893
0.107746 0.792733 0.180893
0.107746 0.792733 0.180893
0.107746 0.792733 0.180893
0.107746 0.792733 0.180893
0.107746 0.792733 0.180893
0.107746 0.792733 0.180893
0.107746 0.792733 0.180893
0.107746 0.792733 0.180893
0.107746 0.792733 0.180893
0.107746 0.792733 0.180893
0.107746 0.792733 0.180893
-0.368335 0.710186 0.219107
-0.368335 0.710186 0.219107
-0.368335 0.710186 0.219107
-0.368335 0.710186 0.219107
-0.368335 0.710186 0.219107
-0.368335 0.710186 0.219107
-0.368335 0.710186 0.219107
-0.368335 0.710186 0.219107
-0.368335 0.710186 0.219107
-0.368335 0.710186 0.219107
-0.368335 0.710186 0.219107
-0.368335 0.710186 0.219107
-0.368335 0.710186 0.219107
-0.368335 0.710186 0.219107
-0.368335 0.710186 0.219107
-0.368335 0.710186 0.219107
-0.368335 0.710186 0.219107
-0.368335 0.710186 0.219107
-0.368335 0.710186 0.219107
-0.401779 0.772900 0.218172
-0.444420 0.745536 0.233788
-0.477916 0.713892 0.247522
-0.498225 0.681784 0.257715
-0.502898 0.653086 0.263138
-0.491372 0.631259 0.263138
-0.465036 0.618935 0.257715
-0.427068 0.617601 0.247522
-0.382047 0.627418 0.233788
-0.335403 0.647202 0.218172
-0.292761 0.674566 0.202555
-0.259266 0.706210 0.188822
-0.238957 0.738318 0.178629
-0.234284 0.767016 0.173205
-0.245810 0.788843 0.173205
-0.272145 0.801167 0.178629
-0.310113 0.802501 0.188822
-0.355135 0.792684 0.202555
-0.401779 0.772900 0.218172
-0.432461 0.829206 0.215458
-0.513569 0.777156 0.245163
-0.577281 0.716965 0.271285
-0.615911 0.655893 0.290673
-0.624800 0.601305 0.300989
-0.602876 0.559787 0.300989
-0.552784 0.536346 0.290673
-0.480564 0.533809 0.271285
-0.394928 0.552481 0.245163
-0.306206 0.590112 0.215458
-0.225097 0.642162 0.185753
-0.161386 0.702353 0.159631
-0.122755 0.763425 0.140242
-0.113866 0.818012 0.129926
-0.135790 0.859531 0.129926
-0.185883 0.882972 0.140242
-0.258102 0.885509 0.159631
-0.343738 0.866836 0.185753
-0.432461 0.829206 0.215458
-0.457377 0.873590 0.211231
-0.569014 0.801950 0.252116
-0.656705 0.719104 0.288070
-0.709875 0.635045 0.314756
-0.722110 0.559912 0.328955
-0.691934 0.502768 0.328955
-0.622987 0.470503 0.314756
-0.523586 0.467011 0.288070
-0.405718 0.492712 0.252116
-0.283602 0.544506 0.211231
-0.171966 0.616147 0.170345
-0.084274 0.698993 0.134392
-0.031104 0.783051 0.107706
-0.018869 0.858184 0.093506
-0.049045 0.915329 0.093506
-0.117992 0.947593 0.107706
-0.217394 0.951086 0.134392
-0.335261 0.925385 0.170345
-0.457377 0.873590 0.211231
-0.474089 0.901710 0.205904
-0.605325 0.817491 0.253968
-0.708413 0.720100 0.296234
-0.770918 0.621283 0.327605
-0.785301 0.532959 0.344298
-0.749827 0.465781 0.344298
-0.668775 0.427853 0.327605
-0.551922 0.423747 0.296234
-0.413360 0.453960 0.253968
-0.269804 0.514848 0.205904
-0.138568 0.599067 0.157841
-0.035480 0.696458 0.115575
0.027025 0.795275 0.084203
0.041408 0.883599 0.067511
0.005934 0.950776 0.067511
-0.075118 0.988705 0.084203
-0.191971 0.992811 0.115575
-0.330533 0.962598 0.157841
-0.474089 0.901710 0.205904
-0.480961 0.910811 0.200000
-0.618951 0.822259 0.250537
-0.727343 0.719856 0.294978
-0.793065 0.615953 0.327964
-0.808188 0.523084 0.345515
-0.770889 0.452449 0.345515
-0.685666 0.412568 0.327964
-0.562799 0.408252 0.294978
-0.417107 0.440020 0.250537
-0.266163 0.504041 0.200000
-0.128172 0.592594 0.149463
-0.019780 0.694997 0.105022
0.045942 0.798899 0.072036
0.061065 0.891768 0.054485
0.023765 0.962403 0.054485
-0.061457 1.002284 0.072036
-0.184324 1.006601 0.105022
-0.330016 0.974832 0.149463
-0.480961 0.910811 0.200000
-0.477319 0.900004 0.194096
-0.608556 0.815785 0.242159
-0.711643 0.718394 0.284425
-0.774148 0.619577 0.315797
-0.788531 0.531254 0.332489
-0.753057 0.464076 0.332489
-0.672005 0.426147 0.315797
-0.555152 0.422041 0.284425
-0.416591 0.452255 0.242159
-0.273034 0.513143 0.194096
-0.141798 0.597361 0.146032
-0.038710 0.694752 0.103766
0.023795 0.793569 0.072395
0.038178 0.881893 0.055702
0.002704 0.949071 0.055702
-0.078348 0.987000 0.072395
-0.195201 0.991105 0.103766
-0.333763 0.960892 0.146032
-0.477319 0.900004 0.194096
-0.463521 0.870346 0.188769
-0.575158 0.798705 0.229655
-0.662849 0.715860 0.265608
-0.716019 0.631801 0.292294
-0.728254 0.556668 0.306494
-0.698078 0.499523 0.306494
-0.629131 0.467259 0.292294
-0.529730 0.463767 0.265608
-0.411862 0.489468 0.229655
-0.289746 0.541262 0.188769
-0.178110 0.612903 0.147884
-0.090418 0.695748 0.111930
-0.037248 0.779807 0.085244
-0.025014 0.854940 0.071045
-0.055189 0.912085 0.071045
-0.124136 0.944349 0.085244
-0.223538 0.947841 0.111930
-0.341405 0.922140 0.147884
-0.463521 0.870346 0.188769
-0.440917 0.824740 0.184542
-0.522026 0.772690 0.214247
-0.585738 0.712499 0.240369
-0.624368 0.651427 0.259758
-0.633257 0.596840 0.270074
-0.611333 0.555322 0.270074
-0.561240 0.531880 0.259758
-0.489021 0.529343 0.240369
-0.403385 0.548016 0.214247
-0.314662 0.585647 0.184542
-0.233554 0.637697 0.154837
-0.169842 0.697888 0.128715
-0.131212 0.758960 0.109327
-0.122323 0.813547 0.099011
-0.144247 0.855065 0.099011
-0.194340 0.878506 0.109327
-0.266559 0.881044 0.128715
-0.352195 0.862371 0.154837
-0.440917 0.824740 0.184542
-0.411720 0.767651 0.181828
-0.454362 0.740287 0.197445
-0.487857 0.708642 0.211178
-0.508166 0.676535 0.221371
-0.512839 0.647837 0.226795
-0.501313 0.626009 0.226795
-0.474978 0.613685 0.221371
-0.437010 0.612351 0.211178
-0.391988 0.622168 0.197445
-0.345344 0.641952 0.181828
-0.302703 0.669316 0.166212
-0.269208 0.700960 0.152478
-0.248899 0.733068 0.142285
-0.244225 0.761766 0.136862
-0.255751 0.783594 0.136862
-0.282087 0.795917 0.142285
-0.320055 0.797251 0.152478
-0.365076 0.787434 0.166212
-0.411720 0.767651 0.181828
-0.378788 0.704666 0.180893
-0.378788 0.704666 0.180893
-0.378788 0.704666 0.180893
-0.378788 0.704666 0.180893
-0.378788 0.704666 0.180893
-0.378788 0.704666 0.180893
-0.378788 0.704666 0.180893
-0.378788 0.704666 0.180893
-0.378788 0.704666 0.180893
-0.378788 0.704666 0.180893
-0.378788 0.704666 0.180893
-0.378788 0.704666 0.180893
-0.378788 0.704666 0.180893
-0.378788 0.704666 0.180893
-0.378788 0.704666 0.180893
-0.378788 0.704666 0.180893
-0.378788 0.704666 0.180893
-0.378788 0.704666 0.180893
-0.378788 0.704666 0.180893
-0.715426 0.358051 0.219107
-0.715426 0.358051 0.219107
-0.715426 0.358051 0.219107
-0.715426 0.358051 0.219107
-0.715426 0.358051 0.219107
-0.715426 0.358051 0.219107
-0.715426 0.358051 0.219107
-0.715426 0.358051 0.219107
-0.715426 0.358051 0.219107
-0.715426 0.358051 0.219107
-0.715426 0.358051 0.219107
-0.715426 0.358051 0.219107
-0.715426 0.358051 0.219107
-0.715426 0.358051 0.219107
-0.715426 0.358051 0.219107
-0.715426 0.358051 0.219107
-0.715426 0.358051 0.219107
-0.715426 0.358051 0.219107
-0.715426 0.358051 0.219107
-0.779345 0.389130 0.218172
-0.797759 0.341928 0.233788
-0.806257 0.296639 0.247522
-0.803815 0.258726 0.257715
-0.790727 0.232762 0.263138
-0.768573 0.221878 0.263138
-0.740023 0.227387 0.257715
-0.708522 0.248625 0.247522
-0.677870 0.283030 0.233788
-0.651762 0.326452 0.218172
-0.633349 0.373654 0.202555
-0.624851 0.418943 0.188822
-0.627293 0.456856 0.178629
-0.640380 0.482820 0.173205
-0.662535 0.493704 0.173205
-0.691084 0.488195 0.178629
-0.722585 0.466957 0.188822
-0.753238 0.432552 0.202555
-0.779345 0.389130 0.218172
-0.837263 0.416647 0.215458
-0.872287 0.326864 0.245163
-0.888451 0.240719 0.271285
-0.883806 0.168605 0.290673
-0.858912 0.119218 0.300989
-0.816772 0.098516 0.300989
-0.762467 0.108995 0.290673
-0.702549 0.149392 0.271285
-0.644244 0.214834 0.245163
-0.594585 0.297428 0.215458
-0.559561 0.387211 0.185753
-0.543396 0.473356 0.159631
-0.548041 0.545470 0.140242
-0.572935 0.594857 0.129926
-0.615076 0.615559 0.129926
-0.669380 0.605080 0.140242
-0.729299 0.564683 0.159631
-0.787604 0.499241 0.185753
-0.837263 0.416647 0.215458
-0.883509 0.437910 0.211231
-0.931716 0.314333 0.252116
-0.953964 0.195766 0.288070
-0.947571 0.096509 0.314756
-0.913307 0.028533 0.328955
-0.855306 0.000039 0.328955
-0.780562 0.014463 0.314756
-0.698092 0.070064 0.288070
-0.617842 0.160137 0.252116
-0.549492 0.273818 0.211231
-0.501285 0.397395 0.170345
-0.479037 0.515962 0.134392
-0.485430 0.615219 0.107706
-0.519694 0.683194 0.093506
-0.577695 0.711689 0.093506
-0.652439 0.697265 0.107706
-0.734909 0.641664 0.134392
-0.815159 0.551591 0.170345
-0.883509 0.437910 0.211231
-0.913558 0.450836 0.205904
-0.970228 0.305563 0.253968
-0.996382 0.166178 0.296234
-0.988867 0.049495 0.327605
-0.948587 -0.030415 0.344298
-0.880402 -0.063912 0.344298
-0.792536 -0.046956 0.327605
-0.695586 0.018407 0.296234
-0.601247 0.124295 0.253968
-0.520896 0.257934 0.205904
-0.464226 0.403207 0.157841
-0.438072 0.542592 0.115575
-0.445587 0.659276 0.084203
-0.485867 0.739185 0.067511
-0.554052 0.772682 0.067511
-0.641918 0.755726 0.084203
-0.738868 0.690363 0.115575
-0.833207 0.584476 0.157841
-0.913558 0.450836 0.205904
-0.924467 0.454160 0.200000
-0.984053 0.301411 0.250537
-1.011554 0.154854 0.294978
-1.003651 0.032165 0.327964
-0.961299 -0.051857 0.345515
-0.889605 -0.087078 0.345515
-0.797217 -0.069250 0.327964
-0.695278 -0.000522 0.294978
-0.596084 0.110814 0.250537
-0.511598 0.251331 0.200000
-0.452011 0.404081 0.149463
-0.424511 0.550638 0.105022
-0.432413 0.673327 0.072036
-0.474766 0.757349 0.054485
-0.546460 0.792569 0.054485
-0.638848 0.774741 0.072036
-0.740787 0.706014 0.105022
-0.839981 0.594677 0.149463
-0.924467 0.454160 0.200000
-0.915168 0.447557 0.194096
-0.971838 0.302284 0.242159
-0.997993 0.162900 0.284425
-0.990477 0.046216 0.315797
-0.950198 -0.033694 0.332489
-0.882013 -0.067191 0.332489
-0.794147 -0.050235 0.315797
-0.697197 0.015129 0.284425
-0.602858 0.121016 0.242159
-0.522507 0.254656 0.194096
-0.465837 0.399929 0.146032
-0.439682 0.539313 0.103766
-0.447198 0.655997 0.072395
-0.487477 0.735907 0.055702
-0.555662 0.769404 0.055702
-0.643529 0.752448 0.072395
-0.740478 0.687084 0.103766
-0.834818 0.581197 0.146032
-0.915168 0.447557 0.194096
-0.886573 0.431674 0.188769
-0.934780 0.308097 0.229655
-0.957028 0.189530 0.265608
-0.950635 0.090272 0.292294
-0.916371 0.022297 0.306494
-0.858369 -0.006197 0.306494
-0.783626 0.008226 0.292294
-0.701155 0.063828 0.265608
-0.620906 0.153901 0.229655
-0.552555 0.267582 0.188769
-0.504349 0.391158 0.147884
-0.482100 0.509726 0.111930
-0.488494 0.608983 0.085244
-0.522757 0.676958 0.071045
-0.580759 0.705452 0.071045
-0.655502 0.691029 0.085244
-0.737973 0.635428 0.111930
-0.818223 0.545354 0.147884
-0.886573 0.431674 0.188769
-0.841480 0.408064 0.184542
-0.876504 0.318280 0.214247
-0.892668 0.232136 0.240369
-0.888023 0.160021 0.259758
-0.863129 0.110635 0.270074
-0.820989 0.089932 0.270074
-0.766684 0.100411 0.259758
-0.706766 0.140808 0.240369
-0.648461 0.206250 0.214247
-0.598802 0.288844 0.184542
-0.563778 0.378628 0.154837
-0.547613 0.464772 0.128715
-0.552258 0.536887 0.109327
-0.577152 0.586274 0.099011
-0.619293 0.606976 0.099011
-0.673597 0.596497 0.109327
-0.733515 0.556100 0.128715
-0.791820 0.490658 0.154837
-0.841480 0.408064 0.184542
-0.784303 0.379039 0.181828
-0.802716 0.331837 0.197445
-0.811214 0.286549 0.211178
-0.808772 0.248636 0.221371
-0.795684 0.222671 0.226795
-0.773530 0.211788 0.226795
-0.744980 0.217297 0.221371
-0.713479 0.238535 0.211178
-0.682827 0.272940 0.197445
-0.656719 0.316362 0.181828
-0.638306 0.363564 0.166212
-0.629808 0.408853 0.152478
-0.632250 0.446766 0.142285
-0.645337 0.472730 0.136862
-0.667492 0.483614 0.136862
-0.696041 0.478104 0.142285
-0.727542 0.456866 0.152478
-0.758195 0.422462 0.166212
-0.784303 0.379039 0.181828
-0.720638 0.347441 0.180893
-0.720638 0.347441 0.180893
-0.720638 0.347441 0.180893
-0.720638 0.347441 0.180893
-0.720638 0.347441 0.180893
-0.720638 0.347441 0.180893
-0.720638 0.347441 0.180893
-0.720638 0.347441 0.180893
-0.720638 0.347441 0.180893
-0.720638 0.347441 0.180893
-0.720638 0.347441 0.180893
-0.720638 0.347441 0.180893
-0.720638 0.347441 0.180893
-0.720638 0.347441 0.180893
-0.720638 0.347441 0.180893
-0.720638 0.347441 0.180893
-0.720638 0.347441 0.180893
-0.720638 0.347441 0.180893
-0.720638 0.347441 0.180893
-0.789249 -0.130848 0.219107
-0.789249 -0.130848 0.219107
-0.789249 -0.130848 0.219107
-0.789249 -0.130848 0.219107
-0.789249 -0.130848 0.219107
-0.789249 -0.130848 0.219107
-0.789249 -0.130848 0.219107
-0.789249 -0.130848 0.219107
-0.789249 -0.130848 0.219107
-0.789249 -0.130848 0.219107
-0.789249 -0.130848 0.219107
-0.789249 -0.130848 0.219107
-0.789249 -0.130848 0.219107
-0.789249 -0.130848 0.219107
-0.789249 -0.130848 0.219107
-0.789249 -0.130848 0.219107
-0.789249 -0.130848 0.219107
-0.789249 -0.130848 0.219107
-0.789249 -0.130848 0.219107
-0.859228 -0.143275 0.218172
-0.846380 -0.192286 0.233788
-0.826635 -0.233920 0.247522
-0.802375 -0.263157 0.257715
-0.776526 -0.276470 0.263138
-0.752205 -0.272253 0.263138
-0.732346 -0.251015 0.257715
-0.719345 -0.215317 0.247522
-0.714769 -0.169466 0.233788
-0.719170 -0.118991 0.218172
-0.732018 -0.069980 0.202555
-0.751763 -0.028346 0.188822
-0.776024 0.000891 0.178629
-0.801873 0.014204 0.173205
-0.826194 0.009987 0.173205
-0.846053 -0.011251 0.178629
-0.859054 -0.046949 0.188822
-0.863630 -0.092800 0.202555
-0.859228 -0.143275 0.218172
-0.922259 -0.155056 0.215458
-0.897821 -0.248279 0.245163
-0.860264 -0.327473 0.271285
-0.814118 -0.383084 0.290673
-0.764949 -0.408407 0.300989
-0.718688 -0.400386 0.300989
-0.680915 -0.359988 0.290673
-0.656185 -0.292088 0.271285
-0.647481 -0.204873 0.245163
-0.655853 -0.108864 0.215458
-0.680291 -0.015641 0.185753
-0.717848 0.063552 0.159631
-0.763994 0.119164 0.140242
-0.813163 0.144486 0.129926
-0.859424 0.136465 0.129926
-0.897197 0.096068 0.140242
-0.921927 0.028167 0.159631
-0.930631 -0.059047 0.185753
-0.922259 -0.155056 0.215458
-0.972171 -0.165037 0.211231
-0.938534 -0.293348 0.252116
-0.886842 -0.402348 0.288070
-0.823327 -0.478891 0.314756
-0.755653 -0.513745 0.328955
-0.691980 -0.502704 0.328955
-0.639989 -0.447102 0.314756
-0.605951 -0.353645 0.288070
-0.593971 -0.233605 0.252116
-0.605494 -0.101460 0.211231
-0.639131 0.026851 0.170345
-0.690824 0.135851 0.134392
-0.754338 0.212394 0.107706
-0.822013 0.247248 0.093506
-0.885685 0.236207 0.093506
-0.937676 0.180605 0.107706
-0.971714 0.087148 0.134392
-0.983694 -0.032892 0.170345
-0.972171 -0.165037 0.211231
-1.004078 -0.172242 0.205904
-0.964536 -0.323080 0.253968
-0.903768 -0.451218 0.296234
-0.829102 -0.541199 0.327605
-0.749546 -0.582172 0.344298
-0.674694 -0.569193 0.344298
-0.613575 -0.503829 0.327605
-0.573561 -0.393964 0.296234
-0.559477 -0.252848 0.253968
-0.573024 -0.097502 0.205904
-0.612566 0.053336 0.157841
-0.673335 0.181474 0.115575
-0.748000 0.271455 0.084203
-0.827557 0.312428 0.067511
-0.902408 0.299450 0.067511
-0.963527 0.234086 0.084203
-1.003542 0.124220 0.115575
-1.017625 -0.016896 0.157841
-1.004078 -0.172242 0.205904
-1.014858 -0.175965 0.200000
-0.973281 -0.334565 0.250537
-0.909385 -0.469297 0.294978
-0.830877 -0.563909 0.327964
-0.747226 -0.606990 0.345515
-0.668522 -0.593344 0.345515
-0.604258 -0.524616 0.327964
-0.562185 -0.409097 0.294978
-0.547377 -0.260718 0.250537
-0.561620 -0.097378 0.200000
-0.603198 0.061222 0.149463
-0.667093 0.195954 0.105022
-0.745601 0.290566 0.072036
-0.829252 0.333648 0.054485
-0.907956 0.320001 0.054485
-0.972220 0.251273 0.072036
-1.014294 0.135754 0.105022
-1.029101 -0.012624 0.149463
-1.014858 -0.175965 0.200000
-1.003454 -0.175841 0.194096
-0.963912 -0.326679 0.242159
-0.903143 -0.454817 0.284425
-0.828478 -0.544798 0.315797
-0.748922 -0.585771 0.332489
-0.674070 -0.572793 0.332489
-0.612951 -0.507429 0.315797
-0.572937 -0.397563 0.284425
-0.558853 -0.256447 0.242159
-0.572400 -0.101101 0.194096
-0.611942 0.049737 0.146032
-0.672711 0.177875 0.103766
-0.747376 0.267856 0.072395
-0.826933 0.308829 0.055702
-0.901784 0.295850 0.055702
-0.962903 0.230486 0.072395
-1.002918 0.120621 0.103766
-1.017001 -0.020495 0.146032
-1.003454 -0.175841 0.194096
-0.970984 -0.171883 0.188769
-0.937347 -0.300194 0.229655
-0.885655 -0.409194 0.265608
-0.822140 -0.485737 0.292294
-0.754466 -0.520591 0.306494
-0.690793 -0.509550 0.306494
-0.638802 -0.453948 0.292294
-0.604764 -0.360491 0.265608
-0.592784 -0.240451 0.229655
-0.604307 -0.108306 0.188769
-0.637944 0.020005 0.147884
-0.689637 0.129005 0.111930
-0.753151 0.205548 0.085244
-0.820826 0.240402 0.071045
-0.884498 0.229361 0.071045
-0.936489 0.173760 0.085244
-0.970527 0.080302 0.111930
-0.982507 -0.039738 0.147884
-0.970984 -0.171883 0.188769
-0.920625 -0.164479 0.184542
-0.896187 -0.257702 0.214247
-0.858630 -0.336895 0.240369
-0.812484 -0.392507 0.259758
-0.763315 -0.417829 0.270074
-0.717055 -0.409808 0.270074
-0.679281 -0.369411 0.259758
-0.654551 -0.301510 0.240369
-0.645847 -0.214296 0.214247
-0.654219 -0.118287 0.184542
-0.678658 -0.025064 0.154837
-0.716215 0.054130 0.128715
-0.762360 0.109741 0.109327
-0.811529 0.135064 0.099011
-0.857790 0.127043 0.099011
-0.895564 0.086645 0.109327
-0.920294 0.018745 0.128715
-0.928998 -0.068470 0.154837
-0.920625 -0.164479 0.184542
-0.857308 -0.154352 0.181828
-0.844460 -0.203363 0.197445
-0.824715 -0.244997 0.211178
-0.800455 -0.274234 0.221371
-0.774605 -0.287547 0.226795
-0.750284 -0.283330 0.226795
-0.730426 -0.262092 0.221371
-0.717424 -0.226394 0.211178
-0.712848 -0.180543 0.197445
-0.717250 -0.130068 0.181828
-0.730098 -0.081057 0.166212
-0.749843 -0.039423 0.152478
-0.774103 -0.010186 0.142285
-0.799952 0.003127 0.136862
-0.824273 -0.001090 0.136862
-0.844132 -0.022328 0.142285
-0.857133 -0.058026 0.152478
-0.861709 -0.103877 0.166212
-0.857308 -0.154352 0.181828
-0.787229 -0.142495 0.180893
-0.787229 -0.142495 0.180893
-0.787229 -0.142495 0.180893
-0.787229 -0.142495 0.180893
-0.787229 -0.142495 0.180893
-0.787229 -0.142495 0.180893
-0.787229 -0.142495 0.180893
-0.787229 -0.142495 0.180893
-0.787229 -0.142495 0.180893
-0.787229 -0.142495 0.180893
-0.787229 -0.142495 0.180893
-0.787229 -0.142495 0.180893
-0.787229 -0.142495 0.180893
-0.787229 -0.142495 0.180893
-0.787229 -0.142495 0.180893
-0.787229 -0.142495 0.180893
-0.787229 -0.142495 0.180893
-0.787229 -0.142495 0.180893
-0.787229 -0.142495 0.180893
-0.561605 -0.569767 0.219107
-0.561605 -0.569767 0.219107
-0.561605 -0.569767 0.219107
-0.561605 -0.569767 0.219107
-0.561605 -0.569767 0.219107
-0.561605 -0.569767 0.219107
-0.561605 -0.569767 0.219107
-0.561605 -0.569767 0.219107
-0.561605 -0.569767 0.219107
-0.561605 -0.569767 0.219107
-0.561605 -0.569767 0.219107
-0.561605 -0.569767 0.219107
-0.561605 -0.569767 0.219107
-0.561605 -0.569767 0.219107
-0.561605 -0.569767 0.219107
-0.561605 -0.569767 0.219107
-0.561605 -0.569767 0.219107
-0.561605 -0.569767 0.219107
-0.561605 -0.569767 0.219107
-0.610915 -0.620954 0.218172
-0.571714 -0.653052 0.233788
-0.531267 -0.675129 0.247522
-0.494456 -0.684523 0.257715
-0.465718 -0.680099 0.263138
-0.448521 -0.662392 0.263138
-0.444938 -0.633537 0.257715
-0.455402 -0.597015 0.247522
-0.478651 -0.557231 0.233788
-0.511880 -0.518983 0.218172
-0.551082 -0.486885 0.202555
-0.591528 -0.464808 0.188822
-0.628340 -0.455415 0.178629
-0.657078 -0.459838 0.173205
-0.674275 -0.477545 0.173205
-0.677858 -0.506400 0.178629
-0.667393 -0.542922 0.188822
-0.644145 -0.582706 0.202555
-0.610915 -0.620954 0.218172
-0.654984 -0.667533 0.215458
-0.580417 -0.728588 0.245163
-0.503484 -0.770581 0.271285
-0.433464 -0.788448 0.290673
-0.378802 -0.780034 0.300989
-0.346090 -0.746353 0.300989
-0.339276 -0.691468 0.290673
-0.359180 -0.621999 0.271285
-0.403401 -0.546325 0.245163
-0.466607 -0.473574 0.215458
-0.541174 -0.412519 0.185753
-0.618107 -0.370526 0.159631
-0.688127 -0.352659 0.140242
-0.742789 -0.361073 0.129926
-0.775501 -0.394754 0.129926
-0.782315 -0.449639 0.140242
-0.762411 -0.519107 0.159631
-0.718190 -0.594782 0.185753
-0.654984 -0.667533 0.215458
-0.689496 -0.704946 0.211231
-0.586865 -0.788980 0.252116
-0.480975 -0.846779 0.288070
-0.384601 -0.871371 0.314756
-0.309364 -0.859789 0.328955
-0.264341 -0.813432 0.328955
-0.254962 -0.737890 0.314756
-0.282357 -0.642274 0.288070
-0.343223 -0.538117 0.252116
-0.430219 -0.437983 0.211231
-0.532850 -0.353949 0.170345
-0.638740 -0.296150 0.134392
-0.735114 -0.271558 0.107706
-0.810351 -0.283139 0.093506
-0.855374 -0.329497 0.093506
-0.864753 -0.405039 0.107706
-0.837358 -0.500655 0.134392
-0.776492 -0.604812 0.170345
-0.689496 -0.704946 0.211231
-0.711075 -0.729529 0.205904
-0.590424 -0.828317 0.253968
-0.465944 -0.896264 0.296234
-0.352649 -0.925173 0.327605
-0.264203 -0.911559 0.344298
-0.211275 -0.857062 0.344298
-0.200249 -0.768257 0.327605
-0.232454 -0.655854 0.296234
-0.304007 -0.533411 0.253968
-0.406276 -0.415696 0.205904
-0.526927 -0.316907 0.157841
-0.651407 -0.248961 0.115575
-0.764702 -0.220051 0.084203
-0.853148 -0.233666 0.067511
-0.906076 -0.288163 0.067511
-0.917102 -0.376968 0.084203
-0.884897 -0.489371 0.115575
-0.813344 -0.611814 0.157841
-0.711075 -0.729529 0.205904
-0.717608 -0.738877 0.200000
-0.590748 -0.842749 0.250537
-0.459862 -0.914192 0.294978
-0.340736 -0.944589 0.327964
-0.247739 -0.930274 0.345515
-0.192087 -0.872973 0.345515
-0.180493 -0.779598 0.327964
-0.214356 -0.661410 0.294978
-0.289591 -0.532666 0.250537
-0.397123 -0.408893 0.200000
-0.523983 -0.305021 0.149463
-0.654869 -0.233577 0.105022
-0.773995 -0.203180 0.072036
-0.866992 -0.217496 0.054485
-0.922644 -0.274797 0.054485
-0.934237 -0.368172 0.072036
-0.900375 -0.486360 0.105022
-0.825140 -0.615104 0.149463
-0.717608 -0.738877 0.200000
-0.708455 -0.732074 0.194096
-0.587804 -0.830862 0.242159
-0.463324 -0.898809 0.284425
-0.350028 -0.927718 0.315797
-0.261583 -0.914104 0.332489
-0.208655 -0.859607 0.332489
-0.197629 -0.770802 0.315797
-0.229834 -0.658399 0.284425
-0.301386 -0.535956 0.242159
-0.403655 -0.418241 0.194096
-0.524306 -0.319452 0.146032
-0.648787 -0.251506 0.103766
-0.762082 -0.222596 0.072395
-0.850528 -0.236211 0.055702
-0.903455 -0.290708 0.055702
-0.914482 -0.379513 0.072395
-0.882276 -0.491916 0.103766
-0.810724 -0.614359 0.146032
-0.708455 -0.732074 0.194096
-0.684512 -0.709787 0.188769
-0.581880 -0.793821 0.229655
-0.475991 -0.851620 0.265608
-0.379616 -0.876212 0.292294
-0.304380 -0.864630 0.306494
-0.259357 -0.818273 0.306494
-0.249977 -0.742730 0.292294
-0.277373 -0.647115 0.265608
-0.338239 -0.542958 0.229655
-0.425234 -0.442824 0.188769
-0.527866 -0.358790 0.147884
-0.633755 -0.300991 0.111930
-0.730130 -0.276399 0.085244
-0.805366 -0.287980 0.071045
-0.850390 -0.334338 0.071045
-0.859769 -0.409880 0.085244
-0.832374 -0.505496 0.111930
-0.771508 -0.609652 0.147884
-0.684512 -0.709787 0.188769
-0.648123 -0.674196 0.184542
-0.573557 -0.735251 0.214247
-0.496624 -0.777244 0.240369
-0.426604 -0.795111 0.259758
-0.371941 -0.786697 0.270074
-0.339230 -0.753016 0.270074
-0.332415 -0.698131 0.259758
-0.352319 -0.628662 0.240369
-0.396541 -0.552988 0.214247
-0.459747 -0.480236 0.184542
-0.534313 -0.419182 0.154837
-0.611246 -0.377189 0.128715
-0.681267 -0.359322 0.109327
-0.735929 -0.367736 0.099011
-0.768640 -0.401417 0.099011
-0.775455 -0.456301 0.109327
-0.755551 -0.525770 0.128715
-0.711329 -0.601444 0.154837
-0.648123 -0.674196 0.184542
-0.602851 -0.628786 0.181828
-0.563649 -0.660885 0.197445
-0.523203 -0.682962 0.211178
-0.486391 -0.692355 0.221371
-0.457653 -0.687932 0.226795
-0.440456 -0.670224 0.226795
-0.436873 -0.641370 0.221371
-0.447337 -0.604848 0.211178
-0.470586 -0.565064 0.197445
-0.503815 -0.526816 0.181828
-0.543017 -0.494718 0.166212
-0.583463 -0.472640 0.152478
-0.620275 -0.463247 0.142285
-0.649013 -0.467671 0.136862
-0.666210 -0.485378 0.136862
-0.669793 -0.514232 0.142285
-0.659329 -0.550754 0.152478
-0.636080 -0.590539 0.166212
-0.602851 -0.628786 0.181828
-0.553126 -0.578003 0.180893
-0.553126 -0.578003 0.180893
-0.553126 -0.578003 0.180893
-0.553126 -0.578003 0.180893
-0.553126 -0.578003 0.180893
-0.553126 -0.578003 0.180893
-0.553126 -0.578003 0.180893
-0.553126 -0.578003 0.180893
-0.553126 -0.578003 0.180893
-0.553126 -0.578003 0.180893
-0.553126 -0.578003 0.180893
-0.553126 -0.578003 0.180893
-0.553126 -0.578003 0.180893
-0.553126 -0.578003 0.180893
-0.553126 -0.578003 0.180893
-0.553126 -0.578003 0.180893
-0.553126 -0.578003 0.180893
-0.553126 -0.578003 0.180893
-0.553126 -0.578003 0.180893
-0.119448 -0.791055 0.219107
-0.119448 -0.791055 0.219107
-0.119448 -0.791055 0.219107
-0.119448 -0.791055 0.219107
-0.119448 -0.791055 0.219107
-0.119448 -0.791055 0.219107
-0.119448 -0.791055 0.219107
-0.119448 -0.791055 0.219107
-0.119448 -0.791055 0.219107
-0.119448 -0.791055 0.219107
-0.119448 -0.791055 0.219107
-0.119448 -0.791055 0.219107
-0.119448 -0.791055 0.219107
-0.119448 -0.791055 0.219107
-0.119448 -0.791055 0.219107
-0.119448 -0.791055 0.219107
-0.119448 -0.791055 0.219107
-0.119448 -0.791055 0.219107
-0.119448 -0.791055 0.219107
-0.129253 -0.861449 0.218172
-0.078672 -0.864375 0.233788
-0.032973 -0.858462 0.247522
0.002329 -0.844424 0.257715
0.022979 -0.823954 0.263138
0.026483 -0.799520 0.263138
0.012422 -0.774070 0.257715
-0.017511 -0.750674 0.247522
-0.059704 -0.732153 0.233788
-0.109069 -0.720742 0.218172
-0.159651 -0.717816 0.202555
-0.205349 -0.723729 0.188822
-0.240652 -0.737767 0.178629
-0.261301 -0.758237 0.173205
-0.264806 -0.782671 0.173205
-0.250744 -0.808121 0.178629
-0.220811 -0.831517 0.188822
-0.178618 -0.850038 0.202555
-0.129253 -0.861449 0.218172
-0.137527 -0.925036 0.215458
-0.041314 -0.930601 0.245163
0.045609 -0.919354 0.271285
0.112759 -0.892652 0.290673
0.152036 -0.853715 0.300989
0.158702 -0.807239 0.300989
0.131955 -0.758831 0.290673
0.075020 -0.714329 0.271285
-0.005237 -0.679100 0.245163
-0.099134 -0.657394 0.215458
-0.195346 -0.651829 0.185753
-0.282269 -0.663076 0.159631
-0.349419 -0.689778 0.140242
-0.388696 -0.728715 0.129926
-0.395363 -0.775190 0.129926
-0.368615 -0.823599 0.140242
-0.311680 -0.868101 0.159631
-0.231424 -0.903330 0.185753
-0.137527 -0.925036 0.215458
-0.143458 -0.975589 0.211231
-0.011033 -0.983249 0.252116
0.108607 -0.967769 0.288070
0.201030 -0.931016 0.314756
0.255091 -0.877424 0.328955
0.264267 -0.813456 0.328955
0.227452 -0.746828 0.314756
0.149087 -0.685576 0.288070
0.038624 -0.637088 0.252116
-0.090614 -0.607212 0.211231
-0.223039 -0.599552 0.170345
-0.342679 -0.615032 0.134392
-0.435102 -0.651785 0.107706
-0.489162 -0.705377 0.093506
-0.498338 -0.769345 0.093506
-0.461524 -0.835973 0.107706
-0.383159 -0.897225 0.134392
-0.272696 -0.945713 0.170345
-0.143458 -0.975589 0.211231
-0.146466 -1.008161 0.205904
0.009209 -1.017166 0.253968
0.149854 -0.998968 0.296234
0.258504 -0.955763 0.327605
0.322056 -0.892761 0.344298
0.332843 -0.817562 0.344298
0.289565 -0.739236 0.327605
0.197442 -0.667230 0.296234
0.067584 -0.610229 0.253968
-0.084344 -0.575108 0.205904
-0.240019 -0.566103 0.157841
-0.380664 -0.584301 0.115575
-0.489314 -0.627506 0.084203
-0.552866 -0.690508 0.067511
-0.563653 -0.765706 0.067511
-0.520375 -0.844033 0.084203
-0.428252 -0.916039 0.115575
-0.298394 -0.973040 0.157841
-0.146466 -1.008161 0.205904
-0.146256 -1.019563 0.200000
0.017430 -1.029031 0.250537
0.165313 -1.009897 0.294978
0.279555 -0.964468 0.327964
0.346377 -0.898225 0.345515
0.357719 -0.819156 0.345515
0.312214 -0.736799 0.327964
0.215349 -0.661087 0.294978
0.078809 -0.601153 0.250537
-0.080938 -0.564224 0.200000
-0.244624 -0.554756 0.149463
-0.392507 -0.573890 0.105022
-0.506749 -0.619319 0.072036
-0.573571 -0.685563 0.054485
-0.584913 -0.764631 0.054485
-0.539408 -0.846988 0.072036
-0.442543 -0.922700 0.105022
-0.306003 -0.982635 0.149463
-0.146256 -1.019563 0.200000
-0.142850 -1.008680 0.194096
0.012825 -1.017684 0.242159
0.153470 -0.999487 0.284425
0.262120 -0.956281 0.315797
0.325672 -0.893280 0.332489
0.336459 -0.818081 0.332489
0.293181 -0.739755 0.315797
0.201058 -0.667749 0.284425
0.071200 -0.610748 0.242159
-0.080728 -0.575627 0.194096
-0.236403 -0.566622 0.146032
-0.377048 -0.584820 0.103766
-0.485698 -0.628025 0.072395
-0.549250 -0.691026 0.055702
-0.560037 -0.766225 0.055702
-0.516759 -0.844551 0.072395
-0.424636 -0.916557 0.103766
-0.294778 -0.973559 0.146032
-0.142850 -1.008680 0.194096
-0.136580 -0.976576 0.188769
-0.004155 -0.984235 0.229655
0.115485 -0.968755 0.265608
0.207908 -0.932003 0.292294
0.261968 -0.878411 0.306494
0.271145 -0.814443 0.306494
0.234330 -0.747814 0.292294
0.155965 -0.686562 0.265608
0.045502 -0.638074 0.229655
-0.083736 -0.608199 0.188769
-0.216161 -0.600539 0.147884
-0.335801 -0.616019 0.111930
-0.428224 -0.652771 0.085244
-0.482285 -0.706363 0.071045
-0.491461 -0.770331 0.071045
-0.454646 -0.836960 0.085244
-0.376281 -0.898212 0.111930
-0.265818 -0.946700 0.147884
-0.136580 -0.976576 0.188769
-0.128060 -0.926393 0.184542
-0.031848 -0.931959 0.214247
0.055075 -0.920712 0.240369
0.122225 -0.894010 0.259758
0.161502 -0.855073 0.270074
0.168169 -0.808597 0.270074
0.141421 -0.760189 0.259758
0.084486 -0.715687 0.240369
0.004230 -0.680458 0.214247
-0.089667 -0.658752 0.184542
-0.185880 -0.653187 0.154837
-0.272803 -0.664434 0.128715
-0.339953 -0.691136 0.109327
-0.379230 -0.730073 0.099011
-0.385896 -0.776548 0.099011
-0.359149 -0.824957 0.109327
-0.302214 -0.869459 0.128715
-0.221957 -0.904688 0.154837
-0.128060 -0.926393 0.184542
-0.118125 -0.863046 0.181828
-0.067543 -0.865971 0.197445
-0.021845 -0.860059 0.211178
0.013458 -0.846020 0.221371
0.034107 -0.825550 0.226795
0.037612 -0.801116 0.226795
0.023550 -0.775667 0.221371
-0.006383 -0.752271 0.211178
-0.048576 -0.733750 0.197445
-0.097941 -0.722338 0.181828
-0.148522 -0.719412 0.166212
-0.194221 -0.725325 0.152478
-0.229523 -0.739363 0.142285
-0.250172 -0.759834 0.136862
-0.253677 -0.784267 0.136862
-0.239616 -0.809717 0.142285
-0.209683 -0.833113 0.152478
-0.167490 -0.851634 0.166212
-0.118125 -0.863046 0.181828
-0.107746 -0.792733 0.180893
-0.107746 -0.792733 0.180893
-0.107746 -0.792733 0.180893
-0.107746 -0.792733 0.180893
-0.107746 -0.792733 0.180893
-0.107746 -0.792733 0.180893
-0.107746 -0.792733 0.180893
-0.107746 -0.792733 0.180893
-0.107746 -0.792733 0.180893
-0.107746 -0.792733 0.180893
-0.107746 -0.792733 0.180893
-0.107746 -0.792733 0.180893
-0.107746 -0.792733 0.180893
-0.107746 -0.792733 0.180893
-0.107746 -0.792733 0.180893
-0.107746 -0.792733 0.180893
-0.107746 -0.792733 0.180893
-0.107746 -0.792733 0.180893
-0.107746 -0.792733 0.180893
0.368335 -0.710186 0.219107
0.368335 -0.710186 0.219107
0.368335 -0.710186 0.219107
0.368335 -0.710186 0.219107
0.368335 -0.710186 0.219107
0.368335 -0.710186 0.219107
0.368335 -0.710186 0.219107
0.368335 -0.710186 0.219107
0.368335 -0.710186 0.219107
0.368335 -0.710186 0.219107
0.368335 -0.710186 0.219107
0.368335 -0.710186 0.219107
0.368335 -0.710186 0.219107
0.368335 -0.710186 0.219107
0.368335 -0.710186 0.219107
0.368335 -0.710186 0.219107
0.368335 -0.710186 0.219107
0.368335 -0.710186 0.219107
0.368335 -0.710186 0.219107
0.401779 -0.772900 0.218172
0.444420 -0.745536 0.233788
0.477916 -0.713892 0.247522
0.498225 -0.681784 0.257715
0.502898 -0.653086 0.263138
0.491372 -0.631259 0.263138
0.465036 -0.618935 0.257715
0.427068 -0.617601 0.247522
0.382047 -0.627418 0.233788
0.335403 -0.647202 0.218172
0.292761 -0.674566 0.202555
0.259266 -0.706210 0.188822
0.238957 -0.738318 0.178629
0.234284 -0.767016 0.173205
0.245810 -0.788843 0.173205
0.272145 -0.801167 0.178629
0.310113 -0.802501 0.188822
0.355135 -0.792684 0.202555
0.401779 -0.772900 0.218172
0.432461 -0.829206 0.215458
0.513569 -0.777156 0.245163
0.577281 -0.716965 0.271285
0.615911 -0.655893 0.290673
0.624800 -0.601305 0.300989
0.602876 -0.559787 0.300989
0.552784 -0.536346 0.290673
0.480564 -0.533809 0.271285
0.394928 -0.552481 0.245163
0.306206 -0.590112 0.215458
0.225097 -0.642162 0.185753
0.161386 -0.702353 0.159631
0.122755 -0.763425 0.140242
0.113866 -0.818012 0.129926
0.135790 -0.859531 0.129926
0.185883 -0.882972 0.140242
0.258102 -0.885509 0.159631
0.343738 -0.866836 0.185753
0.432461 -0.829206 0.215458
0.457377 -0.873590 0.211231
0.569014 -0.801950 0.252116
0.656705 -0.719104 0.288070
0.709875 -0.635045 0.314756
0.722110 -0.559912 0.328955
0.691934 -0.502768 0.328955
0.622987 -0.470503 0.314756
0.523586 -0.467011 0.288070
0.405718 -0.492712 0.252116
0.283602 -0.544506 0.211231
0.171966 -0.616147 0.170345
0.084274 -0.698993 0.134392
0.031104 -0.783051 0.107706
0.018869 -0.858184 0.093506
0.049045 -0.915329 0.093506
0.117992 -0.947593 0.107706
0.217394 -0.951086 0.134392
0.335261 -0.925385 0.170345
0.457377 -0.873590 0.211231
0.474089 -0.901710 0.205904
0.605325 -0.817491 0.253968
0.708413 -0.720100 0.296234
0.770918 -0.621283 0.327605
0.785301 -0.532959 0.344298
0.749827 -0.465781 0.344298
0.668775 -0.427853 0.327605
0.551922 -0.423747 0.296234
0.413360 -0.453960 0.253968
0.269804 -0.514848 0.205904
0.138568 -0.599067 0.157841
0.035480 -0.696458 0.115575
-0.027025 -0.795275 0.084203
-0.041408 -0.883599 0.067511
-0.005934 -0.950776 0.067511
0.075118 -0.988705 0.084203
0.191971 -0.992811 0.115575
0.330533 -0.962598 0.157841
0.474089 -0.901710 0.205904
0.480961 -0.910811 0.200000
0.618951 -0.822259 0.250537
0.727343 -0.719856 0.294978
0.793065 -0.615953 0.327964
0.808188 -0.523084 0.345515
0.770889 -0.452449 0.345515
0.685666 -0.412568 0.327964
0.562799 -0.408252 0.294978
0.417107 -0.440020 0.250537
0.266163 -0.504041 0.200000
0.128172 -0.592594 0.149463
0.019780 -0.694997 0.105022
-0.045942 -0.798899 0.072036
-0.061065 -0.891768 0.054485
-0.023765 -0.962403 0.054485
0.061457 -1.002284 0.072036
0.184324 -1.006601 0.105022
0.330016 -0.974832 0.149463
0.480961 -0.910811 0.200000
0.477319 -0.900004 0.194096
0.608556 -0.815785 0.242159
0.711643 -0.718394 0.284425
0.774148 -0.619577 0.315797
0.788531 -0.531254 0.332489
0.753057 -0.464076 0.332489
0.672005 -0.426147 0.315797
0.555152 -0.422041 0.284425
0.416591 -0.452255 0.242159
0.273034 -0.513143 0.194096
0.141798 -0.597361 0.146032
0.038710 -0.694752 0.103766
-0.023795 -0.793569 0.072395
-0.038178 -0.881893 0.055702
-0.002704 -0.949071 0.055702
0.078348 -0.987000 0.072395
0.195201 -0.991105 0.103766
0.333763 -0.960892 0.146032
0.477319 -0.900004 0.194096
0.463521 -0.870346 0.188769
0.575158 -0.798705 0.229655
0.662849 -0.715860 0.265608
0.716019 -0.631801 0.292294
0.728254 -0.556668 0.306494
0.698078 -0.499523 0.306494
0.629131 -0.467259 0.292294
0.529730 -0.463767 0.265608
0.411862 -0.489468 0.229655
0.289746 -0.541262 0.188769
0.178110 -0.612903 0.147884
0.090418 -0.695748 0.111930
0.037248 -0.779807 0.085244
0.025014 -0.854940 0.071045
0.055189 -0.912085 0.071045
0.124136 -0.944349 0.085244
0.223538 -0.947841 0.111930
0.341405 -0.922140 0.147884
0.463521 -0.870346 0.188769
0.440917 -0.824740 0.184542
0.522026 -0.772690 0.214247
0.585738 -0.712499 0.240369
0.624368 -0.651427 0.259758
0.633257 -0.596840 0.270074
0.611333 -0.555322 0.270074
0.561240 -0.531880 0.259758
0.489021 -0.529343 0.240369
0.403385 -0.548016 0.214247
0.314662 -0.585647 0.184542
0.233554 -0.637697 0.154837
0.169842 -0.697888 0.128715
0.131212 -0.758960 0.109327
0.122323 -0.813547 0.099011
0.144247 -0.855065 0.099011
0.194340 -0.878506 0.109327
0.266559 -0.881044 0.128715
0.352195 -0.862371 0.154837
0.440917 -0.824740 0.184542
0.411720 -0.767651 0.181828
0.454362 -0.740287 0.197445
0.487857 -0.708642 0.211178
0.508166 -0.676535 0.221371
0.512839 -0.647837 0.226795
0.501313 -0.626009 0.226795
0.474978 -0.613685 0.221371
0.437010 -0.612351 0.211178
0.391988 -0.622168 0.197445
0.345344 -0.641952 0.181828
0.302703 -0.669316 0.166212
0.269208 -0.700960 0.152478
0.248899 -0.733068 0.142285
0.244225 -0.761766 0.136862
0.255751 -0.783594 0.136862
0.282087 -0.795917 0.142285
0.320055 -0.797251 0.152478
0.365076 -0.787434 0.166212
0.411720 -0.767651 0.181828
0.378788 -0.704666 0.180893
0.378788 -0.704666 0.180893
0.378788 -0.704666 0.180893
0.378788 -0.704666 0.180893
0.378788 -0.704666 0.180893
0.378788 -0.704666 0.180893
0.378788 -0.704666 0.180893
0.378788 -0.704666 0.180893
0.378788 -0.704666 0.180893
0.378788 -0.704666 0.180893
0.378788 -0.704666 0.180893
0.378788 -0.704666 0.180893
0.378788 -0.704666 0.180893
0.378788 -0.704666 0.180893
0.378788 -0.704666 0.180893
0.378788 -0.704666 0.180893
0.378788 -0.704666 0.180893
0.378788 -0.704666 0.180893
0.378788 -0.704666 0.180893
0.715426 -0.358051 0.219107
0.715426 -0.358051 0.219107
0.715426 -0.358051 0.219107
0.715426 -0.358051 0.219107
0.715426 -0.358051 0.219107
0.715426 -0.358051 0.219107
0.715426 -0.358051 0.219107
0.715426 -0.358051 0.219107
0.715426 -0.358051 0.219107
0.715426 -0.358051 0.219107
0.715426 -0.358051 0.219107
0.715426 -0.358051 0.219107
0.715426 -0.358051 0.219107
0.715426 -0.358051 0.219107
0.715426 -0.358051 0.219107
0.715426 -0.358051 0.219107
0.715426 -0.358051 0.219107
0.715426 -0.358051 0.219107
0.715426 -0.358051 0.219107
0.779345 -0.389130 0.218172
0.797759 -0.341928 0.233788
0.806257 -0.296639 0.247522
0.803815 -0.258726 0.257715
0.790727 -0.232762 0.263138
0.768573 -0.221878 0.263138
0.740023 -0.227387 0.257715
0.708522 -0.248625 0.247522
0.677870 -0.283030 0.233788
0.651762 -0.326452 0.218172
0.633349 -0.373654 0.202555
0.624851 -0.418943 0.188822
0.627293 -0.456856 0.178629
0.640380 -0.482820 0.173205
0.662535 -0.493704 0.173205
0.691084 -0.488195 0.178629
0.722585 -0.466957 0.188822
0.753238 -0.432552 0.202555
0.779345 -0.389130 0.218172
0.837263 -0.416647 0.215458
0.872287 -0.326864 0.245163
0.888451 -0.240719 0.271285
0.883806 -0.168605 0.290673
0.858912 -0.119218 0.300989
0.816772 -0.098516 0.300989
0.762467 -0.108995 0.290673
0.702549 -0.149392 0.271285
0.644244 -0.214834 0.245163
0.594585 -0.297428 0.215458
0.559561 -0.387211 0.185753
0.543396 -0.473356 0.159631
0.548041 -0.545470 0.140242
0.572935 -0.594857 0.129926
0.615076 -0.615559 0.129926
0.669380 -0.605080 0.140242
0.729299 -0.564683 0.159631
0.787604 -0.499241 0.185753
0.837263 -0.416647 0.215458
0.883509 -0.437910 0.211231
0.931716 -0.314333 0.252116
0.953964 -0.195766 0.288070
0.947571 -0.096509 0.314756
0.913307 -0.028533 0.328955
0.855306 -0.000039 0.328955
0.780562 -0.014463 0.314756
0.698092 -0.070064 0.288070
0.617842 -0.160137 0.252116
0.549492 -0.273818 0.211231
0.501285 -0.397395 0.170345
0.479037 -0.515962 0.134392
0.485430 -0.615219 0.107706
0.519694 -0.683194 0.093506
0.577695 -0.711689 0.093506
0.652439 -0.697265 0.107706
0.734909 -0.641664 0.134392
0.815159 -0.551591 0.170345
0.883509 -0.437910 0.211231
0.913558 -0.450836 0.205904
0.970228 -0.305563 0.253968
0.996382 -0.166178 0.296234
0.988867 -0.049495 0.327605
0.948587 0.030415 0.344298
0.880402 0.063912 0.344298
0.792536 0.046956 0.327605
0.695586 -0.018407 0.296234
0.601247 -0.124295 0.253968
0.520896 -0.257934 0.205904
0.464226 -0.403207 0.157841
0.438072 -0.542592 0.115575
0.445587 -0.659276 0.084203
0.485867 -0.739185 0.067511
0.554052 -0.772682 0.067511
0.641918 -0.755726 0.084203
0.738868 -0.690363 0.115575
0.833207 -0.584476 0.157841
0.913558 -0.450836 0.205904
0.924467 -0.454160 0.200000
0.984053 -0.301411 0.250537
1.011554 -0.154854 0.294978
1.003651 -0.032165 0.327964
0.961299 0.051857 0.345515
0.889605 0.087078 0.345515
0.797217 0.069250 0.327964
0.695278 0.000522 0.294978
0.596084 -0.110814 0.250537
0.511598 -0.251331 0.200000
0.452011 -0.404081 0.149463
0.424511 -0.550638 0.105022
0.432413 -0.673327 0.072036
0.474766 -0.757349 0.054485
0.546460 -0.792569 0.054485
0.638848 -0.774741 0.072036
0.740787 -0.706014 0.105022
0.839981 -0.594677 0.149463
0.924467 -0.454160 0.200000
0.915168 -0.447557 0.194096
0.971838 -0.302284 0.242159
0.997993 -0.162900 0.284425
0.990477 -0.046216 0.315797
0.950198 0.033694 0.332489
0.882013 0.067191 0.332489
0.794147 0.050235 0.315797
0.697197 -0.015129 0.284425
0.602858 -0.121016 0.242159
0.522507 -0.254656 0.194096
0.465837 -0.399929 0.146032
0.439682 -0.539313 0.103766
0.447198 -0.655997 0.072395
0.487477 -0.735907 0.055702
0.555662 -0.769404 0.055702
0.643529 -0.752448 0.072395
0.740478 -0.687084 0.103766
0.834818 -0.581197 0.146032
0.915168 -0.447557 0.194096
0.886573 -0.431674 0.188769
0.934780 -0.308097 0.229655
0.957028 -0.189530 0.265608
0.950635 -0.090272 0.292294
0.916371 -0.022297 0.306494
0.858369 0.006197 0.306494
0.783626 -0.008226 0.292294
0.701155 -0.063828 0.265608
0.620906 -0.153901 0.229655
0.552555 -0.267582 0.188769
0.504349 -0.391158 0.147884
0.482100 -0.509726 0.111930
0.488494 -0.608983 0.085244
0.522757 -0.676958 0.071045
0.580759 -0.705452 0.071045
0.655502 -0.691029 0.085244
0.737973 -0.635428 0.111930
0.818223 -0.545354 0.147884
0.886573 -0.431674 0.188769
0.841480 -0.408064 0.184542
0.876504 -0.318280 0.214247
0.892668 -0.232136 0.240369
0.888023 -0.160021 0.259758
0.863129 -0.110635 0.270074
0.820989 -0.089932 0.270074
0.766684 -0.100411 0.259758
0.706766 -0.140808 0.240369
0.648461 -0.206250 0.214247
0.598802 -0.288844 0.184542
0.563778 -0.378628 0.154837
0.547613 -0.464772 0.128715
0.552258 -0.536887 0.109327
0.577152 -0.586274 0.099011
0.619293 -0.606976 0.099011
0.673597 -0.596497 0.109327
0.733515 -0.556100 0.128715
0.791820 -0.490658 0.154837
0.841480 -0.408064 0.184542
0.784303 -0.379039 0.181828
0.802716 -0.331837 0.197445
0.811214 -0.286549 0.211178
0.808772 -0.248636 0.221371
0.795684 -0.222671 0.226795
0.773530 -0.211788 0.226795
0.744980 -0.217297 0.221371
0.713479 -0.238535 0.211178
0.682827 -0.272940 0.197445
0.656719 -0.316362 0.181828
0.638306 -0.363564 0.166212
0.629808 -0.408853 0.152478
0.632250 -0.446766 0.142285
0.645337 -0.472730 0.136862
0.667492 -0.483614 0.136862
0.696041 -0.478104 0.142285
0.727542 -0.456866 0.152478
0.758195 -0.422462 0.166212
0.784303 -0.379039 0.181828
0.720638 -0.347441 0.180893
0.720638 -0.347441 0.180893
0.720638 -0.347441 0.180893
0.720638 -0.347441 0.180893
0.720638 -0.347441 0.180893
0.720638 -0.347441 0.180893
0.720638 -0.347441 0.180893
0.720638 -0.347441 0.180893
0.720638 -0.347441 0.180893
0.720638 -0.347441 0.180893
0.720638 -0.347441 0.180893
0.720638 -0.347441 0.180893
0.720638 -0.347441 0.180893
0.720638 -0.347441 0.180893
0.720638 -0.347441 0.180893
0.720638 -0.347441 0.180893
0.720638 -0.347441 0.180893
0.720638 -0.347441 0.180893
0.720638 -0.347441 0.180893
0.789249 0.130848 0.219107
0.789249 0.130848 0.219107
0.789249 0.130848 0.219107
0.789249 0.130848 0.219107
0.789249 0.130848 0.219107
0.789249 0.130848 0.219107
0.789249 0.130848 0.219107
0.789249 0.130848 0.219107
0.789249 0.130848 0.219107
0.789249 0.130848 0.219107
0.789249 0.130848 0.219107
0.789249 0.130848 0.219107
0.789249 0.130848 0.219107
0.789249 0.130848 0.219107
0.789249 0.130848 0.219107
0.789249 0.130848 0.219107
0.789249 0.130848 0.219107
0.789249 0.130848 0.219107
0.789249 0.130848 0.219107
0.859228 0.143275 0.218172
0.846380 0.192286 0.233788
0.826635 0.233920 0.247522
0.802375 0.263157 0.257715
0.776526 0.276470 0.263138
0.752205 0.272253 0.263138
0.732346 0.251015 0.257715
0.719345 0.215317 0.247522
0.714769 0.169466 0.233788
0.719170 0.118991 0.218172
0.732018 0.069980 0.202555
0.751763 0.028346 0.188822
0.776024 -0.000891 0.178629
0.801873 -0.014204 0.173205
0.826194 -0.009987 0.173205
0.846053 0.011251 0.178629
0.859054 0.046949 0.188822
0.863630 0.092800 0.202555
0.859228 0.143275 0.218172
0.922259 0.155056 0.215458
0.897821 0.248279 0.245163
0.860264 0.327473 0.271285
0.814118 0.383084 0.290673
0.764949 0.408407 0.300989
0.718688 0.400386 0.300989
0.680915 0.359988 0.290673
0.656185 0.292088 0.271285
0.647481 0.204873 0.245163
0.655853 0.108864 0.215458
0.680291 0.015641 0.185753
0.717848 -0.063552 0.159631
0.763994 -0.119164 0.140242
0.813163 -0.144486 0.129926
0.859424 -0.136465 0.129926
0.897197 -0.096068 0.140242
0.921927 -0.028167 0.159631
0.930631 0.059047 0.185753
0.922259 0.155056 0.215458
0.972171 0.165037 0.211231
0.938534 0.293348 0.252116
0.886842 0.402348 0.288070
0.823327 0.478891 0.314756
0.755653 0.513745 0.328955
0.691980 0.502704 0.328955
0.639989 0.447102 0.314756
0.605951 0.353645 0.288070
0.593971 0.233605 0.252116
0.605494 0.101460 0.211231
0.639131 -0.026851 0.170345
0.690824 -0.135851 0.134392
0.754338 -0.212394 0.107706
0.822013 -0.247248 0.093506
0.885685 -0.236207 0.093506
0.937676 -0.180605 0.107706
0.971714 -0.087148 0.134392
0.983694 0.032892 0.170345
0.972171 0.165037 0.211231
1.004078 0.172242 0.205904
0.964536 0.323080 0.253968
0.903768 0.451218 0.296234
0.829102 0.541199 0.327605
0.749546 0.582172 0.344298
0.674694 0.569193 0.344298
0.613575 0.503829 0.327605
0.573561 0.393964 0.296234
0.559477 0.252848 0.253968
0.573024 0.097502 0.205904
0.612566 -0.053336 0.157841
0.673335 -0.181474 0.115575
0.748000 -0.271455 0.084203
0.827557 -0.312428 0.067511
0.902408 -0.299450 0.067511
0.963527 -0.234086 0.084203
1.003542 -0.124220 0.115575
1.017625 0.016896 0.157841
1.004078 0.172242 0.205904
1.014858 0.175965 0.200000
0.973281 0.334565 0.250537
0.909385 0.469297 0.294978
0.830877 0.563909 0.327964
0.747226 0.606990 0.345515
0.668522 0.593344 0.345515
0.604258 0.524616 0.327964
0.562185 0.409097 0.294978
0.547377 0.260718 0.250537
0.561620 0.097378 0.200000
0.603198 -0.061222 0.149463
0.667093 -0.195954 0.105022
0.745601 -0.290566 0.072036
0.829252 -0.333648 0.054485
0.907956 -0.320001 0.054485
0.972220 -0.251273 0.072036
1.014294 -0.135754 0.105022
1.029101 0.012624 0.149463
1.014858 0.175965 0.200000
1.003454 0.175841 0.194096
0.963912 0.326679 0.242159
0.903143 0.454817 0.284425
0.828478 0.544798 0.315797
0.748922 0.585771 0.332489
0.674070 0.572793 0.332489
0.612951 0.507429 0.315797
0.572937 0.397563 0.284425
0.558853 0.256447 0.242159
0.572400 0.101101 0.194096
0.611942 -0.049737 0.146032
0.672711 -0.177875 0.103766
0.747376 -0.267856 0.072395
0.826933 -0.308829 0.055702
0.901784 -0.295850 0.055702
0.962903 -0.230486 0.072395
1.002918 -0.120621 0.103766
1.017001 0.020495 0.146032
1.003454 0.175841 0.194096
0.970984 0.171883 0.188769
0.937347 0.300194 0.229655
0.885655 0.409194 0.265608
0.822140 0.485737 0.292294
0.754466 0.520591 0.306494
0.690793 0.509550 0.306494
0.638802 0.453948 0.292294
0.604764 0.360491 0.265608
0.592784 0.240451 0.229655
0.604307 0.108306 0.188769
0.637944 -0.020005 0.147884
0.689637 -0.129005 0.111930
0.753151 -0.205548 0.085244
0.820826 -0.240402 0.071045
0.884498 -0.229361 0.071045
0.936489 -0.173760 0.085244
0.970527 -0.080302 0.111930
0.982507 0.039738 0.147884
0.970984 0.171883 0.188769
0.920625 0.164479 0.184542
0.896187 0.257702 0.214247
0.858630 0.336895 0.240369
0.812484 0.392507 0.259758
0.763315 0.417829 0.270074
0.717055 0.409808 0.270074
0.679281 0.369411 0.259758
0.654551 0.301510 0.240369
0.645847 0.214296 0.214247
0.654219 0.118287 0.184542
0.678658 0.025064 0.154837
0.716215 -0.054130 0.128715
0.762360 -0.109741 0.109327
0.811529 -0.135064 0.099011
0.857790 -0.127043 0.099011
0.895564 -0.086645 0.109327
0.920294 -0.018745 0.128715
0.928998 0.068470 0.154837
0.920625 0.164479 0.184542
0.857308 0.154352 0.181828
0.844460 0.203363 0.197445
0.824715 0.244997 0.211178
0.800455 0.274234 0.221371
0.774605 0.287547 0.226795
0.750284 0.283330 0.226795
0.730426 0.262092 0.221371
0.717424 0.226394 0.211178
0.712848 0.180543 0.197445
0.717250 0.130068 0.181828
0.730098 0.081057 0.166212
0.749843 0.039423 0.152478
0.774103 0.010186 0.142285
0.799952 -0.003127 0.136862
0.824273 0.001090 0.136862
0.844132 0.022328 0.142285
0.857133 0.058026 0.152478
0.861709 0.103877 0.166212
0.857308 0.154352 0.181828
0.787229 0.142495 0.180893
0.787229 0.142495 0.180893
0.787229 0.142495 0.180893
0.787229 0.142495 0.180893
0.787229 0.142495 0.180893
0.787229 0.142495 0.180893
0.787229 0.142495 0.180893
0.787229 0.142495 0.180893
0.787229 0.142495 0.180893
0.787229 0.142495 0.180893
0.787229 0.142495 0.180893
0.787229 0.142495 0.180893
0.787229 0.142495 0.180893
0.787229 0.142495 0.180893
0.787229 0.142495 0.180893
0.787229 0.142495 0.180893
0.787229 0.142495 0.180893
0.787229 0.142495 0.180893
0.787229 0.142495 0.180893
0.491246 0.754130 0.269107
0.491246 0.754130 0.269107
0.491246 0.754130 0.269107
0.491246 0.754130 0.269107
0.491246 0.754130 0.269107
0.491246 0.754130 0.269107
0.491246 0.754130 0.269107
0.491246 0.754130 0.269107
0.491246 0.754130 0.269107
0.491246 0.754130 0.269107
0.491246 0.754130 0.269107
0.491246 0.754130 0.269107
0.491246 0.754130 0.269107
0.491246 0.754130 0.269107
0.491246 0.754130 0.269107
0.491246 0.754130 0.269107
0.491246 0.754130 0.269107
0.491246 0.754130 0.269107
0.491246 0.754130 0.269107
0.532743 0.819294 0.268172
0.483496 0.845378 0.285350
0.435154 0.860476 0.300457
0.393549 0.862765 0.311669
0.363698 0.851970 0.317635
0.349201 0.829394 0.317635
0.351808 0.797758 0.311669
0.371204 0.760879 0.300457
0.405049 0.723205 0.285350
0.449261 0.689280 0.268172
0.498508 0.663195 0.250993
0.546850 0.648098 0.235887
0.588455 0.645808 0.224674
0.618306 0.656603 0.218708
0.632803 0.679180 0.218708
0.630196 0.710816 0.224674
0.610800 0.747695 0.235887
0.576955 0.785369 0.250993
0.532743 0.819294 0.268172
0.569691 0.878391 0.265458
0.476018 0.928007 0.298133
0.384067 0.956724 0.326867
0.304929 0.961078 0.348195
0.248148 0.940546 0.359543
0.220575 0.897602 0.359543
0.225533 0.837427 0.348195
0.262426 0.767279 0.326867
0.326803 0.695619 0.298133
0.410900 0.631089 0.265458
0.504573 0.581474 0.232782
0.596524 0.552757 0.204048
0.675663 0.548402 0.182721
0.732443 0.568935 0.171373
0.760017 0.611879 0.171373
0.755058 0.672053 0.182721
0.718165 0.742202 0.204048
0.653788 0.813862 0.232782
0.569691 0.878391 0.265458
0.598474 0.925638 0.261231
0.469544 0.993928 0.306204
0.342984 1.033453 0.345754
0.234060 1.039447 0.375108
0.155908 1.011186 0.390727
0.117956 0.952079 0.390727
0.124781 0.869256 0.375108
0.175560 0.772705 0.345754
0.264168 0.674073 0.306204
0.379917 0.585256 0.261231
0.508847 0.516966 0.216257
0.635407 0.477441 0.176708
0.744331 0.471447 0.147353
0.822483 0.499708 0.131734
0.860435 0.558815 0.131734
0.853610 0.641638 0.147353
0.802831 0.738189 0.176708
0.714223 0.836821 0.216257
0.598474 0.925638 0.261231
0.616273 0.956409 0.255904
0.464707 1.036688 0.308774
0.315927 1.083153 0.355267
0.187879 1.090199 0.389775
0.096006 1.056976 0.408137
0.051391 0.987492 0.408137
0.059414 0.890127 0.389775
0.119108 0.776625 0.355267
0.223273 0.660676 0.308774
0.359344 0.556265 0.255904
0.510911 0.475986 0.203034
0.659691 0.429521 0.156542
0.787739 0.422475 0.122033
0.879612 0.455698 0.103672
0.924227 0.525182 0.103672
0.916204 0.622547 0.122033
0.856510 0.736049 0.156542
0.752345 0.851998 0.203034
0.616273 0.956409 0.255904
0.621348 0.967692 0.250000
0.461981 1.052102 0.305591
0.305545 1.100958 0.354476
0.170907 1.108367 0.390760
0.074306 1.073435 0.410067
0.027395 1.000375 0.410067
0.035831 0.897999 0.390760
0.098597 0.778656 0.354476
0.208122 0.656740 0.305591
0.351196 0.546956 0.250000
0.510563 0.462545 0.194409
0.666999 0.413689 0.145524
0.801637 0.406281 0.109240
0.898238 0.441213 0.089933
0.945149 0.514273 0.089933
0.936713 0.616649 0.109240
0.873947 0.735992 0.145524
0.764422 0.857908 0.194409
0.621348 0.967692 0.250000
0.613200 0.958382 0.244096
0.461633 1.038662 0.296966
0.312853 1.085126 0.343458
0.184805 1.092173 0.377967
0.092933 1.058950 0.396328
0.048317 0.989466 0.396328
0.056340 0.892101 0.377967
0.116034 0.778599 0.343458
0.220199 0.662650 0.296966
0.356271 0.558239 0.244096
0.507837 0.477960 0.191226
0.656617 0.431495 0.144733
0.784665 0.424449 0.110225
0.876538 0.457671 0.091863
0.921153 0.527156 0.091863
0.913130 0.624520 0.110225
0.853436 0.738022 0.144733
0.749271 0.853971 0.191226
0.613200 0.958382 0.244096
0.592627 0.929392 0.238769
0.463697 0.997682 0.283743
0.337137 1.037207 0.323292
0.228213 1.043201 0.352647
0.150062 1.014940 0.368266
0.112110 0.955833 0.368266
0.118934 0.873010 0.352647
0.169713 0.776459 0.323292
0.258321 0.677827 0.283743
0.374070 0.589010 0.238769
0.503000 0.520720 0.193796
0.629560 0.481195 0.154246
0.738485 0.475201 0.124892
0.816636 0.503462 0.109273
0.854588 0.562569 0.109273
0.847763 0.645392 0.124892
0.796984 0.741943 0.154246
0.708377 0.840575 0.193796
0.592627 0.929392 0.238769
0.561644 0.883558 0.234542
0.467971 0.933174 0.267218
0.376020 0.961891 0.295952
0.296881 0.966245 0.317279
0.240101 0.945713 0.328627
0.212527 0.902769 0.328627
0.217486 0.842594 0.317279
0.254379 0.772446 0.295952
0.318756 0.700786 0.267218
0.402853 0.636256 0.234542
0.496526 0.586641 0.201867
0.588477 0.557924 0.173133
0.667616 0.553569 0.151805
0.724396 0.574102 0.140457
0.751970 0.617046 0.140457
0.747011 0.677221 0.151805
0.710118 0.747369 0.173133
0.645741 0.819029 0.201867
0.561644 0.883558 0.234542
0.523283 0.825368 0.231828
0.474036 0.851453 0.249007
0.425694 0.866550 0.264113
0.384089 0.868839 0.275326
0.354238 0.858045 0.281292
0.339741 0.835468 0.281292
0.342348 0.803832 0.275326
0.361744 0.766953 0.264113
0.395589 0.729279 0.249007
0.439801 0.695354 0.231828
0.489048 0.669269 0.214650
0.537390 0.654172 0.199543
0.578995 0.651883 0.188331
0.608846 0.662677 0.182365
0.623343 0.685254 0.182365
0.620736 0.716890 0.188331
0.601340 0.753769 0.199543
0.567495 0.791443 0.214650
0.523283 0.825368 0.231828
0.481299 0.760517 0.230893
0.481299 0.760517 0.230893
0.481299 0.760517 0.230893
0.481299 0.760517 0.230893
0.481299 0.760517 0.230893
0.481299 0.760517 0.230893
0.481299 0.760517 0.230893
0.481299 0.760517 0.230893
0.481299 0.760517 0.230893
0.481299 0.760517 0.230893
0.481299 0.760517 0.230893
0.481299 0.760517 0.230893
0.481299 0.760517 0.230893
0.481299 0.760517 0.230893
0.481299 0.760517 0.230893
0.481299 0.760517 0.230893
0.481299 0.760517 0.230893
0.481299 0.760517 0.230893
0.481299 0.760517 0.230893
-0.045841 0.898851 0.269107
-0.045841 0.898851 0.269107
-0.045841 0.898851 0.269107
-0.045841 0.898851 0.269107
-0.045841 0.898851 0.269107
-0.045841 0.898851 0.269107
-0.045841 0.898851 0.269107
-0.045841 0.898851 0.269107
-0.045841 0.898851 0.269107
-0.045841 0.898851 0.269107
-0.045841 0.898851 0.269107
-0.045841 0.898851 0.269107
-0.045841 0.898851 0.269107
-0.045841 0.898851 0.269107
-0.045841 0.898851 0.269107
-0.045841 0.898851 0.269107
-0.045841 0.898851 0.269107
-0.045841 0.898851 0.269107
-0.045841 0.898851 0.269107
-0.050571 0.975961 0.268172
-0.105745 0.968117 0.285350
-0.153728 0.951917 0.300457
-0.188733 0.929314 0.311669
-0.206538 0.903035 0.317635
-0.204996 0.876249 0.317635
-0.184291 0.852187 0.311669
-0.146923 0.833752 0.300457
-0.097397 0.823167 0.285350
-0.041688 0.821708 0.268172
0.013485 0.829552 0.250993
0.061468 0.845752 0.235887
0.096474 0.868355 0.224674
0.114279 0.894635 0.218708
0.112736 0.921420 0.218708
0.092032 0.945482 0.224674
0.054664 0.963917 0.235887
0.005138 0.974502 0.250993
-0.050571 0.975961 0.268172
-0.055416 1.045490 0.265458
-0.160362 1.030570 0.298133
-0.251631 0.999755 0.326867
-0.318215 0.956761 0.348195
-0.352083 0.906775 0.359543
-0.349149 0.855826 0.359543
-0.309767 0.810058 0.348195
-0.238688 0.774992 0.326867
-0.144485 0.754858 0.298133
-0.038520 0.752083 0.265458
0.066427 0.767003 0.232782
0.157696 0.797818 0.204048
0.224280 0.840811 0.182721
0.258147 0.890797 0.171373
0.255213 0.941747 0.171373
0.215832 0.987515 0.182721
0.144753 1.022581 0.204048
0.050550 1.042715 0.232782
-0.055416 1.045490 0.265458
-0.059901 1.100631 0.261231
-0.204347 1.080095 0.306204
-0.329968 1.037682 0.345754
-0.421613 0.978507 0.375108
-0.468228 0.909707 0.390727
-0.464190 0.839581 0.390727
-0.409986 0.776587 0.375108
-0.312154 0.728323 0.345754
-0.182494 0.700610 0.306204
-0.036645 0.696791 0.261231
0.107801 0.717327 0.216257
0.233422 0.759740 0.176708
0.325067 0.818916 0.147353
0.371681 0.887715 0.131734
0.367643 0.957841 0.131734
0.313439 1.020835 0.147353
0.215608 1.069099 0.176708
0.085948 1.096812 0.216257
-0.059901 1.100631 0.261231
-0.063587 1.135987 0.255904
-0.233394 1.111846 0.308774
-0.381071 1.061986 0.355267
-0.488806 0.992422 0.389775
-0.543604 0.911543 0.408137
-0.538857 0.829105 0.408137
-0.475137 0.755051 0.389775
-0.360128 0.698313 0.355267
-0.207704 0.665735 0.308774
-0.036249 0.661246 0.255904
0.133558 0.685387 0.203034
0.281235 0.735246 0.156542
0.388970 0.804811 0.122033
0.443768 0.885690 0.103672
0.439021 0.968128 0.103672
0.375300 1.042182 0.122033
0.260292 1.098920 0.156542
0.107868 1.131498 0.203034
-0.063587 1.135987 0.255904
-0.066114 1.148098 0.250000
-0.244659 1.122714 0.305591
-0.399936 1.070289 0.354476
-0.513215 0.997144 0.390760
-0.570834 0.912103 0.410067
-0.565842 0.825423 0.410067
-0.498843 0.747558 0.390760
-0.377916 0.687900 0.354476
-0.217648 0.653645 0.305591
-0.037369 0.648925 0.250000
0.141177 0.674308 0.194409
0.296453 0.726734 0.145524
0.409732 0.799879 0.109240
0.467351 0.884920 0.089933
0.462359 0.971600 0.089933
0.395360 1.049465 0.109240
0.274433 1.109123 0.145524
0.114165 1.143378 0.194409
-0.066114 1.148098 0.250000
-0.067234 1.135777 0.244096
-0.237041 1.111636 0.296966
-0.384718 1.061776 0.343458
-0.492453 0.992212 0.377967
-0.547251 0.911333 0.396328
-0.542504 0.828895 0.396328
-0.478783 0.754841 0.377967
-0.363775 0.698103 0.343458
-0.211351 0.665525 0.296966
-0.039896 0.661036 0.244096
0.129911 0.685177 0.191226
0.277588 0.735036 0.144733
0.385323 0.804601 0.110225
0.440121 0.885480 0.091863
0.435374 0.967918 0.091863
0.371654 1.041972 0.110225
0.256646 1.098710 0.144733
0.104221 1.131288 0.191226
-0.067234 1.135777 0.244096
-0.066837 1.100231 0.238769
-0.211284 1.079696 0.283743
-0.336905 1.037283 0.323292
-0.428550 0.978107 0.352647
-0.475164 0.909308 0.368266
-0.471126 0.839182 0.368266
-0.416922 0.776188 0.352647
-0.319090 0.727924 0.323292
-0.189431 0.700211 0.283743
-0.043582 0.696392 0.238769
0.100864 0.716928 0.193796
0.226486 0.759341 0.154246
0.318130 0.818516 0.124892
0.364745 0.887316 0.109273
0.360707 0.957442 0.109273
0.306503 1.020436 0.124892
0.208671 1.068700 0.154246
0.079011 1.096413 0.193796
-0.066837 1.100231 0.238769
-0.064963 1.044940 0.234542
-0.169909 1.030020 0.267218
-0.261179 0.999205 0.295952
-0.327763 0.956211 0.317279
-0.361630 0.906226 0.328627
-0.358696 0.855276 0.328627
-0.319315 0.809508 0.317279
-0.248236 0.774442 0.295952
-0.154032 0.754308 0.267218
-0.048067 0.751533 0.234542
0.056879 0.766453 0.201867
0.148149 0.797268 0.173133
0.214732 0.840262 0.151805
0.248600 0.890248 0.140457
0.245666 0.941197 0.140457
0.206284 0.986965 0.151805
0.135205 1.022031 0.173133
0.041002 1.042165 0.201867
-0.064963 1.044940 0.234542
-0.061795 0.975315 0.231828
-0.116968 0.967471 0.249007
-0.164951 0.951270 0.264113
-0.199957 0.928667 0.275326
-0.217762 0.902388 0.281292
-0.216219 0.875603 0.281292
-0.195515 0.851541 0.275326
-0.158147 0.833106 0.264113
-0.108621 0.822520 0.249007
-0.052912 0.821062 0.231828
0.002262 0.828906 0.214650
0.050245 0.845106 0.199543
0.085250 0.867709 0.188331
0.103055 0.893988 0.182365
0.101513 0.920774 0.182365
0.080809 0.944836 0.188331
0.043440 0.963271 0.199543
-0.006085 0.973856 0.214650
-0.061795 0.975315 0.231828
-0.057642 0.898172 0.230893
-0.057642 0.898172 0.230893
-0.057642 0.898172 0.230893
-0.057642 0.898172 0.230893
-0.057642 0.898172 0.230893
-0.057642 0.898172 0.230893
-0.057642 0.898172 0.230893
-0.057642 0.898172 0.230893
-0.057642 0.898172 0.230893
-0.057642 0.898172 0.230893
-0.057642 0.898172 0.230893
-0.057642 0.898172 0.230893
-0.057642 0.898172 0.230893
-0.057642 0.898172 0.230893
-0.057642 0.898172 0.230893
-0.057642 0.898172 0.230893
-0.057642 0.898172 0.230893
-0.057642 0.898172 0.230893
-0.057642 0.898172 0.230893
-0.565417 0.700241 0.269107
-0.565417 0.700241 0.269107
-0.565417 0.700241 0.269107
-0.565417 0.700241 0.269107
-0.565417 0.700241 0.269107
-0.565417 0.700241 0.269107
-0.565417 0.700241 0.269107
-0.565417 0.700241 0.269107
-0.565417 0.700241 0.269107
-0.565417 0.700241 0.269107
-0.565417 0.700241 0.269107
-0.565417 0.700241 0.269107
-0.565417 0.700241 0.269107
-0.565417 0.700241 0.269107
-0.565417 0.700241 0.269107
-0.565417 0.700241 0.269107
-0.565417 0.700241 0.269107
-0.565417 0.700241 0.269107
-0.565417 0.700241 0.269107
-0.614568 0.759844 0.268172
-0.654594 0.721068 0.285350
-0.683891 0.679758 0.300457
-0.698925 0.640896 0.311669
-0.697883 0.609170 0.317635
-0.680891 0.588407 0.317635
-0.649998 0.581110 0.311669
-0.608930 0.588160 0.300457
-0.562642 0.608707 0.285350
-0.516714 0.640272 0.268172
-0.476689 0.679048 0.250993
-0.447392 0.720358 0.235887
-0.432358 0.759220 0.224674
-0.433400 0.790946 0.218708
-0.450392 0.811709 0.218708
-0.481285 0.819006 0.224674
-0.522352 0.811956 0.235887
-0.568641 0.791409 0.250993
-0.614568 0.759844 0.268172
-0.659356 0.813246 0.265458
-0.735489 0.739490 0.298133
-0.791215 0.660913 0.326867
-0.819812 0.586994 0.348195
-0.817830 0.526648 0.359543
-0.785509 0.487153 0.359543
-0.726747 0.473274 0.348195
-0.648632 0.486684 0.326867
-0.560585 0.525766 0.298133
-0.473226 0.585807 0.265458
-0.397093 0.659563 0.232782
-0.341367 0.738140 0.204048
-0.312770 0.812059 0.182721
-0.314752 0.872405 0.171373
-0.347073 0.911900 0.171373
-0.405835 0.925779 0.182721
-0.483950 0.912369 0.204048
-0.571997 0.873286 0.232782
-0.659356 0.813246 0.265458
-0.695395 0.855220 0.261231
-0.800184 0.753703 0.306204
-0.876884 0.645552 0.345754
-0.916244 0.543811 0.375108
-0.913517 0.460751 0.390727
-0.869031 0.406392 0.390727
-0.788152 0.387289 0.375108
-0.680635 0.405746 0.345754
-0.559449 0.459538 0.306204
-0.439211 0.542176 0.261231
-0.334422 0.643694 0.216257
-0.257722 0.751845 0.176708
-0.218362 0.853586 0.147353
-0.221089 0.936646 0.131734
-0.265575 0.991005 0.131734
-0.346454 1.010108 0.147353
-0.453971 0.991650 0.176708
-0.575157 0.937859 0.216257
-0.695395 0.855220 0.261231
-0.719160 0.881657 0.255904
-0.842346 0.762317 0.308774
-0.932513 0.635177 0.355267
-0.978783 0.515573 0.389775
-0.975577 0.417931 0.408137
-0.923280 0.354028 0.408137
-0.828201 0.331571 0.389775
-0.701808 0.353269 0.355267
-0.559345 0.416505 0.308774
-0.417996 0.513652 0.255904
-0.294810 0.632993 0.203034
-0.204643 0.760133 0.156542
-0.158373 0.879736 0.122033
-0.161579 0.977379 0.103672
-0.213876 1.041282 0.103672
-0.308955 1.063739 0.122033
-0.435348 1.042041 0.156542
-0.577811 0.978804 0.203034
-0.719160 0.881657 0.255904
-0.728322 0.889970 0.250000
-0.857849 0.764488 0.305591
-0.952655 0.630805 0.354476
-1.001307 0.505046 0.390760
-0.997935 0.402379 0.410067
-0.942947 0.335187 0.410067
-0.842976 0.311575 0.390760
-0.710078 0.334389 0.354476
-0.560284 0.400880 0.305591
-0.411661 0.503026 0.250000
-0.282134 0.628508 0.194409
-0.187328 0.762191 0.145524
-0.138676 0.887950 0.109240
-0.142048 0.990617 0.089933
-0.197036 1.057809 0.089933
-0.297007 1.081422 0.109240
-0.429905 1.058607 0.145524
-0.579699 0.992116 0.194409
-0.728322 0.889970 0.250000
-0.721987 0.879344 0.244096
-0.845173 0.760004 0.296966
-0.935340 0.632864 0.343458
-0.981610 0.513260 0.377967
-0.978403 0.415618 0.396328
-0.926107 0.351714 0.396328
-0.831028 0.329257 0.377967
-0.704635 0.350956 0.343458
-0.562172 0.414192 0.296966
-0.420823 0.511339 0.244096
-0.297636 0.630679 0.191226
-0.207470 0.757819 0.144733
-0.161200 0.877423 0.110225
-0.164406 0.975065 0.091863
-0.216703 1.038969 0.091863
-0.311782 1.061426 0.110225
-0.438175 1.039727 0.144733
-0.580638 0.976491 0.191226
-0.721987 0.879344 0.244096
-0.700772 0.850820 0.238769
-0.805561 0.749303 0.283743
-0.882261 0.641151 0.323292
-0.921621 0.539410 0.352647
-0.918894 0.456351 0.368266
-0.874408 0.401991 0.368266
-0.793529 0.382888 0.352647
-0.686012 0.401346 0.323292
-0.564826 0.455138 0.283743
-0.444588 0.537776 0.238769
-0.339799 0.639293 0.193796
-0.263099 0.747445 0.154246
-0.223739 0.849186 0.124892
-0.226466 0.932245 0.109273
-0.270952 0.986605 0.109273
-0.351831 1.005708 0.124892
-0.459348 0.987250 0.154246
-0.580534 0.933458 0.193796
-0.700772 0.850820 0.238769
-0.666757 0.807190 0.234542
-0.742890 0.733433 0.267218
-0.798616 0.654857 0.295952
-0.827213 0.580937 0.317279
-0.825231 0.520591 0.328627
-0.792910 0.481097 0.328627
-0.734148 0.467217 0.317279
-0.656033 0.480628 0.295952
-0.567986 0.519710 0.267218
-0.480627 0.579750 0.234542
-0.404494 0.653507 0.201867
-0.348768 0.732083 0.173133
-0.320171 0.806002 0.151805
-0.322153 0.866349 0.140457
-0.354474 0.905843 0.140457
-0.413236 0.919722 0.151805
-0.491351 0.906312 0.173133
-0.579398 0.867230 0.201867
-0.666757 0.807190 0.234542
-0.623269 0.752724 0.231828
-0.663294 0.713948 0.249007
-0.692591 0.672638 0.264113
-0.707625 0.633776 0.275326
-0.706583 0.602050 0.281292
-0.689591 0.581287 0.281292
-0.658698 0.573990 0.275326
-0.617631 0.581040 0.264113
-0.571342 0.601587 0.249007
-0.525415 0.633152 0.231828
-0.485389 0.671928 0.214650
-0.456092 0.713238 0.199543
-0.441058 0.752100 0.188331
-0.442100 0.783826 0.182365
-0.459092 0.804589 0.182365
-0.489985 0.811886 0.188331
-0.531053 0.804836 0.199543
-0.577341 0.784289 0.214650
-0.623269 0.752724 0.231828
-0.574565 0.692755 0.230893
-0.574565 0.692755 0.230893
-0.574565 0.692755 0.230893
-0.574565 0.692755 0.230893
-0.574565 0.692755 0.230893
-0.574565 0.692755 0.230893
-0.574565 0.692755 0.230893
-0.574565 0.692755 0.230893
-0.574565 0.692755 0.230893
-0.574565 0.692755 0.230893
-0.574565 0.692755 0.230893
-0.574565 0.692755 0.230893
-0.574565 0.692755 0.230893
-0.574565 0.692755 0.230893
-0.574565 0.692755 0.230893
-0.574565 0.692755 0.230893
-0.574565 0.692755 0.230893
-0.574565 0.692755 0.230893
-0.574565 0.692755 0.230893
-0.869024 0.234163 0.269107
-0.869024 0.234163 0.269107
-0.869024 0.234163 0.269107
-0.869024 0.234163 0.269107
-0.869024 0.234163 0.269107
-0.869024 0.234163 0.269107
-0.869024 0.234163 0.269107
-0.869024 0.234163 0.269107
-0.869024 0.234163 0.269107
-0.869024 0.234163 0.269107
-0.869024 0.234163 0.269107
-0.869024 0.234163 0.269107
-0.869024 0.234163 0.269107
-0.869024 0.234163 0.269107
-0.869024 0.234163 0.269107
-0.869024 0.234163 0.269107
-0.869024 0.234163 0.269107
-0.869024 0.234163 0.269107
-0.869024 0.234163 0.269107
-0.943821 0.253493 0.268172
-0.953411 0.198596 0.285350
-0.952831 0.147955 0.300457
-0.942152 0.107678 0.311669
-0.922661 0.082624 0.317635
-0.896709 0.075813 0.317635
-0.867428 0.088069 0.311669
-0.838347 0.117911 0.300457
-0.812976 0.161742 0.285350
-0.794373 0.214274 0.268172
-0.784784 0.269171 0.250993
-0.785364 0.319812 0.235887
-0.796043 0.360088 0.224674
-0.815534 0.385143 0.218708
-0.841485 0.391953 0.218708
-0.870767 0.379698 0.224674
-0.899848 0.349855 0.235887
-0.925219 0.306025 0.250993
-0.943821 0.253493 0.268172
-1.011444 0.270371 0.265458
-1.029685 0.165950 0.298133
-1.028581 0.069625 0.326867
-1.008268 -0.006985 0.348195
-0.971194 -0.054641 0.359543
-0.921832 -0.067595 0.359543
-0.866134 -0.044284 0.348195
-0.810820 0.012480 0.326867
-0.762561 0.095850 0.298133
-0.727177 0.195772 0.265458
-0.708936 0.300192 0.232782
-0.710039 0.396517 0.204048
-0.730353 0.473128 0.182721
-0.767427 0.520784 0.171373
-0.816789 0.533738 0.171373
-0.872487 0.510427 0.182721
-0.927801 0.453663 0.204048
-0.976060 0.370292 0.232782
-1.011444 0.270371 0.265458
-1.065273 0.283145 0.261231
-1.090378 0.139422 0.306204
-1.088860 0.006843 0.345754
-1.060901 -0.098603 0.375108
-1.009873 -0.164196 0.390727
-0.941931 -0.182026 0.390727
-0.865271 -0.149941 0.375108
-0.789137 -0.071812 0.345754
-0.722714 0.042938 0.306204
-0.674012 0.180469 0.261231
-0.648906 0.324191 0.216257
-0.650425 0.456770 0.176708
-0.678384 0.562216 0.147353
-0.729412 0.627809 0.131734
-0.797353 0.645639 0.131734
-0.874014 0.613554 0.147353
-0.950148 0.535425 0.176708
-1.016571 0.420675 0.216257
-1.065273 0.283145 0.261231
-1.100038 0.290564 0.255904
-1.129551 0.121609 0.308774
-1.127766 -0.034248 0.355267
-1.094898 -0.158207 0.389775
-1.034912 -0.235316 0.408137
-0.955042 -0.256276 0.408137
-0.864921 -0.218558 0.389775
-0.775421 -0.126712 0.355267
-0.697336 0.008185 0.308774
-0.640083 0.169861 0.255904
-0.610570 0.338817 0.203034
-0.612355 0.494674 0.156542
-0.645223 0.618632 0.122033
-0.705209 0.695742 0.103672
-0.785080 0.716702 0.103672
-0.875200 0.678984 0.122033
-0.964700 0.587138 0.156542
-1.042785 0.452241 0.203034
-1.100038 0.290564 0.255904
-1.112336 0.291904 0.250000
-1.143369 0.114253 0.305591
-1.141492 -0.049624 0.354476
-1.106933 -0.179962 0.390760
-1.043859 -0.261040 0.410067
-0.959878 -0.283078 0.410067
-0.865120 -0.243419 0.390760
-0.771014 -0.146847 0.354476
-0.688910 -0.005008 0.305591
-0.628712 0.164989 0.250000
-0.597679 0.342640 0.194409
-0.599556 0.506517 0.145524
-0.634116 0.636855 0.109240
-0.697189 0.717933 0.089933
-0.781170 0.739971 0.089933
-0.875928 0.700312 0.109240
-0.970034 0.603739 0.145524
-1.052138 0.461900 0.194409
-1.112336 0.291904 0.250000
-1.100965 0.287031 0.244096
-1.130478 0.118075 0.296966
-1.128694 -0.037781 0.343458
-1.095826 -0.161740 0.377967
-1.035839 -0.238849 0.396328
-0.955969 -0.259809 0.396328
-0.865849 -0.222091 0.377967
-0.776348 -0.130245 0.343458
-0.698263 0.004652 0.296966
-0.641011 0.166328 0.244096
-0.611497 0.335284 0.191226
-0.613282 0.491141 0.144733
-0.646150 0.615099 0.110225
-0.706137 0.692209 0.091863
-0.786007 0.713169 0.091863
-0.876127 0.675451 0.110225
-0.965627 0.583604 0.144733
-1.043713 0.448708 0.191226
-1.100965 0.287031 0.244096
-1.067036 0.276424 0.238769
-1.092142 0.132702 0.283743
-1.090624 0.000122 0.323292
-1.062665 -0.105323 0.352647
-1.011637 -0.170917 0.368266
-0.943695 -0.188746 0.368266
-0.867034 -0.156661 0.352647
-0.790901 -0.078532 0.323292
-0.724477 0.036218 0.283743
-0.675776 0.173748 0.238769
-0.650670 0.317470 0.193796
-0.652188 0.450050 0.154246
-0.680147 0.555495 0.124892
-0.731175 0.621089 0.109273
-0.799117 0.638918 0.109273
-0.875778 0.606833 0.124892
-0.951911 0.528704 0.154246
-1.018335 0.413954 0.193796
-1.067036 0.276424 0.238769
-1.013872 0.261121 0.234542
-1.032112 0.156700 0.267218
-1.031009 0.060375 0.295952
-1.010695 -0.016235 0.317279
-0.973622 -0.063892 0.328627
-0.924259 -0.076845 0.328627
-0.868562 -0.053534 0.317279
-0.813247 0.003230 0.295952
-0.764988 0.086600 0.267218
-0.729604 0.186522 0.234542
-0.711364 0.290942 0.201867
-0.712467 0.387267 0.173133
-0.732780 0.463878 0.151805
-0.769854 0.511534 0.140457
-0.819217 0.524488 0.140457
-0.874914 0.501177 0.151805
-0.930228 0.444413 0.173133
-0.978488 0.361042 0.201867
-1.013872 0.261121 0.234542
-0.946675 0.242619 0.231828
-0.956265 0.187722 0.249007
-0.955685 0.137081 0.264113
-0.945005 0.096804 0.275326
-0.925514 0.071750 0.281292
-0.899563 0.064939 0.281292
-0.870281 0.077195 0.275326
-0.841201 0.107037 0.264113
-0.815829 0.150868 0.249007
-0.797227 0.203400 0.231828
-0.787637 0.258297 0.214650
-0.788217 0.308938 0.199543
-0.798897 0.349214 0.188331
-0.818388 0.374269 0.182365
-0.844339 0.381079 0.182365
-0.873621 0.368824 0.188331
-0.902701 0.338981 0.199543
-0.928073 0.295151 0.214650
-0.946675 0.242619 0.231828
-0.872024 0.222729 0.230893
-0.872024 0.222729 0.230893
-0.872024 0.222729 0.230893
-0.872024 0.222729 0.230893
-0.872024 0.222729 0.230893
-0.872024 0.222729 0.230893
-0.872024 0.222729 0.230893
-0.872024 0.222729 0.230893
-0.872024 0.222729 0.230893
-0.872024 0.222729 0.230893
-0.872024 0.222729 0.230893
-0.872024 0.222729 0.230893
-0.872024 0.222729 0.230893
-0.872024 0.222729 0.230893
-0.872024 0.222729 0.230893
-0.872024 0.222729 0.230893
-0.872024 0.222729 0.230893
-0.872024 0.222729 0.230893
-0.872024 0.222729 0.230893
-0.840693 -0.321358 0.269107
-0.840693 -0.321358 0.269107
-0.840693 -0.321358 0.269107
-0.840693 -0.321358 0.269107
-0.840693 -0.321358 0.269107
-0.840693 -0.321358 0.269107
-0.840693 -0.321358 0.269107
-0.840693 -0.321358 0.269107
-0.840693 -0.321358 0.269107
-0.840693 -0.321358 0.269107
-0.840693 -0.321358 0.269107
-0.840693 -0.321358 0.269107
-0.840693 -0.321358 0.269107
-0.840693 -0.321358 0.269107
-0.840693 -0.321358 0.269107
-0.840693 -0.321358 0.269107
-0.840693 -0.321358 0.269107
-0.840693 -0.321358 0.269107
-0.840693 -0.321358 0.269107
-0.912567 -0.349684 0.268172
-0.888057 -0.399734 0.285350
-0.857822 -0.440362 0.300457
-0.825508 -0.466669 0.311669
-0.795013 -0.475482 0.317635
-0.770015 -0.465738 0.317635
-0.753529 -0.438612 0.311669
-0.747544 -0.397376 0.300457
-0.752781 -0.347003 0.285350
-0.768609 -0.293570 0.268172
-0.793118 -0.243520 0.250993
-0.823353 -0.202892 0.235887
-0.855667 -0.176585 0.224674
-0.886162 -0.167772 0.218708
-0.911160 -0.177516 0.218708
-0.927646 -0.204642 0.224674
-0.933632 -0.245878 0.235887
-0.928395 -0.296251 0.250993
-0.912567 -0.349684 0.268172
-0.977195 -0.375778 0.265458
-0.930575 -0.470977 0.298133
-0.873065 -0.548257 0.326867
-0.811600 -0.598296 0.348195
-0.753595 -0.615059 0.359543
-0.706046 -0.596525 0.359543
-0.674688 -0.544928 0.348195
-0.663303 -0.466492 0.326867
-0.673264 -0.370677 0.298133
-0.703370 -0.269041 0.265458
-0.749990 -0.173842 0.232782
-0.807501 -0.096562 0.204048
-0.868965 -0.046522 0.182721
-0.926971 -0.029759 0.171373
-0.974520 -0.048294 0.171373
-1.005878 -0.099891 0.182721
-1.017263 -0.178327 0.204048
-1.007302 -0.274141 0.232782
-0.977195 -0.375778 0.265458
-1.028252 -0.397083 0.261231
-0.964085 -0.528113 0.306204
-0.884928 -0.634480 0.345754
-0.800330 -0.703353 0.375108
-0.720492 -0.726426 0.390727
-0.655047 -0.700915 0.390727
-0.611886 -0.629898 0.375108
-0.596215 -0.521940 0.345754
-0.609926 -0.390063 0.306204
-0.651364 -0.250172 0.261231
-0.715531 -0.119142 0.216257
-0.794687 -0.012775 0.176708
-0.879286 0.056098 0.147353
-0.959123 0.079171 0.131734
-1.024569 0.053660 0.131734
-1.067730 -0.017357 0.147353
-1.083400 -0.125315 0.176708
-1.069690 -0.257192 0.216257
-1.028252 -0.397083 0.261231
-1.060739 -0.411514 0.255904
-0.985306 -0.565550 0.308774
-0.892252 -0.690592 0.355267
-0.792800 -0.771557 0.389775
-0.698946 -0.798681 0.408137
-0.622010 -0.768691 0.408137
-0.571271 -0.685205 0.389775
-0.552849 -0.558293 0.355267
-0.568967 -0.403262 0.308774
-0.617680 -0.238811 0.255904
-0.693113 -0.084775 0.203034
-0.786167 0.040266 0.156542
-0.885619 0.121232 0.122033
-0.979473 0.148355 0.103672
-1.056409 0.118366 0.103672
-1.107148 0.034880 0.122033
-1.125570 -0.092032 0.156542
-1.109452 -0.247063 0.203034
-1.060739 -0.411514 0.255904
-1.071476 -0.417660 0.250000
-0.992161 -0.579623 0.305591
-0.894318 -0.711099 0.354476
-0.789748 -0.796231 0.390760
-0.691064 -0.824751 0.410067
-0.610169 -0.793218 0.410067
-0.556819 -0.705436 0.390760
-0.537449 -0.571992 0.354476
-0.554397 -0.408983 0.305591
-0.605617 -0.236069 0.250000
-0.684931 -0.074106 0.194409
-0.782774 0.057371 0.145524
-0.887344 0.142503 0.109240
-0.986028 0.171022 0.089933
-1.066924 0.139489 0.089933
-1.120274 0.051707 0.109240
-1.139643 -0.081736 0.145524
-1.122696 -0.244746 0.194409
-1.071476 -0.417660 0.250000
-1.059412 -0.414918 0.244096
-0.983979 -0.568954 0.296966
-0.890925 -0.693995 0.343458
-0.791473 -0.774960 0.377967
-0.697619 -0.802084 0.396328
-0.620683 -0.772094 0.396328
-0.569944 -0.688609 0.377967
-0.551523 -0.561696 0.343458
-0.567641 -0.406665 0.296966
-0.616354 -0.242214 0.244096
-0.691786 -0.088178 0.191226
-0.784841 0.036863 0.144733
-0.884292 0.117828 0.110225
-0.978147 0.144952 0.091863
-1.055083 0.114962 0.091863
-1.105822 0.031477 0.110225
-1.124243 -0.095436 0.144733
-1.108125 -0.250467 0.191226
-1.059412 -0.414918 0.244096
-1.025728 -0.403556 0.238769
-0.961561 -0.534587 0.283743
-0.882405 -0.640954 0.323292
-0.797806 -0.709827 0.352647
-0.717969 -0.732900 0.368266
-0.652523 -0.707389 0.368266
-0.609362 -0.636372 0.352647
-0.593692 -0.528414 0.323292
-0.607403 -0.396536 0.283743
-0.648841 -0.256646 0.238769
-0.713007 -0.125615 0.193796
-0.792164 -0.019249 0.154246
-0.876763 0.049625 0.124892
-0.956600 0.072697 0.109273
-1.022046 0.047187 0.109273
-1.065207 -0.023831 0.124892
-1.080877 -0.131789 0.154246
-1.067166 -0.263666 0.193796
-1.025728 -0.403556 0.238769
-0.973722 -0.384688 0.234542
-0.927102 -0.479887 0.267218
-0.869591 -0.557167 0.295952
-0.808127 -0.607206 0.317279
-0.750122 -0.623970 0.328627
-0.702573 -0.605435 0.328627
-0.671214 -0.553838 0.317279
-0.659829 -0.475402 0.295952
-0.669791 -0.379587 0.267218
-0.699897 -0.277951 0.234542
-0.746517 -0.182752 0.201867
-0.804028 -0.105472 0.173133
-0.865492 -0.055433 0.151805
-0.923497 -0.038669 0.140457
-0.971047 -0.057204 0.140457
-1.002405 -0.108801 0.151805
-1.013790 -0.187237 0.173133
-1.003828 -0.283051 0.201867
-0.973722 -0.384688 0.234542
-0.908484 -0.360159 0.231828
-0.883974 -0.410208 0.249007
-0.853739 -0.450837 0.264113
-0.821425 -0.477144 0.275326
-0.790930 -0.485957 0.281292
-0.765932 -0.476213 0.281292
-0.749446 -0.449087 0.275326
-0.743461 -0.407850 0.264113
-0.748698 -0.357478 0.249007
-0.764526 -0.304044 0.231828
-0.789035 -0.253995 0.214650
-0.819270 -0.213367 0.199543
-0.851584 -0.187059 0.188331
-0.882079 -0.178246 0.182365
-0.907077 -0.187991 0.182365
-0.923563 -0.215117 0.188331
-0.929549 -0.256353 0.199543
-0.924312 -0.306726 0.214650
-0.908484 -0.360159 0.231828
-0.836400 -0.332371 0.230893
-0.836400 -0.332371 0.230893
-0.836400 -0.332371 0.230893
-0.836400 -0.332371 0.230893
-0.836400 -0.332371 0.230893
-0.836400 -0.332371 0.230893
-0.836400 -0.332371 0.230893
-0.836400 -0.332371 0.230893
-0.836400 -0.332371 0.230893
-0.836400 -0.332371 0.230893
-0.836400 -0.332371 0.230893
-0.836400 -0.332371 0.230893
-0.836400 -0.332371 0.230893
-0.836400 -0.332371 0.230893
-0.836400 -0.332371 0.230893
-0.836400 -0.332371 0.230893
-0.836400 -0.332371 0.230893
-0.836400 -0.332371 0.230893
-0.836400 -0.332371 0.230893
-0.491246 -0.754130 0.269107
-0.491246 -0.754130 0.269107
-0.491246 -0.754130 0.269107
-0.491246 -0.754130 0.269107
-0.491246 -0.754130 0.269107
-0.491246 -0.754130 0.269107
-0.491246 -0.754130 0.269107
-0.491246 -0.754130 0.269107
-0.491246 -0.754130 0.269107
-0.491246 -0.754130 0.269107
-0.491246 -0.754130 0.269107
-0.491246 -0.754130 0.269107
-0.491246 -0.754130 0.269107
-0.491246 -0.754130 0.269107
-0.491246 -0.754130 0.269107
-0.491246 -0.754130 0.269107
-0.491246 -0.754130 0.269107
-0.491246 -0.754130 0.269107
-0.491246 -0.754130 0.269107
-0.532743 -0.819294 0.268172
-0.483496 -0.845378 0.285350
-0.435154 -0.860476 0.300457
-0.393549 -0.862765 0.311669
-0.363698 -0.851970 0.317635
-0.349201 -0.829394 0.317635
-0.351808 -0.797758 0.311669
-0.371204 -0.760879 0.300457
-0.405049 -0.723205 0.285350
-0.449261 -0.689280 0.268172
-0.498508 -0.663195 0.250993
-0.546850 -0.648098 0.235887
-0.588455 -0.645808 0.224674
-0.618306 -0.656603 0.218708
-0.632803 -0.679180 0.218708
-0.630196 -0.710816 0.224674
-0.610800 -0.747695 0.235887
-0.576955 -0.785369 0.250993
-0.532743 -0.819294 0.268172
-0.569691 -0.878391 0.265458
-0.476018 -0.928007 0.298133
-0.384067 -0.956724 0.326867
-0.304929 -0.961078 0.348195
-0.248148 -0.940546 0.359543
-0.220575 -0.897602 0.359543
-0.225533 -0.837427 0.348195
-0.262426 -0.767279 0.326867
-0.326803 -0.695619 0.298133
-0.410900 -0.631089 0.265458
-0.504573 -0.581474 0.232782
-0.596524 -0.552757 0.204048
-0.675663 -0.548402 0.182721
-0.732443 -0.568935 0.171373
-0.760017 -0.611879 0.171373
-0.755058 -0.672053 0.182721
-0.718165 -0.742202 0.204048
-0.653788 -0.813862 0.232782
-0.569691 -0.878391 0.265458
-0.598474 -0.925638 0.261231
-0.469544 -0.993928 0.306204
-0.342984 -1.033453 0.345754
-0.234060 -1.039447 0.375108
-0.155908 -1.011186 0.390727
-0.117956 -0.952079 0.390727
-0.124781 -0.869256 0.375108
-0.175560 -0.772705 0.345754
-0.264168 -0.674073 0.306204
-0.379917 -0.585256 0.261231
-0.508847 -0.516966 0.216257
-0.635407 -0.477441 0.176708
-0.744331 -0.471447 0.147353
-0.822483 -0.499708 0.131734
-0.860435 -0.558815 0.131734
-0.853610 -0.641638 0.147353
-0.802831 -0.738189 0.176708
-0.714223 -0.836821 0.216257
-0.598474 -0.925638 0.261231
-0.616273 -0.956409 0.255904
-0.464707 -1.036688 0.308774
-0.315927 -1.083153 0.355267
-0.187879 -1.090199 0.389775
-0.096006 -1.056976 0.408137
-0.051391 -0.987492 0.408137
-0.059414 -0.890127 0.389775
-0.119108 -0.776625 0.355267
-0.223273 -0.660676 0.308774
-0.359344 -0.556265 0.255904
-0.510911 -0.475986 0.203034
-0.659691 -0.429521 0.156542
-0.787739 -0.422475 0.122033
-0.879612 -0.455698 0.103672
-0.924227 -0.525182 0.103672
-0.916204 -0.622547 0.122033
-0.856510 -0.736049 0.156542
-0.752345 -0.851998 0.203034
-0.616273 -0.956409 0.255904
-0.621348 -0.967692 0.250000
-0.461981 -1.052102 0.305591
-0.305545 -1.100958 0.354476
-0.170907 -1.108367 0.390760
-0.074306 -1.073435 0.410067
-0.027395 -1.000375 0.410067
-0.035831 -0.897999 0.390760
-0.098597 -0.778656 0.354476
-0.208122 -0.656740 0.305591
-0.351196 -0.546956 0.250000
-0.510563 -0.462545 0.194409
-0.666999 -0.413689 0.145524
-0.801637 -0.406281 0.109240
-0.898238 -0.441213 0.089933
-0.945149 -0.514273 0.089933
-0.936713 -0.616649 0.109240
-0.873947 -0.735992 0.145524
-0.764422 -0.857908 0.194409
-0.621348 -0.967692 0.250000
-0.613200 -0.958382 0.244096
-0.461633 -1.038662 0.296966
-0.312853 -1.085126 0.343458
-0.184805 -1.092173 0.377967
-0.092933 -1.058950 0.396328
-0.048317 -0.989466 0.396328
-0.056340 -0.892101 0.377967
-0.116034 -0.778599 0.343458
-0.220199 -0.662650 0.296966
-0.356271 -0.558239 0.244096
-0.507837 -0.477960 0.191226
-0.656617 -0.431495 0.144733
-0.784665 -0.424449 0.110225
-0.876538 -0.457671 0.091863
-0.921153 -0.527156 0.091863
-0.913130 -0.624520 0.110225
-0.853436 -0.738022 0.144733
-0.749271 -0.853971 0.191226
-0.613200 -0.958382 0.244096
-0.592627 -0.929392 0.238769
-0.463697 -0.997682 0.283743
-0.337137 -1.037207 0.323292
-0.228213 -1.043201 0.352647
-0.150062 -1.014940 0.368266
-0.112110 -0.955833 0.368266
-0.118934 -0.873010 0.352647
-0.169713 -0.776459 0.323292
-0.258321 -0.677827 0.283743
-0.374070 -0.589010 0.238769
-0.503000 -0.520720 0.193796
-0.629560 -0.481195 0.154246
-0.738485 -0.475201 0.124892
-0.816636 -0.503462 0.109273
-0.854588 -0.562569 0.109273
-0.847763 -0.645392 0.124892
-0.796984 -0.741943 0.154246
-0.708377 -0.840575 0.193796
-0.592627 -0.929392 0.238769
-0.561644 -0.883558 0.234542
-0.467971 -0.933174 0.267218
-0.376020 -0.961891 0.295952
-0.296881 -0.966245 0.317279
-0.240101 -0.945713 0.328627
-0.212527 -0.902769 0.328627
-0.217486 -0.842594 0.317279
-0.254379 -0.772446 0.295952
-0.318756 -0.700786 0.267218
-0.402853 -0.636256 0.234542
-0.496526 -0.586641 0.201867
-0.588477 -0.557924 0.173133
-0.667616 -0.553569 0.151805
-0.724396 -0.574102 0.140457
-0.751970 -0.617046 0.140457
-0.747011 -0.677221 0.151805
-0.710118 -0.747369 0.173133
-0.645741 -0.819029 0.201867
-0.561644 -0.883558 0.234542
-0.523283 -0.825368 0.231828
-0.474036 -0.851453 0.249007
-0.425694 -0.866550 0.264113
-0.384089 -0.868839 0.275326
-0.354238 -0.858045 0.281292
-0.339741 -0.835468 0.281292
-0.342348 -0.803832 0.275326
-0.361744 -0.766953 0.264113
-0.395589 -0.729279 0.249007
-0.439801 -0.695354 0.231828
-0.489048 -0.669269 0.214650
-0.537390 -0.654172 0.199543
-0.578995 -0.651883 0.188331
-0.608846 -0.662677 0.182365
-0.623343 -0.685254 0.182365
-0.620736 -0.716890 0.188331
-0.601340 -0.753769 0.199543
-0.567495 -0.791443 0.214650
-0.523283 -0.825368 0.231828
-0.481299 -0.760517 0.230893
-0.481299 -0.760517 0.230893
-0.481299 -0.760517 0.230893
-0.481299 -0.760517 0.230893
-0.481299 -0.760517 0.230893
-0.481299 -0.760517 0.230893
-0.481299 -0.760517 0.230893
-0.481299 -0.760517 0.230893
-0.481299 -0.760517 0.230893
-0.481299 -0.760517 0.230893
-0.481299 -0.760517 0.230893
-0.481299 -0.760517 0.230893
-0.481299 -0.760517 0.230893
-0.481299 -0.760517 0.230893
-0.481299 -0.760517 0.230893
-0.481299 -0.760517 0.230893
-0.481299 -0.760517 0.230893
-0.481299 -0.760517 0.230893
-0.481299 -0.760517 0.230893
0.045841 -0.898851 0.269107
0.045841 -0.898851 0.269107
0.045841 -0.898851 0.269107
0.045841 -0.898851 0.269107
0.045841 -0.898851 0.269107
0.045841 -0.898851 0.269107
0.045841 -0.898851 0.269107
0.045841 -0.898851 0.269107
0.045841 -0.898851 0.269107
0.045841 -0.898851 0.269107
0.045841 -0.898851 0.269107
0.045841 -0.898851 0.269107
0.045841 -0.898851 0.269107
0.045841 -0.898851 0.269107
0.045841 -0.898851 0.269107
0.045841 -0.898851 0.269107
0.045841 -0.898851 0.269107
0.045841 -0.898851 0.269107
0.045841 -0.898851 0.269107
0.050571 -0.975961 0.268172
0.105745 -0.968117 0.285350
0.153728 -0.951917 0.300457
0.188733 -0.929314 0.311669
0.206538 -0.903035 0.317635
0.204996 -0.876249 0.317635
0.184291 -0.852187 0.311669
0.146923 -0.833752 0.300457
0.097397 -0.823167 0.285350
0.041688 -0.821708 0.268172
-0.013485 -0.829552 0.250993
-0.061468 -0.845752 0.235887
-0.096474 -0.868355 0.224674
-0.114279 -0.894635 0.218708
-0.112736 -0.921420 0.218708
-0.092032 -0.945482 0.224674
-0.054664 -0.963917 0.235887
-0.005138 -0.974502 0.250993
0.050571 -0.975961 0.268172
0.055416 -1.045490 0.265458
0.160362 -1.030570 0.298133
0.251631 -0.999755 0.326867
0.318215 -0.956761 0.348195
0.352083 -0.906775 0.359543
0.349149 -0.855826 0.359543
0.309767 -0.810058 0.348195
0.238688 -0.774992 0.326867
0.144485 -0.754858 0.298133
0.038520 -0.752083 0.265458
-0.066427 -0.767003 0.232782
-0.157696 -0.797818 0.204048
-0.224280 -0.840811 0.182721
-0.258147 -0.890797 0.171373
-0.255213 -0.941747 0.171373
-0.215832 -0.987515 0.182721
-0.144753 -1.022581 0.204048
-0.050550 -1.042715 0.232782
0.055416 -1.045490 0.265458
0.059901 -1.100631 0.261231
0.204347 -1.080095 0.306204
0.329968 -1.037682 0.345754
0.421613 -0.978507 0.375108
0.468228 -0.909707 0.390727
0.464190 -0.839581 0.390727
0.409986 -0.776587 0.375108
0.312154 -0.728323 0.345754
0.182494 -0.700610 0.306204
0.036645 -0.696791 0.261231
-0.107801 -0.717327 0.216257
-0.233422 -0.759740 0.176708
-0.325067 -0.818916 0.147353
-0.371681 -0.887715 0.131734
-0.367643 -0.957841 0.131734
-0.313439 -1.020835 0.147353
-0.215608 -1.069099 0.176708
-0.085948 -1.096812 0.216257
0.059901 -1.100631 0.261231
0.063587 -1.135987 0.255904
0.233394 -1.111846 0.308774
0.381071 -1.061986 0.355267
0.488806 -0.992422 0.389775
0.543604 -0.911543 0.408137
0.538857 -0.829105 0.408137
0.475137 -0.755051 0.389775
0.360128 -0.698313 0.355267
0.207704 -0.665735 0.308774
0.036249 -0.661246 0.255904
-0.133558 -0.685387 0.203034
-0.281235 -0.735246 0.156542
-0.388970 -0.804811 0.122033
-0.443768 -0.885690 0.103672
-0.439021 -0.968128 0.103672
-0.375300 -1.042182 0.122033
-0.260292 -1.098920 0.156542
-0.107868 -1.131498 0.203034
0.063587 -1.135987 0.255904
0.066114 -1.148098 0.250000
0.244659 -1.122714 0.305591
0.399936 -1.070289 0.354476
0.513215 -0.997144 0.390760
0.570834 -0.912103 0.410067
0.565842 -0.825423 0.410067
0.498843 -0.747558 0.390760
0.377916 -0.687900 0.354476
0.217648 -0.653645 0.305591
0.037369 -0.648925 0.250000
-0.141177 -0.674308 0.194409
-0.296453 -0.726734 0.145524
-0.409732 -0.799879 0.109240
-0.467351 -0.884920 0.089933
-0.462359 -0.971600 0.089933
-0.395360 -1.049465 0.109240
-0.274433 -1.109123 0.145524
-0.114165 -1.143378 0.194409
0.066114 -1.148098 0.250000
0.067234 -1.135777 0.244096
0.237041 -1.111636 0.296966
0.384718 -1.061776 0.343458
0.492453 -0.992212 0.377967
0.547251 -0.911333 0.396328
0.542504 -0.828895 0.396328
0.478783 -0.754841 0.377967
0.363775 -0.698103 0.343458
0.211351 -0.665525 0.296966
0.039896 -0.661036 0.244096
-0.129911 -0.685177 0.191226
-0.277588 -0.735036 0.144733
-0.385323 -0.804601 0.110225
-0.440121 -0.885480 0.091863
-0.435374 -0.967918 0.091863
-0.371654 -1.041972 0.110225
-0.256646 -1.098710 0.144733
-0.104221 -1.131288 0.191226
0.067234 -1.135777 0.244096
0.066837 -1.100231 0.238769
0.211284 -1.079696 0.283743
0.336905 -1.037283 0.323292
0.428550 -0.978107 0.352647
0.475164 -0.909308 0.368266
0.471126 -0.839182 0.368266
0.416922 -0.776188 0.352647
0.319090 -0.727924 0.323292
0.189431 -0.700211 0.283743
0.043582 -0.696392 0.238769
-0.100864 -0.716928 0.193796
-0.226486 -0.759341 0.154246
-0.318130 -0.818516 0.124892
-0.364745 -0.887316 0.109273
-0.360707 -0.957442 0.109273
-0.306503 -1.020436 0.124892
-0.208671 -1.068700 0.154246
-0.079011 -1.096413 0.193796
0.066837 -1.100231 0.238769
0.064963 -1.044940 0.234542
0.169909 -1.030020 0.267218
0.261179 -0.999205 0.295952
0.327763 -0.956211 0.317279
0.361630 -0.906226 0.328627
0.358696 -0.855276 0.328627
0.319315 -0.809508 0.317279
0.248236 -0.774442 0.295952
0.154032 -0.754308 0.267218
0.048067 -0.751533 0.234542
-0.056879 -0.766453 0.201867
-0.148149 -0.797268 0.173133
-0.214732 -0.840262 0.151805
-0.248600 -0.890248 0.140457
-0.245666 -0.941197 0.140457
-0.206284 -0.986965 0.151805
-0.135205 -1.022031 0.173133
-0.041002 -1.042165 0.201867
0.064963 -1.044940 0.234542
0.061795 -0.975315 0.231828
0.116968 -0.967471 0.249007
0.164951 -0.951270 0.264113
0.199957 -0.928667 0.275326
0.217762 -0.902388 0.281292
0.216219 -0.875603 0.281292
0.195515 -0.851541 0.275326
0.158147 -0.833106 0.264113
0.108621 -0.822520 0.249007
0.052912 -0.821062 0.231828
-0.002262 -0.828906 0.214650
-0.050245 -0.845106 0.199543
-0.085250 -0.867709 0.188331
-0.103055 -0.893988 0.182365
-0.101513 -0.920774 0.182365
-0.080809 -0.944836 0.188331
-0.043440 -0.963271 0.199543
0.006085 -0.973856 0.214650
0.061795 -0.975315 0.231828
0.057642 -0.898172 0.230893
0.057642 -0.898172 0.230893
0.057642 -0.898172 0.230893
0.057642 -0.898172 0.230893
0.057642 -0.898172 0.230893
0.057642 -0.898172 0.230893
0.057642 -0.898172 0.230893
0.057642 -0.898172 0.230893
0.057642 -0.898172 0.230893
0.057642 -0.898172 0.230893
0.057642 -0.898172 0.230893
0.057642 -0.898172 0.230893
0.057642 -0.898172 0.230893
0.057642 -0.898172 0.230893
0.057642 -0.898172 0.230893
0.057642 -0.898172 0.230893
0.057642 -0.898172 0.230893
0.057642 -0.898172 0.230893
0.057642 -0.898172 0.230893
0.565417 -0.700241 0.269107
0.565417 -0.700241 0.269107
0.565417 -0.700241 0.269107
0.565417 -0.700241 0.269107
0.565417 -0.700241 0.269107
0.565417 -0.700241 0.269107
0.565417 -0.700241 0.269107
0.565417 -0.700241 0.269107
0.565417 -0.700241 0.269107
0.565417 -0.700241 0.269107
0.565417 -0.700241 0.269107
0.565417 -0.700241 0.269107
0.565417 -0.700241 0.269107
0.565417 -0.700241 0.269107
0.565417 -0.700241 0.269107
0.565417 -0.700241 0.269107
0.565417 -0.700241 0.269107
0.565417 -0.700241 0.269107
0.565417 -0.700241 0.269107
0.614568 -0.759844 0.268172
0.654594 -0.721068 0.285350
0.683891 -0.679758 0.300457
0.698925 -0.640896 0.311669
0.697883 -0.609170 0.317635
0.680891 -0.588407 0.317635
0.649998 -0.581110 0.311669
0.608930 -0.588160 0.300457
0.562642 -0.608707 0.285350
0.516714 -0.640272 0.268172
0.476689 -0.679048 0.250993
0.447392 -0.720358 0.235887
0.432358 -0.759220 0.224674
0.433400 -0.790946 0.218708
0.450392 -0.811709 0.218708
0.481285 -0.819006 0.224674
0.522352 -0.811956 0.235887
0.568641 -0.791409 0.250993
0.614568 -0.759844 0.268172
0.659356 -0.813246 0.265458
0.735489 -0.739490 0.298133
0.791215 -0.660913 0.326867
0.819812 -0.586994 0.348195
0.817830 -0.526648 0.359543
0.785509 -0.487153 0.359543
0.726747 -0.473274 0.348195
0.648632 -0.486684 0.326867
0.560585 -0.525766 0.298133
0.473226 -0.585807 0.265458
0.397093 -0.659563 0.232782
0.341367 -0.738140 0.204048
0.312770 -0.812059 0.182721
0.314752 -0.872405 0.171373
0.347073 -0.911900 0.171373
0.405835 -0.925779 0.182721
0.483950 -0.912369 0.204048
0.571997 -0.873286 0.232782
0.659356 -0.813246 0.265458
0.695395 -0.855220 0.261231
0.800184 -0.753703 0.306204
0.876884 -0.645552 0.345754
0.916244 -0.543811 0.375108
0.913517 -0.460751 0.390727
0.869031 -0.406392 0.390727
0.788152 -0.387289 0.375108
0.680635 -0.405746 0.345754
0.559449 -0.459538 0.306204
0.439211 -0.542176 0.261231
0.334422 -0.643694 0.216257
0.257722 -0.751845 0.176708
0.218362 -0.853586 0.147353
0.221089 -0.936646 0.131734
0.265575 -0.991005 0.131734
0.346454 -1.010108 0.147353
0.453971 -0.991650 0.176708
0.575157 -0.937859 0.216257
0.695395 -0.855220 0.261231
0.719160 -0.881657 0.255904
0.842346 -0.762317 0.308774
0.932513 -0.635177 0.355267
0.978783 -0.515573 0.389775
0.975577 -0.417931 0.408137
0.923280 -0.354028 0.408137
0.828201 -0.331571 0.389775
0.701808 -0.353269 0.355267
0.559345 -0.416505 0.308774
0.417996 -0.513652 0.255904
0.294810 -0.632993 0.203034
0.204643 -0.760133 0.156542
0.158373 -0.879736 0.122033
0.161579 -0.977379 0.103672
0.213876 -1.041282 0.103672
0.308955 -1.063739 0.122033
0.435348 -1.042041 0.156542
0.577811 -0.978804 0.203034
0.719160 -0.881657 0.255904
0.728322 -0.889970 0.250000
0.857849 -0.764488 0.305591
0.952655 -0.630805 0.354476
1.001307 -0.505046 0.390760
0.997935 -0.402379 0.410067
0.942947 -0.335187 0.410067
0.842976 -0.311575 0.390760
0.710078 -0.334389 0.354476
0.560284 -0.400880 0.305591
0.411661 -0.503026 0.250000
0.282134 -0.628508 0.194409
0.187328 -0.762191 0.145524
0.138676 -0.887950 0.109240
0.142048 -0.990617 0.089933
0.197036 -1.057809 0.089933
0.297007 -1.081422 0.109240
0.429905 -1.058607 0.145524
0.579699 -0.992116 0.194409
0.728322 -0.889970 0.250000
0.721987 -0.879344 0.244096
0.845173 -0.760004 0.296966
0.935340 -0.632864 0.343458
0.981610 -0.513260 0.377967
0.978403 -0.415618 0.396328
0.926107 -0.351714 0.396328
0.831028 -0.329257 0.377967
0.704635 -0.350956 0.343458
0.562172 -0.414192 0.296966
0.420823 -0.511339 0.244096
0.297636 -0.630679 0.191226
0.207470 -0.757819 0.144733
0.161200 -0.877423 0.110225
0.164406 -0.975065 0.091863
0.216703 -1.038969 0.091863
0.311782 -1.061426 0.110225
0.438175 -1.039727 0.144733
0.580638 -0.976491 0.191226
0.721987 -0.879344 0.244096
0.700772 -0.850820 0.238769
0.805561 -0.749303 0.283743
0.882261 -0.641151 0.323292
0.921621 -0.539410 0.352647
0.918894 -0.456351 0.368266
0.874408 -0.401991 0.368266
0.793529 -0.382888 0.352647
0.686012 -0.401346 0.323292
0.564826 -0.455138 0.283743
0.444588 -0.537776 0.238769
0.339799 -0.639293 0.193796
0.263099 -0.747445 0.154246
0.223739 -0.849186 0.124892
0.226466 -0.932245 0.109273
0.270952 -0.986605 0.109273
0.351831 -1.005708 0.124892
0.459348 -0.987250 0.154246
0.580534 -0.933458 0.193796
0.700772 -0.850820 0.238769
0.666757 -0.807190 0.234542
0.742890 -0.733433 0.267218
0.798616 -0.654857 0.295952
0.827213 -0.580937 0.317279
0.825231 -0.520591 0.328627
0.792910 -0.481097 0.328627
0.734148 -0.467217 0.317279
0.656033 -0.480628 0.295952
0.567986 -0.519710 0.267218
0.480627 -0.579750 0.234542
0.404494 -0.653507 0.201867
0.348768 -0.732083 0.173133
0.320171 -0.806002 0.151805
0.322153 -0.866349 0.140457
0.354474 -0.905843 0.140457
0.413236 -0.919722 0.151805
0.491351 -0.906312 0.173133
0.579398 -0.867230 0.201867
0.666757 -0.807190 0.234542
0.623269 -0.752724 0.231828
0.663294 -0.713948 0.249007
0.692591 -0.672638 0.264113
0.707625 -0.633776 0.275326
0.706583 -0.602050 0.281292
0.689591 -0.581287 0.281292
0.658698 -0.573990 0.275326
0.617631 -0.581040 0.264113
0.571342 -0.601587 0.249007
0.525415 -0.633152 0.231828
0.485389 -0.671928 0.214650
0.456092 -0.713238 0.199543
0.441058 -0.752100 0.188331
0.442100 -0.783826 0.182365
0.459092 -0.804589 0.182365
0.489985 -0.811886 0.188331
0.531053 -0.804836 0.199543
0.577341 -0.784289 0.214650
0.623269 -0.752724 0.231828
0.574565 -0.692755 0.230893
0.574565 -0.692755 0.230893
0.574565 -0.692755 0.230893
0.574565 -0.692755 0.230893
0.574565 -0.692755 0.230893
0.574565 -0.692755 0.230893
0.574565 -0.692755 0.230893
0.574565 -0.692755 0.230893
0.574565 -0.692755 0.230893
0.574565 -0.692755 0.230893
0.574565 -0.692755 0.230893
0.574565 -0.692755 0.230893
0.574565 -0.692755 0.230893
0.574565 -0.692755 0.230893
0.574565 -0.692755 0.230893
0.574565 -0.692755 0.230893
0.574565 -0.692755 0.230893
0.574565 -0.692755 0.230893
0.574565 -0.692755 0.230893
0.869024 -0.234163 0.269107
0.869024 -0.234163 0.269107
0.869024 -0.234163 0.269107
0.869024 -0.234163 0.269107
0.869024 -0.234163 0.269107
0.869024 -0.234163 0.269107
0.869024 -0.234163 0.269107
0.869024 -0.234163 0.269107
0.869024 -0.234163 0.269107
0.869024 -0.234163 0.269107
0.869024 -0.234163 0.269107
0.869024 -0.234163 0.269107
0.869024 -0.234163 0.269107
0.869024 -0.234163 0.269107
0.869024 -0.234163 0.269107
0.869024 -0.234163 0.269107
0.869024 -0.234163 0.269107
0.869024 -0.234163 0.269107
0.869024 -0.234163 0.269107
0.943821 -0.253493 0.268172
0.953411 -0.198596 0.285350
0.952831 -0.147955 0.300457
0.942152 -0.107678 0.311669
0.922661 -0.082624 0.317635
0.896709 -0.075813 0.317635
0.867428 -0.088069 0.311669
0.838347 -0.117911 0.300457
0.812976 -0.161742 0.285350
0.794373 -0.214274 0.268172
0.784784 -0.269171 0.250993
0.785364 -0.319812 0.235887
0.796043 -0.360088 0.224674
0.815534 -0.385143 0.218708
0.841485 -0.391953 0.218708
0.870767 -0.379698 0.224674
0.899848 -0.349855 0.235887
0.925219 -0.306025 0.250993
0.943821 -0.253493 0.268172
1.011444 -0.270371 0.265458
1.029685 -0.165950 0.298133
1.028581 -0.069625 0.326867
1.008268 0.006985 0.348195
0.971194 0.054641 0.359543
0.921832 0.067595 0.359543
0.866134 0.044284 0.348195
0.810820 -0.012480 0.326867
0.762561 -0.095850 0.298133
0.727177 -0.195772 0.265458
0.708936 -0.300192 0.232782
0.710039 -0.396517 0.204048
0.730353 -0.473128 0.182721
0.767427 -0.520784 0.171373
0.816789 -0.533738 0.171373
0.872487 -0.510427 0.182721
0.927801 -0.453663 0.204048
0.976060 -0.370292 0.232782
1.011444 -0.270371 0.265458
1.065273 -0.283145 0.261231
1.090378 -0.139422 0.306204
1.088860 -0.006843 0.345754
1.060901 0.098603 0.375108
1.009873 0.164196 0.390727
0.941931 0.182026 0.390727
0.865271 0.149941 0.375108
0.789137 0.071812 0.345754
0.722714 -0.042938 0.306204
0.674012 -0.180469 0.261231
0.648906 -0.324191 0.216257
0.650425 -0.456770 0.176708
0.678384 -0.562216 0.147353
0.729412 -0.627809 0.131734
0.797353 -0.645639 0.131734
0.874014 -0.613554 0.147353
0.950148 -0.535425 0.176708
1.016571 -0.420675 0.216257
1.065273 -0.283145 0.261231
1.100038 -0.290564 0.255904
1.129551 -0.121609 0.308774
1.127766 0.034248 0.355267
1.094898 0.158207 0.389775
1.034912 0.235316 0.408137
0.955042 0.256276 0.408137
0.864921 0.218558 0.389775
0.775421 0.126712 0.355267
0.697336 -0.008185 0.308774
0.640083 -0.169861 0.255904
0.610570 -0.338817 0.203034
0.612355 -0.494674 0.156542
0.645223 -0.618632 0.122033
0.705209 -0.695742 0.103672
0.785080 -0.716702 0.103672
0.875200 -0.678984 0.122033
0.964700 -0.587138 0.156542
1.042785 -0.452241 0.203034
1.100038 -0.290564 0.255904
1.112336 -0.291904 0.250000
1.143369 -0.114253 0.305591
1.141492 0.049624 0.354476
1.106933 0.179962 0.390760
1.043859 0.261040 0.410067
0.959878 0.283078 0.410067
0.865120 0.243419 0.390760
0.771014 0.146847 0.354476
0.688910 0.005008 0.305591
0.628712 -0.164989 0.250000
0.597679 -0.342640 0.194409
0.599556 -0.506517 0.145524
0.634116 -0.636855 0.109240
0.697189 -0.717933 0.089933
0.781170 -0.739971 0.089933
0.875928 -0.700312 0.109240
0.970034 -0.603739 0.145524
1.052138 -0.461900 0.194409
1.112336 -0.291904 0.250000
1.100965 -0.287031 0.244096
1.130478 -0.118075 0.296966
1.128694 0.037781 0.343458
1.095826 0.161740 0.377967
1.035839 0.238849 0.396328
0.955969 0.259809 0.396328
0.865849 0.222091 0.377967
0.776348 0.130245 0.343458
0.698263 -0.004652 0.296966
0.641011 -0.166328 0.244096
0.611497 -0.335284 0.191226
0.613282 -0.491141 0.144733
0.646150 -0.615099 0.110225
0.706137 -0.692209 0.091863
0.786007 -0.713169 0.091863
0.876127 -0.675451 0.110225
0.965627 -0.583604 0.144733
1.043713 -0.448708 0.191226
1.100965 -0.287031 0.244096
1.067036 -0.276424 0.238769
1.092142 -0.132702 0.283743
1.090624 -0.000122 0.323292
1.062665 0.105323 0.352647
1.011637 0.170917 0.368266
0.943695 0.188746 0.368266
0.867034 0.156661 0.352647
0.790901 0.078532 0.323292
0.724477 -0.036218 0.283743
0.675776 -0.173748 0.238769
0.650670 -0.317470 0.193796
0.652188 -0.450050 0.154246
0.680147 -0.555495 0.124892
0.731175 -0.621089 0.109273
0.799117 -0.638918 0.109273
0.875778 -0.606833 0.124892
0.951911 -0.528704 0.154246
1.018335 -0.413954 0.193796
1.067036 -0.276424 0.238769
1.013872 -0.261121 0.234542
1.032112 -0.156700 0.267218
1.031009 -0.060375 0.295952
1.010695 0.016235 0.317279
0.973622 0.063892 0.328627
0.924259 0.076845 0.328627
0.868562 0.053534 0.317279
0.813247 -0.003230 0.295952
0.764988 -0.086600 0.267218
0.729604 -0.186522 0.234542
0.711364 -0.290942 0.201867
0.712467 -0.387267 0.173133
0.732780 -0.463878 0.151805
0.769854 -0.511534 0.140457
0.819217 -0.524488 0.140457
0.874914 -0.501177 0.151805
0.930228 -0.444413 0.173133
0.978488 -0.361042 0.201867
1.013872 -0.261121 0.234542
0.946675 -0.242619 0.231828
0.956265 -0.187722 0.249007
0.955685 -0.137081 0.264113
0.945005 -0.096804 0.275326
0.925514 -0.071750 0.281292
0.899563 -0.064939 0.281292
0.870281 -0.077195 0.275326
0.841201 -0.107037 0.264113
0.815829 -0.150868 0.249007
0.797227 -0.203400 0.231828
0.787637 -0.258297 0.214650
0.788217 -0.308938 0.199543
0.798897 -0.349214 0.188331
0.818388 -0.374269 0.182365
0.844339 -0.381079 0.182365
0.873621 -0.368824 0.188331
0.902701 -0.338981 0.199543
0.928073 -0.295151 0.214650
0.946675 -0.242619 0.231828
0.872024 -0.222729 0.230893
0.872024 -0.222729 0.230893
0.872024 -0.222729 0.230893
0.872024 -0.222729 0.230893
0.872024 -0.222729 0.230893
0.872024 -0.222729 0.230893
0.872024 -0.222729 0.230893
0.872024 -0.222729 0.230893
0.872024 -0.222729 0.230893
0.872024 -0.222729 0.230893
0.872024 -0.222729 0.230893
0.872024 -0.222729 0.230893
0.872024 -0.222729 0.230893
0.872024 -0.222729 0.230893
0.872024 -0.222729 0.230893
0.872024 -0.222729 0.230893
0.872024 -0.222729 0.230893
0.872024 -0.222729 0.230893
0.872024 -0.222729 0.230893
0.840693 0.321358 0.269107
0.840693 0.321358 0.269107
0.840693 0.321358 0.269107
0.840693 0.321358 0.269107
0.840693 0.321358 0.269107
0.840693 0.321358 0.269107
0.840693 0.321358 0.269107
0.840693 0.321358 0.269107
0.840693 0.321358 0.269107
0.840693 0.321358 0.269107
0.840693 0.321358 0.269107
0.840693 0.321358 0.269107
0.840693 0.321358 0.269107
0.840693 0.321358 0.269107
0.840693 0.321358 0.269107
0.840693 0.321358 0.269107
0.840693 0.321358 0.269107
0.840693 0.321358 0.269107
0.840693 0.321358 0.269107
0.912567 0.349684 0.268172
0.888057 0.399734 0.285350
0.857822 0.440362 0.300457
0.825508 0.466669 0.311669
0.795013 0.475482 0.317635
0.770015 0.465738 0.317635
0.753529 0.438612 0.311669
0.747544 0.397376 0.300457
0.752781 0.347003 0.285350
0.768609 0.293570 0.268172
0.793118 0.243520 0.250993
0.823353 0.202892 0.235887
0.855667 0.176585 0.224674
0.886162 0.167772 0.218708
0.911160 0.177516 0.218708
0.927646 0.204642 0.224674
0.933632 0.245878 0.235887
0.928395 0.296251 0.250993
0.912567 0.349684 0.268172
0.977195 0.375778 0.265458
0.930575 0.470977 0.298133
0.873065 0.548257 0.326867
0.811600 0.598296 0.348195
0.753595 0.615059 0.359543
0.706046 0.596525 0.359543
0.674688 0.544928 0.348195
0.663303 0.466492 0.326867
0.673264 0.370677 0.298133
0.703370 0.269041 0.265458
0.749990 0.173842 0.232782
0.807501 0.096562 0.204048
0.868965 0.046522 0.182721
0.926971 0.029759 0.171373
0.974520 0.048294 0.171373
1.005878 0.099891 0.182721
1.017263 0.178327 0.204048
1.007302 0.274141 0.232782
0.977195 0.375778 0.265458
1.028252 0.397083 0.261231
0.964085 0.528113 0.306204
0.884928 0.634480 0.345754
0.800330 0.703353 0.375108
0.720492 0.726426 0.390727
0.655047 0.700915 0.390727
0.611886 0.629898 0.375108
0.596215 0.521940 0.345754
0.609926 0.390063 0.306204
0.651364 0.250172 0.261231
0.715531 0.119142 0.216257
0.794687 0.012775 0.176708
0.879286 -0.056098 0.147353
0.959123 -0.079171 0.131734
1.024569 -0.053660 0.131734
1.067730 0.017357 0.147353
1.083400 0.125315 0.176708
1.069690 0.257192 0.216257
1.028252 0.397083 0.261231
1.060739 0.411514 0.255904
0.985306 0.565550 0.308774
0.892252 0.690592 0.355267
0.792800 0.771557 0.389775
0.698946 0.798681 0.408137
0.622010 0.768691 0.408137
0.571271 0.685205 0.389775
0.552849 0.558293 0.355267
0.568967 0.403262 0.308774
0.617680 0.238811 0.255904
0.693113 0.084775 0.203034
0.786167 -0.040266 0.156542
0.885619 -0.121232 0.122033
0.979473 -0.148355 0.103672
1.056409 -0.118366 0.103672
1.107148 -0.034880 0.122033
1.125570 0.092032 0.156542
1.109452 0.247063 0.203034
1.060739 0.411514 0.255904
1.071476 0.417660 0.250000
0.992161 0.579623 0.305591
0.894318 0.711099 0.354476
0.789748 0.796231 0.390760
0.691064 0.824751 0.410067
0.610169 0.793218 0.410067
0.556819 0.705436 0.390760
0.537449 0.571992 0.354476
0.554397 0.408983 0.305591
0.605617 0.236069 0.250000
0.684931 0.074106 0.194409
0.782774 -0.057371 0.145524
0.887344 -0.142503 0.109240
0.986028 -0.171022 0.089933
1.066924 -0.139489 0.089933
1.120274 -0.051707 0.109240
1.139643 0.081736 0.145524
1.122696 0.244746 0.194409
1.071476 0.417660 0.250000
1.059412 0.414918 0.244096
0.983979 0.568954 0.296966
0.890925 0.693995 0.343458
0.791473 0.774960 0.377967
0.697619 0.802084 0.396328
0.620683 0.772094 0.396328
0.569944 0.688609 0.377967
0.551523 0.561696 0.343458
0.567641 0.406665 0.296966
0.616354 0.242214 0.244096
0.691786 0.088178 0.191226
0.784841 -0.036863 0.144733
0.884292 -0.117828 0.110225
0.978147 -0.144952 0.091863
1.055083 -0.114962 0.091863
1.105822 -0.031477 0.110225
1.124243 0.095436 0.144733
1.108125 0.250467 0.191226
1.059412 0.414918 0.244096
1.025728 0.403556 0.238769
0.961561 0.534587 0.283743
0.882405 0.640954 0.323292
0.797806 0.709827 0.352647
0.717969 0.732900 0.368266
0.652523 0.707389 0.368266
0.609362 0.636372 0.352647
0.593692 0.528414 0.323292
0.607403 0.396536 0.283743
0.648841 0.256646 0.238769
0.713007 0.125615 0.193796
0.792164 0.019249 0.154246
0.876763 -0.049625 0.124892
0.956600 -0.072697 0.109273
1.022046 -0.047187 0.109273
1.065207 0.023831 0.124892
1.080877 0.131789 0.154246
1.067166 0.263666 0.193796
1.025728 0.403556 0.238769
0.973722 0.384688 0.234542
0.927102 0.479887 0.267218
0.869591 0.557167 0.295952
0.808127 0.607206 0.317279
0.750122 0.623970 0.328627
0.702573 0.605435 0.328627
0.671214 0.553838 0.317279
0.659829 0.475402 0.295952
0.669791 0.379587 0.267218
0.699897 0.277951 0.234542
0.746517 0.182752 0.201867
0.804028 0.105472 0.173133
0.865492 0.055433 0.151805
0.923497 0.038669 0.140457
0.971047 0.057204 0.140457
1.002405 0.108801 0.151805
1.013790 0.187237 0.173133
1.003828 0.283051 0.201867
0.973722 0.384688 0.234542
0.908484 0.360159 0.231828
0.883974 0.410208 0.249007
0.853739 0.450837 0.264113
0.821425 0.477144 0.275326
0.790930 0.485957 0.281292
0.765932 0.476213 0.281292
0.749446 0.449087 0.275326
0.743461 0.407850 0.264113
0.748698 0.357478 0.249007
0.764526 0.304044 0.231828
0.789035 0.253995 0.214650
0.819270 0.213367 0.199543
0.851584 0.187059 0.188331
0.882079 0.178246 0.182365
0.907077 0.187991 0.182365
0.923563 0.215117 0.188331
0.929549 0.256353 0.199543
0.924312 0.306726 0.214650
0.908484 0.360159 0.231828
0.836400 0.332371 0.230893
0.836400 0.332371 0.230893
0.836400 0.332371 0.230893
0.836400 0.332371 0.230893
0.836400 0.332371 0.230893
0.836400 0.332371 0.230893
0.836400 0.332371 0.230893
0.836400 0.332371 0.230893
0.836400 0.332371 0.230893
0.836400 0.332371 0.230893
0.836400 0.332371 0.230893
0.836400 0.332371 0.230893
0.836400 0.332371 0.230893
0.836400 0.332371 0.230893
0.836400 0.332371 0.230893
0.836400 0.332371 0.230893
0.836400 0.332371 0.230893
0.836400 0.332371 0.230893
0.836400 0.332371 0.230893
0.000000 0.000000 0.050000
0.000000 0.000000 0.050000
0.000000 0.000000 0.050000
0.000000 0.000000 0.050000
0.000000 0.000000 0.050000
0.000000 0.000000 0.050000
-0.000000 0.000000 0.050000
-0.000000 0.000000 0.050000
-0.000000 0.000000 0.050000
-0.000000 0.000000 0.050000
-0.000000 0.000000 0.050000
-0.000000 -0.000000 0.050000
-0.000000 -0.000000 0.050000
-0.000000 -0.000000 0.050000
-0.000000 -0.000000 0.050000
-0.000000 -0.000000 0.050000
0.000000 -0.000000 0.050000
0.000000 -0.000000 0.050000
0.000000 -0.000000 0.050000
0.000000 -0.000000 0.050000
0.046353 0.000000 0.057342
0.044084 0.014324 0.057342
0.037500 0.027245 0.057342
0.027245 0.037500 0.057342
0.014324 0.044084 0.057342
0.000000 0.046353 0.057342
-0.014324 0.044084 0.057342
-0.027245 0.037500 0.057342
-0.037500 0.027245 0.057342
-0.044084 0.014324 0.057342
-0.046353 0.000000 0.057342
-0.044084 -0.014324 0.057342
-0.037500 -0.027245 0.057342
-0.027245 -0.037500 0.057342
-0.014324 -0.044084 0.057342
-0.000000 -0.046353 0.057342
0.014324 -0.044084 0.057342
0.027245 -0.037500 0.057342
0.037500 -0.027245 0.057342
0.044084 -0.014324 0.057342
0.088168 0.000000 0.078647
0.083853 0.027245 0.078647
0.071329 0.051824 0.078647
0.051824 0.071329 0.078647
0.027245 0.083853 0.078647
0.000000 0.088168 0.078647
-0.027245 0.083853 0.078647
-0.051824 0.071329 0.078647
-0.071329 0.051824 0.078647
-0.083853 0.027245 0.078647
-0.088168 0.000000 0.078647
-0.083853 -0.027245 0.078647
-0.071329 -0.051824 0.078647
-0.051824 -0.071329 0.078647
-0.027245 -0.083853 0.078647
-0.000000 -0.088168 0.078647
0.027245 -0.083853 0.078647
0.051824 -0.071329 0.078647
0.071329 -0.051824 0.078647
0.083853 -0.027245 0.078647
0.121353 0.000000 0.111832
0.115413 0.037500 0.111832
0.098176 0.071329 0.111832
0.071329 0.098176 0.111832
0.037500 0.115413 0.111832
0.000000 0.121353 0.111832
-0.037500 0.115413 0.111832
-0.071329 0.098176 0.111832
-0.098176 0.071329 0.111832
-0.115413 0.037500 0.111832
-0.121353 0.000000 0.111832
-0.115413 -0.037500 0.111832
-0.098176 -0.071329 0.111832
-0.071329 -0.098176 0.111832
-0.037500 -0.115413 0.111832
-0.000000 -0.121353 0.111832
0.037500 -0.115413 0.111832
0.071329 -0.098176 0.111832
0.098176 -0.071329 0.111832
0.115413 -0.037500 0.111832
0.142658 0.000000 0.153647
0.135676 0.044084 0.153647
0.115413 0.083853 0.153647
0.083853 0.115413 0.153647
0.044084 0.135676 0.153647
0.000000 0.142658 0.153647
-0.044084 0.135676 0.153647
-0.083853 0.115413 0.153647
-0.115413 0.083853 0.153647
-0.135676 0.044084 0.153647
-0.142658 0.000000 0.153647
-0.135676 -0.044084 0.153647
-0.115413 -0.083853 0.153647
-0.083853 -0.115413 0.153647
-0.044084 -0.135676 0.153647
-0.000000 -0.142658 0.153647
0.044084 -0.135676 0.153647
0.083853 -0.115413 0.153647
0.115413 -0.083853 0.153647
0.135676 -0.044084 0.153647
0.150000 0.000000 0.200000
0.142658 0.046353 0.200000
0.121353 0.088168 0.200000
0.088168 0.121353 0.200000
0.046353 0.142658 0.200000
0.000000 0.150000 0.200000
-0.046353 0.142658 0.200000
-0.088168 0.121353 0.200000
-0.121353 0.088168 0.200000
-0.142658 0.046353 0.200000
-0.150000 0.000000 0.200000
-0.142658 -0.046353 0.200000
-0.121353 -0.088168 0.200000
-0.088168 -0.121353 0.200000
-0.046353 -0.142658 0.200000
-0.000000 -0.150000 0.200000
0.046353 -0.142658 0.200000
0.088168 -0.121353 0.200000
0.121353 -0.088168 0.200000
0.142658 -0.046353 0.200000
0.142658 0.000000 0.246353
0.135676 0.044084 0.246353
0.115413 0.083853 0.246353
0.083853 0.115413 0.246353
0.044084 0.135676 0.246353
0.000000 0.142658 0.246353
-0.044084 0.135676 0.246353
-0.083853 0.115413 0.246353
-0.115413 0.083853 0.246353
-0.135676 0.044084 0.246353
-0.142658 0.000000 0.246353
-0.135676 -0.044084 0.246353
-0.115413 -0.083853 0.246353
-0.083853 -0.115413 0.246353
-0.044084 -0.135676 0.246353
-0.000000 -0.142658 0.246353
0.044084 -0.135676 0.246353
0.083853 -0.115413 0.246353
0.115413 -0.083853 0.246353
0.135676 -0.044084 0.246353
0.121353 0.000000 0.288168
0.115413 0.037500 0.288168
0.098176 0.071329 0.288168
0.071329 0.098176 0.288168
0.037500 0.115413 0.288168
0.000000 0.121353 0.288168
-0.037500 0.115413 0.288168
-0.071329 0.098176 0.288168
-0.098176 0.071329 0.288168
-0.115413 0.037500 0.288168
-0.121353 0.000000 0.288168
-0.115413 -0.037500 0.288168
-0.098176 -0.071329 0.288168
-0.071329 -0.098176 0.288168
-0.037500 -0.115413 0.288168
-0.000000 -0.121353 0.288168
0.037500 -0.115413 0.288168
0.071329 -0.098176 0.288168
0.098176 -0.071329 0.288168
0.115413 -0.037500 0.288168
0.088168 0.000000 0.321353
0.083853 0.027245 0.321353
0.071329 0.051824 0.321353
0.051824 0.071329 0.321353
0.027245 0.083853 0.321353
0.000000 0.088168 0.321353
-0.027245 0.083853 0.321353
-0.051824 0.071329 0.321353
-0.071329 0.051824 0.321353
-0.083853 0.027245 0.321353
-0.088168 0.000000 0.321353
-0.083853 -0.027245 0.321353
-0.071329 -0.051824 0.321353
-0.051824 -0.071329 0.321353
-0.027245 -0.083853 0.321353
-0.000000 -0.088168 0.321353
0.027245 -0.083853 0.321353
0.051824 -0.071329 0.321353
0.071329 -0.051824 0.321353
0.083853 -0.027245 0.321353
0.046353 0.000000 0.342658
0.044084 0.014324 0.342658
0.037500 0.027245 0.342658
0.027245 0.037500 0.342658
0.014324 0.044084 0.342658
0.000000 0.046353 0.342658
-0.014324 0.044084 0.342658
-0.027245 0.037500 0.342658
-0.037500 0.027245 0.342658
-0.044084 0.014324 0.342658
-0.046353 0.000000 0.342658
-0.044084 -0.014324 0.342658
-0.037500 -0.027245 0.342658
-0.027245 -0.037500 0.342658
-0.014324 -0.044084 0.342658
-0.000000 -0.046353 0.342658
0.014324 -0.044084 0.342658
0.027245 -0.037500 0.342658
0.037500 -0.027245 0.342658
0.044084 -0.014324 0.342658
0.000000 0.000000 0.350000
0.000000 0.000000 0.350000
0.000000 0.000000 0.350000
0.000000 0.000000 0.350000
0.000000 0.000000 0.350000
0.000000 0.000000 0.350000
-0.000000 0.000000 0.350000
-0.000000 0.000000 0.350000
-0.000000 0.000000 0.350000
-0.000000 0.000000 0.350000
-0.000000 0.000000 0.350000
-0.000000 -0.000000 0.350000
-0.000000 -0.000000 0.350000
-0.000000 -0.000000 0.350000
-0.000000 -0.000000 0.350000
-0.000000 -0.000000 0.350000
0.000000 -0.000000 0.350000
0.000000 -0.000000 0.350000
0.000000 -0.000000 0.350000
0.000000 -0.000000 0.350000
0.000000 0.050000 -1.000000
-0.017101 0.046985 -1.000000
-0.032139 0.038302 -1.000000
-0.043301 0.025000 -1.000000
-0.049240 0.008682 -1.000000
-0.049240 -0.008682 -1.000000
-0.043301 -0.025000 -1.000000
-0.032139 -0.038302 -1.000000
-0.017101 -0.046985 -1.000000
-0.000000 -0.050000 -1.000000
0.017101 -0.046985 -1.000000
0.032139 -0.038302 -1.000000
0.043301 -0.025000 -1.000000
0.049240 -0.008682 -1.000000
0.049240 0.008682 -1.000000
0.043301 0.025000 -1.000000
0.032139 0.038302 -1.000000
0.017101 0.046985 -1.000000
0.000000 0.050000 -0.912500
-0.017101 0.046985 -0.912500
-0.032139 0.038302 -0.912500
-0.043301 0.025000 -0.912500
-0.049240 0.008682 -0.912500
-0.049240 -0.008682 -0.912500
-0.043301 -0.025000 -0.912500
-0.032139 -0.038302 -0.912500
-0.017101 -0.046985 -0.912500
-0.000000 -0.050000 -0.912500
0.017101 -0.046985 -0.912500
0.032139 -0.038302 -0.912500
0.043301 -0.025000 -0.912500
0.049240 -0.008682 -0.912500
0.049240 0.008682 -0.912500
0.043301 0.025000 -0.912500
0.032139 0.038302 -0.912500
0.017101 0.046985 -0.912500
0.000000 0.050000 -0.825000
-0.017101 0.046985 -0.825000
-0.032139 0.038302 -0.825000
-0.043301 0.025000 -0.825000
-0.049240 0.008682 -0.825000
-0.049240 -0.008682 -0.825000
-0.043301 -0.025000 -0.825000
-0.032139 -0.038302 -0.825000
-0.017101 -0.046985 -0.825000
-0.000000 -0.050000 -0.825000
0.017101 -0.046985 -0.825000
0.032139 -0.038302 -0.825000
0.043301 -0.025000 -0.825000
0.049240 -0.008682 -0.825000
0.049240 0.008682 -0.825000
0.043301 0.025000 -0.825000
0.032139 0.038302 -0.825000
0.017101 0.046985 -0.825000
0.000000 0.050000 -0.737500
-0.017101 0.046985 -0.737500
-0.032139 0.038302 -0.737500
-0.043301 0.025000 -0.737500
-0.049240 0.008682 -0.737500
-0.049240 -0.008682 -0.737500
-0.043301 -0.025000 -0.737500
-0.032139 -0.038302 -0.737500
-0.017101 -0.046985 -0.737500
-0.000000 -0.050000 -0.737500
0.017101 -0.046985 -0.737500
0.032139 -0.038302 -0.737500
0.043301 -0.025000 -0.737500
0.049240 -0.008682 -0.737500
0.049240 0.008682 -0.737500
0.043301 0.025000 -0.737500
0.032139 0.038302 -0.737500
0.017101 0.046985 -0.737500
0.000000 0.050000 -0.650000
-0.017101 0.046985 -0.650000
-0.032139 0.038302 -0.650000
-0.043301 0.025000 -0.650000
-0.049240 0.008682 -0.650000
-0.049240 -0.008682 -0.650000
-0.043301 -0.025000 -0.650000
-0.032139 -0.038302 -0.650000
-0.017101 -0.046985 -0.650000
-0.000000 -0.050000 -0.650000
0.017101 -0.046985 -0.650000
0.032139 -0.038302 -0.650000
0.043301 -0.025000 -0.650000
0.049240 -0.008682 -0.650000
0.049240 0.008682 -0.650000
0.043301 0.025000 -0.650000
0.032139 0.038302 -0.650000
0.017101 0.046985 -0.650000
0.000000 0.050000 -0.562500
-0.017101 0.046985 -0.562500
-0.032139 0.038302 -0.562500
-0.043301 0.025000 -0.562500
-0.049240 0.008682 -0.562500
-0.049240 -0.008682 -0.562500
-0.043301 -0.025000 -0.562500
-0.032139 -0.038302 -0.562500
-0.017101 -0.046985 -0.562500
-0.000000 -0.050000 -0.562500
0.017101 -0.046985 -0.562500
0.032139 -0.038302 -0.562500
0.043301 -0.025000 -0.562500
0.049240 -0.008682 -0.562500
0.049240 0.008682 -0.562500
0.043301 0.025000 -0.562500
0.032139 0.038302 -0.562500
0.017101 0.046985 -0.562500
0.000000 0.050000 -0.475000
-0.017101 0.046985 -0.475000
-0.032139 0.038302 -0.475000
-0.043301 0.025000 -0.475000
-0.049240 0.008682 -0.475000
-0.049240 -0.008682 -0.475000
-0.043301 -0.025000 -0.475000
-0.032139 -0.038302 -0.475000
-0.017101 -0.046985 -0.475000
-0.000000 -0.050000 -0.475000
0.017101 -0.046985 -0.475000
0.032139 -0.038302 -0.475000
0.043301 -0.025000 -0.475000
0.049240 -0.008682 -0.475000
0.049240 0.008682 -0.475000
0.043301 0.025000 -0.475000
0.032139 0.038302 -0.475000
0.017101 0.046985 -0.475000
0.000000 0.050000 -0.387500
-0.017101 0.046985 -0.387500
-0.032139 0.038302 -0.387500
-0.043301 0.025000 -0.387500
-0.049240 0.008682 -0.387500
-0.049240 -0.008682 -0.387500
-0.043301 -0.025000 -0.387500
-0.032139 -0.038302 -0.387500
-0.017101 -0.046985 -0.387500
-0.000000 -0.050000 -0.387500
0.017101 -0.046985 -0.387500
0.032139 -0.038302 -0.387500
0.043301 -0.025000 -0.387500
0.049240 -0.008682 -0.387500
0.049240 0.008682 -0.387500
0.043301 0.025000 -0.387500
0.032139 0.038302 -0.387500
0.017101 0.046985 -0.387500
0.000000 0.050000 -0.300000
-0.017101 0.046985 -0.300000
-0.032139 0.038302 -0.300000
-0.043301 0.025000 -0.300000
-0.049240 0.008682 -0.300000
-0.049240 -0.008682 -0.300000
-0.043301 -0.025000 -0.300000
-0.032139 -0.038302 -0.300000
-0.017101 -0.046985 -0.300000
-0.000000 -0.050000 -0.300000
0.017101 -0.046985 -0.300000
0.032139 -0.038302 -0.300000
0.043301 -0.025000 -0.300000
0.049240 -0.008682 -0.300000
0.049240 0.008682 -0.300000
0.043301 0.025000 -0.300000
0.032139 0.038302 -0.300000
0.017101 0.046985 -0.300000
0.000000 0.000000 -1.000000
0.000000 0.000000 -0.300000
3 0 1 19
3 1 20 19
3 1 2 20
3 2 21 20
3 2 3 21
3 3 22 21
3 3 4 22
3 4 23 22
3 4 5 23
3 5 24 23
3 5 6 24
3 6 25 24
3 6 7 25
3 7 26 25
3 7 8 26
3 8 27 26
3 8 9 27
3 9 28 27
3 9 10 28
3 10 29 28
3 10 11 29
3 11 30 29
3 11 12 30
3 12 31 30
3 12 13 31
3 13 32 31
3 13 14 32
3 14 33 32
3 14 15 33
3 15 34 33
3 15 16 34
3 16 35 34
3 16 17 35
3 17 36 35
3 17 18 36
3 18 37 36
3 19 20 38
3 20 39 38
3 20 21 39
3 21 40 39
3 21 22 40
3 22 41 40
3 22 23 41
3 23 42 41
3 23 24 42
3 24 43 42
3 24 25 43
3 25 44 43
3 25 26 44
3 26 45 44
3 26 27 45
3 27 46 45
3 27 28 46
3 28 47 46
3 28 29 47
3 29 48 47
3 29 30 48
3 30 49 48
3 30 31 49
3 31 50 49
3 31 32 50
3 32 51 50
3 32 33 51
3 33 52 51
3 33 34 52
3 34 53 52
3 34 35 53
3 35 54 53
3 35 36 54
3 36 55 54
3 36 37 55
3 37 56 55
3 38 39 57
3 39 58 57
3 39 40 58
3 40 59 58
3 40 41 59
3 41 60 59
3 41 42 60
3 42 61 60
3 42 43 61
3 43 62 61
3 43 44 62
3 44 63 62
3 44 45 63
3 45 64 63
3 45 46 64
3 46 65 64
3 46 47 65
3 47 66 65
3 47 48 66
3 48 67 66
3 48 49 67
3 49 68 67
3 49 50 68
3 50 69 68
3 50 51 69
3 51 70 69
3 51 52 70
3 52 71 70
3 52 53 71
3 53 72 71
3 53 54 72
3 54 73 72
3 54 55 73
3 55 74 73
3 55 56 74
3 56 75 74
3 57 58 76
3 58 77 76
3 58 59 77
3 59 78 77
3 59 60 78
3 60 79 78
3 60 61 79
3 61 80 79
3 61 62 80
3 62 81 80
3 62 63 81
3 63 82 81
3 63 64 82
3 64 83 82
3 64 65 83
3 65 84 83
3 65 66 84
3 66 85 84
3 66 67 85
3 67 86 85
3 67 68 86
3 68 87 86
3 68 69 87
3 69 88 87
3 69 70 88
3 70 89 88
3 70 71 89
3 71 90 89
3 71 72 90
3 72 91 90
3 72 73 91
3 73 92 91
3 73 74 92
3 74 93 92
3 74 75 93
3 75 94 93
3 76 77 95
3 77 96 95
3 77 78 96
3 78 97 96
3 78 79 97
3 79 98 97
3 79 80 98
3 80 99 98
3 80 81 99
3 81 100 99
3 81 82 100
3 82 101 100
3 82 83 101
3 83 102 101
3 83 84 102
3 84 103 102
3 84 85 103
3 85 104 103
3 85 86 104
3 86 105 104
3 86 87 105
3 87 106 105
3 87 88 106
3 88 107 106
3 88 89 107
3 89 108 107
3 89 90 108
3 90 109 108
3 90 91 109
3 91 110 109
3 91 92 110
3 92 111 110
3 92 93 111
3 93 112 111
3 93 94 112
3 94 113 112
3 95 96 114
3 96 115 114
3 96 97 115
3 97 116 115
3 97 98 116
3 98 117 116
3 98 99 117
3 99 118 117
3 99 100 118
3 100 119 118
3 100 101 119
3 101 120 119
3 101 102 120
3 102 121 120
3 102 103 121
3 103 122 121
3 103 104 122
3 104 123 122
3 104 105 123
3 105 124 123
3 105 106 124
3 106 125 124
3 106 107 125
3 107 126 125
3 107 108 126
3 108 127 126
3 108 109 127
3 109 128 127
3 109 110 128
3 110 129 128
3 110 111 129
3 111 130 129
3 111 112 130
3 112 131 130
3 112 113 131
3 113 132 131
3 114 115 133
3 115 134 133
3 115 116 134
3 116 135 134
3 116 117 135
3 117 136 135
3 117 118 136
3 118 137 136
3 118 119 137
3 119 138 137
3 119 120 138
3 120 139 138
3 120 121 139
3 121 140 139
3 121 122 140
3 122 141 140
3 122 123 141
3 123 142 141
3 123 124 142
3 124 143 142
3 124 125 143
3 125 144 143
3 125 126 144
3 126 145 144
3 126 127 145
3 127 146 145
3 127 128 146
3 128 147 146
3 128 129 147
3 129 148 147
3 129 130 148
3 130 149 148
3 130 131 149
3 131 150 149
3 131 132 150
3 132 151 150
3 133 134 152
3 134 153 152
3 134 135 153
3 135 154 153
3 135 136 154
3 136 155 154
3 136 137 155
3 137 156 155
3 137 138 156
3 138 157 156
3 138 139 157
3 139 158 157
3 139 140 158
3 140 159 158
3 140 141 159
3 141 160 159
3 141 142 160
3 142 161 160
3 142 143 161
3 143 162 161
3 143 144 162
3 144 163 162
3 144 145 163
3 145 164 163
3 145 146 164
3 146 165 164
3 146 147 165
3 147 166 165
3 147 148 166
3 148 167 166
3 148 149 167
3 149 168 167
3 149 150 168
3 150 169 168
3 150 151 169
3 151 170 169
3 152 153 171
3 153 172 171
3 153 154 172
3 154 173 172
3 154 155 173
3 155 174 173
3 155 156 174
3 156 175 174
3 156 157 175
3 157 176 175
3 157 158 176
3 158 177 176
3 158 159 177
3 159 178 177
3 159 160 178
3 160 179 178
3 160 161 179
3 161 180 179
3 161 162 180
3 162 181 180
3 162 163 181
3 163 182 181
3 163 164 182
3 164 183 182
3 164 165 183
3 165 184 183
3 165 166 184
3 166 185 184
3 166 167 185
3 167 186 185
3 167 168 186
3 168 187 186
3 168 169 187
3 169 188 187
3 169 170 188
3 170 189 188
3 171 172 190
3 172 191 190
3 172 173 191
3 173 192 191
3 173 174 192
3 174 193 192
3 174 175 193
3 175 194 193
3 175 176 194
3 176 195 194
3 176 177 195
3 177 196 195
3 177 178 196
3 178 197 196
3 178 179 197
3 179 198 197
3 179 180 198
3 180 199 198
3 180 181 199
3 181 200 199
3 181 182 200
3 182 201 200
3 182 183 201
3 183 202 201
3 183 184 202
3 184 203 202
3 184 185 203
3 185 204 203
3 185 186 204
3 186 205 204
3 186 187 205
3 187 206 205
3 187 188 206
3 188 207 206
3 188 189 207
3 189 208 207
3 209 210 228
3 210 229 228
3 210 211 229
3 211 230 229
3 211 212 230
3 212 231 230
3 212 213 231
3 213 232 231
3 213 214 232
3 214 233 232
3 214 215 233
3 215 234 233
3 215 216 234
3 216 235 234
3 216 217 235
3 217 236 235
3 217 218 236
3 218 237 236
3 218 219 237
3 219 238 237
3 219 220 238
3 220 239 238
3 220 221 239
3 221 240 239
3 221 222 240
3 222 241 240
3 222 223 241
3 223 242 241
3 223 224 242
3 224 243 242
3 224 225 243
3 225 244 243
3 225 226 244
3 226 245 244
3 226 227 245
3 227 246 245
3 228 229 247
3 229 248 247
3 229 230 248
3 230 249 248
3 230 231 249
3 231 250 249
3 231 232 250
3 232 251 250
3 232 233 251
3 233 252 251
3 233 234 252
3 234 253 252
3 234 235 253
3 235 254 253
3 235 236 254
3 236 255 254
3 236 237 255
3 237 256 255
3 237 238 256
3 238 257 256
3 238 239 257
3 239 258 257
3 239 240 258
3 240 259 258
3 240 241 259
3 241 260 259
3 241 242 260
3 242 261 260
3 242 243 261
3 243 262 261
3 243 244 262
3 244 263 262
3 244 245 263
3 245 264 263
3 245 246 264
3 246 265 264
3 247 248 266
3 248 267 266
3 248 249 267
3 249 268 267
3 249 250 268
3 250 269 268
3 250 251 269
3 251 270 269
3 251 252 270
3 252 271 270
3 252 253 271
3 253 272 271
3 253 254 272
3 254 273 272
3 254 255 273
3 255 274 273
3 255 256 274
3 256 275 274
3 256 257 275
3 257 276 275
3 257 258 276
3 258 277 276
3 258 259 277
3 259 278 277
3 259 260 278
3 260 279 278
3 260 261 279
3 261 280 279
3 261 262 280
3 262 281 280
3 262 263 281
3 263 282 281
3 263 264 282
3 264 283 282
3 264 265 283
3 265 284 283
3 266 267 285
3 267 286 285
3 267 268 286
3 268 287 286
3 268 269 287
3 269 288 287
3 269 270 288
3 270 289 288
3 270 271 289
3 271 290 289
3 271 272 290
3 272 291 290
3 272 273 291
3 273 292 291
3 273 274 292
3 274 293 292
3 274 275 293
3 275 294 293
3 275 276 294
3 276 295 294
3 276 277 295
3 277 296 295
3 277 278 296
3 278 297 296
3 278 279 297
3 279 298 297
3 279 280 298
3 280 299 298
3 280 281 299
3 281 300 299
3 281 282 300
3 282 301 300
3 282 283 301
3 283 302 301
3 283 284 302
3 284 303 302
3 285 286 304
3 286 305 304
3 286 287 305
3 287 306 305
3 287 288 306
3 288 307 306
3 288 289 307
3 289 308 307
3 289 290 308
3 290 309 308
3 290 291 309
3 291 310 309
3 291 292 310
3 292 311 310
3 292 293 311
3 293 312 311
3 293 294 312
3 294 313 312
3 294 295 313
3 295 314 313
3 295 296 314
3 296 315 314
3 296 297 315
3 297 316 315
3 297 298 316
3 298 317 316
3 298 299 317
3 299 318 317
3 299 300 318
3 300 319 318
3 300 301 319
3 301 320 319
3 301 302 320
3 302 321 320
3 302 303 321
3 303 322 321
3 304 305 323
3 305 324 323
3 305 306 324
3 306 325 324
3 306 307 325
3 307 326 325
3 307 308 326
3 308 327 326
3 308 309 327
3 309 328 327
3 309 310 328
3 310 329 328
3 310 311 329
3 311 330 329
3 311 312 330
3 312 331 330
3 312 313 331
3 313 332 331
3 313 314 332
3 314 333 332
3 314 315 333
3 315 334 333
3 315 316 334
3 316 335 334
3 316 317 335
3 317 336 335
3 317 318 336
3 318 337 336
3 318 319 337
3 319 338 337
3 319 320 338
3 320 339 338
3 320 321 339
3 321 340 339
3 321 322 340
3 322 341 340
3 323 324 342
3 324 343 342
3 324 325 343
3 325 344 343
3 325 326 344
3 326 345 344
3 326 327 345
3 327 346 345
3 327 328 346
3 328 347 346
3 328 329 347
3 329 348 347
3 329 330 348
3 330 349 348
3 330 331 349
3 331 350 349
3 331 332 350
3 332 351 350
3 332 333 351
3 333 352 351
3 333 334 352
3 334 353 352
3 334 335 353
3 335 354 353
3 335 336 354
3 336 355 354
3 336 337 355
3 337 356 355
3 337 338 356
3 338 357 356
3 338 339 357
3 339 358 357
3 339 340 358
3 340 359 358
3 340 341 359
3 341 360 359
3 342 343 361
3 343 362 361
3 343 344 362
3 344 363 362
3 344 345 363
3 345 364 363
3 345 346 364
3 346 365 364
3 346 347 365
3 347 366 365
3 347 348 366
3 348 367 366
3 348 349 367
3 349 368 367
3 349 350 368
3 350 369 368
3 350 351 369
3 351 370 369
3 351 352 370
3 352 371 370
3 352 353 371
3 353 372 371
3 353 354 372
3 354 373 372
3 354 355 373
3 355 374 373
3 355 356 374
3 356 375 374
3 356 357 375
3 357 376 375
3 357 358 376
3 358 377 376
3 358 359 377
3 359 378 377
3 359 360 378
3 360 379 378
3 361 362 380
3 362 381 380
3 362 363 381
3 363 382 381
3 363 364 382
3 364 383 382
3 364 365 383
3 365 384 383
3 365 366 384
3 366 385 384
3 366 367 385
3 367 386 385
3 367 368 386
3 368 387 386
3 368 369 387
3 369 388 387
3 369 370 388
3 370 389 388
3 370 371 389
3 371 390 389
3 371 372 390
3 372 391 390
3 372 373 391
3 373 392 391
3 373 374 392
3 374 393 392
3 374 375 393
3 375 394 393
3 375 376 394
3 376 395 394
3 376 377 395
3 377 396 395
3 377 378 396
3 378 397 396
3 378 379 397
3 379 398 397
3 380 381 399
3 381 400 399
3 381 382 400
3 382 401 400
3 382 383 401
3 383 402 401
3 383 384 402
3 384 403 402
3 384 385 403
3 385 404 403
3 385 386 404
3 386 405 404
3 386 387 405
3 387 406 405
3 387 388 406
3 388 407 406
3 388 389 407
3 389 408 407
3 389 390 408
3 390 409 408
3 390 391 409
3 391 410 409
3 391 392 410
3 392 411 410
3 392 393 411
3 393 412 411
3 393 394 412
3 394 413 412
3 394 395 413
3 395 414 413
3 395 396 414
3 396 415 414
3 396 397 415
3 397 416 415
3 397 398 416
3 398 417 416
3 418 419 437
3 419 438 437
3 419 420 438
3 420 439 438
3 420 421 439
3 421 440 439
3 421 422 440
3 422 441 440
3 422 423 441
3 423 442 441
3 423 424 442
3 424 443 442
3 424 425 443
3 425 444 443
3 425 426 444
3 426 445 444
3 426 427 445
3 427 446 445
3 427 428 446
3 428 447 446
3 428 429 447
3 429 448 447
3 429 430 448
3 430 449 448
3 430 431 449
3 431 450 449
3 431 432 450
3 432 451 450
3 432 433 451
3 433 452 451
3 433 434 452
3 434 453 452
3 434 435 453
3 435 454 453
3 435 436 454
3 436 455 454
3 437 438 456
3 438 457 456
3 438 439 457
3 439 458 457
3 439 440 458
3 440 459 458
3 440 441 459
3 441 460 459
3 441 442 460
3 442 461 460
3 442 443 461
3 443 462 461
3 443 444 462
3 444 463 462
3 444 445 463
3 445 464 463
3 445 446 464
3 446 465 464
3 446 447 465
3 447 466 465
3 447 448 466
3 448 467 466
3 448 449 467
3 449 468 467
3 449 450 468
3 450 469 468
3 450 451 469
3 451 470 469
3 451 452 470
3 452 471 470
3 452 453 471
3 453 472 471
3 453 454 472
3 454 473 472
3 454 455 473
3 455 474 473
3 456 457 475
3 457 476 475
3 457 458 476
3 458 477 476
3 458 459 477
3 459 478 477
3 459 460 478
3 460 479 478
3 460 461 479
3 461 480 479
3 461 462 480
3 462 481 480
3 462 463 481
3 463 482 481
3 463 464 482
3 464 483 482
3 464 465 483
3 465 484 483
3 465 466 484
3 466 485 484
3 466 467 485
3 467 486 485
3 467 468 486
3 468 487 486
3 468 469 487
3 469 488 487
3 469 470 488
3 470 489 488
3 470 471 489
3 471 490 489
3 471 472 490
3 472 491 490
3 472 473 491
3 473 492 491
3 473 474 492
3 474 493 492
3 475 476 494
3 476 495 494
3 476 477 495
3 477 496 495
3 477 478 496
3 478 497 496
3 478 479 497
3 479 498 497
3 479 480 498
3 480 499 498
3 480 481 499
3 481 500 499
3 481 482 500
3 482 501 500
3 482 483 501
3 483 502 501
3 483 484 502
3 484 503 502
3 484 485 503
3 485 504 503
3 485 486 504
3 486 505 504
3 486 487 505
3 487 506 505
3 487 488 506
3 488 507 506
3 488 489 507
3 489 508 507
3 489 490 508
3 490 509 508
3 490 491 509
3 491 510 509
3 491 492 510
3 492 511 510
3 492 493 511
3 493 512 511
3 494 495 513
3 495 514 513
3 495 496 514
3 496 515 514
3 496 497 515
3 497 516 515
3 497 498 516
3 498 517 516
3 498 499 517
3 499 518 517
3 499 500 518
3 500 519 518
3 500 501 519
3 501 520 519
3 501 502 520
3 502 521 520
3 502 503 521
3 503 522 521
3 503 504 522
3 504 523 522
3 504 505 523
3 505 524 523
3 505 506 524
3 506 525 524
3 506 507 525
3 507 526 525
3 507 508 526
3 508 527 526
3 508 509 527
3 509 528 527
3 509 510 528
3 510 529 528
3 510 511 529
3 511 530 529
3 511 512 530
3 512 531 530
3 513 514 532
3 514 533 532
3 514 515 533
3 515 534 533
3 515 516 534
3 516 535 534
3 516 517 535
3 517 536 535
3 517 518 536
3 518 537 536
3 518 519 537
3 519 538 537
3 519 520 538
3 520 539 538
3 520 521 539
3 521 540 539
3 521 522 540
3 522 541 540
3 522 523 541
3 523 542 541
3 523 524 542
3 524 543 542
3 524 525 543
3 525 544 543
3 525 526 544
3 526 545 544
3 526 527 545
3 527 546 545
3 527 528 546
3 528 547 546
3 528 529 547
3 529 548 547
3 529 530 548
3 530 549 548
3 530 531 549
3 531 550 549
3 532 533 551
3 533 552 551
3 533 534 552
3 534 553 552
3 534 535 553
3 535 554 553
3 535 536 554
3 536 555 554
3 536 537 555
3 537 556 555
3 537 538 556
3 538 557 556
3 538 539 557
3 539 558 557
3 539 540 558
3 540 559 558
3 540 541 559
3 541 560 559
3 541 542 560
3 542 561 560
3 542 543 561
3 543 562 561
3 543 544 562
3 544 563 562
3 544 545 563
3 545 564 563
3 545 546 564
3 546 565 564
3 546 547 565
3 547 566 565
3 547 548 566
3 548 567 566
3 548 549 567
3 549 568 567
3 549 550 568
3 550 569 568
3 551 552 570
3 552 571 570
3 552 553 571
3 553 572 571
3 553 554 572
3 554 573 572
3 554 555 573
3 555 574 573
3 555 556 574
3 556 575 574
3 556 557 575
3 557 576 575
3 557 558 576
3 558 577 576
3 558 559 577
3 559 578 577
3 559 560 578
3 560 579 578
3 560 561 579
3 561 580 579
3 561 562 580
3 562 581 580
3 562 563 581
3 563 582 581
3 563 564 582
3 564 583 582
3 564 565 583
3 565 584 583
3 565 566 584
3 566 585 584
3 566 567 585
3 567 586 585
3 567 568 586
3 568 587 586
3 568 569 587
3 569 588 587
3 570 571 589
3 571 590 589
3 571 572 590
3 572 591 590
3 572 573 591
3 573 592 591
3 573 574 592
3 574 593 592
3 574 575 593
3 575 594 593
3 575 576 594
3 576 595 594
3 576 577 595
3 577 596 595
3 577 578 596
3 578 597 596
3 578 579 597
3 579 598 597
3 579 580 598
3 580 599 598
3 580 581 599
3 581 600 599
3 581 582 600
3 582 601 600
3 582 583 601
3 583 602 601
3 583 584 602
3 584 603 602
3 584 585 603
3 585 604 603
3 585 586 604
3 586 605 604
3 586 587 605
3 587 606 605
3 587 588 606
3 588 607 606
3 589 590 608
3 590 609 608
3 590 591 609
3 591 610 609
3 591 592 610
3 592 611 610
3 592 593 611
3 593 612 611
3 593 594 612
3 594 613 612
3 594 595 613
3 595 614 613
3 595 596 614
3 596 615 614
3 596 597 615
3 597 616 615
3 597 598 616
3 598 617 616
3 598 599 617
3 599 618 617
3 599 600 618
3 600 619 618
3 600 601 619
3 601 620 619
3 601 602 620
3 602 621 620
3 602 603 621
3 603 622 621
3 603 604 622
3 604 623 622
3 604 605 623
3 605 624 623
3 605 606 624
3 606 625 624
3 606 607 625
3 607 626 625
3 627 628 646
3 628 647 646
3 628 629 647
3 629 648 647
3 629 630 648
3 630 649 648
3 630 631 649
3 631 650 649
3 631 632 650
3 632 651 650
3 632 633 651
3 633 652 651
3 633 634 652
3 634 653 652
3 634 635 653
3 635 654 653
3 635 636 654
3 636 655 654
3 636 637 655
3 637 656 655
3 637 638 656
3 638 657 656
3 638 639 657
3 639 658 657
3 639 640 658
3 640 659 658
3 640 641 659
3 641 660 659
3 641 642 660
3 642 661 660
3 642 643 661
3 643 662 661
3 643 644 662
3 644 663 662
3 644 645 663
3 645 664 663
3 646 647 665
3 647 666 665
3 647 648 666
3 648 667 666
3 648 649 667
3 649 668 667
3 649 650 668
3 650 669 668
3 650 651 669
3 651 670 669
3 651 652 670
3 652 671 670
3 652 653 671
3 653 672 671
3 653 654 672
3 654 673 672
3 654 655 673
3 655 674 673
3 655 656 674
3 656 675 674
3 656 657 675
3 657 676 675
3 657 658 676
3 658 677 676
3 658 659 677
3 659 678 677
3 659 660 678
3 660 679 678
3 660 661 679
3 661 680 679
3 661 662 680
3 662 681 680
3 662 663 681
3 663 682 681
3 663 664 682
3 664 683 682
3 665 666 684
3 666 685 684
3 666 667 685
3 667 686 685
3 667 668 686
3 668 687 686
3 668 669 687
3 669 688 687
3 669 670 688
3 670 689 688
3 670 671 689
3 671 690 689
3 671 672 690
3 672 691 690
3 672 673 691
3 673 692 691
3 673 674 692
3 674 693 692
3 674 675 693
3 675 694 693
3 675 676 694
3 676 695 694
3 676 677 695
3 677 696 695
3 677 678 696
3 678 697 696
3 678 679 697
3 679 698 697
3 679 680 698
3 680 699 698
3 680 681 699
3 681 700 699
3 681 682 700
3 682 701 700
3 682 683 701
3 683 702 701
3 684 685 703
3 685 704 703
3 685 686 704
3 686 705 704
3 686 687 705
3 687 706 705
3 687 688 706
3 688 707 706
3 688 689 707
3 689 708 707
3 689 690 708
3 690 709 708
3 690 691 709
3 691 710 709
3 691 692 710
3 692 711 710
3 692 693 711
3 693 712 711
3 693 694 712
3 694 713 712
3 694 695 713
3 695 714 713
3 695 696 714
3 696 715 714
3 696 697 715
3 697 716 715
3 697 698 716
3 698 717 716
3 698 699 717
3 699 718 717
3 699 700 718
3 700 719 718
3 700 701 719
3 701 720 719
3 701 702 720
3 702 721 720
3 703 704 722
3 704 723 722
3 704 705 723
3 705 724 723
3 705 706 724
3 706 725 724
3 706 707 725
3 707 726 725
3 707 708 726
3 708 727 726
3 708 709 727
3 709 728 727
3 709 710 728
3 710 729 728
3 710 711 729
3 711 730 729
3 711 712 730
3 712 731 730
3 712 713 731
3 713 732 731
3 713 714 732
3 714 733 732
3 714 715 733
3 715 734 733
3 715 716 734
3 716 735 734
3 716 717 735
3 717 736 735
3 717 718 736
3 718 737 736
3 718 719 737
3 719 738 737
3 719 720 738
3 720 739 738
3 720 721 739
3 721 740 739
3 722 723 741
3 723 742 741
3 723 724 742
3 724 743 742
3 724 725 743
3 725 744 743
3 725 726 744
3 726 745 744
3 726 727 745
3 727 746 745
3 727 728 746
3 728 747 746
3 728 729 747
3 729 748 747
3 729 730 748
3 730 749 748
3 730 731 749
3 731 750 749
3 731 732 750
3 732 751 750
3 732 733 751
3 733 752 751
3 733 734 752
3 734 753 752
3 734 735 753
3 735 754 753
3 735 736 754
3 736 755 754
3 736 737 755
3 737 756 755
3 737 738 756
3 738 757 756
3 738 739 757
3 739 758 757
3 739 740 758
3 740 759 758
3 741 742 760
3 742 761 760
3 742 743 761
3 743 762 761
3 743 744 762
3 744 763 762
3 744 745 763
3 745 764 763
3 745 746 764
3 746 765 764
3 746 747 765
3 747 766 765
3 747 748 766
3 748 767 766
3 748 749 767
3 749 768 767
3 749 750 768
3 750 769 768
3 750 751 769
3 751 770 769
3 751 752 770
3 752 771 770
3 752 753 771
3 753 772 771
3 753 754 772
3 754 773 772
3 754 755 773
3 755 774 773
3 755 756 774
3 756 775 774
3 756 757 775
3 757 776 775
3 757 758 776
3 758 777 776
3 758 759 777
3 759 778 777
3 760 761 779
3 761 780 779
3 761 762 780
3 762 781 780
3 762 763 781
3 763 782 781
3 763 764 782
3 764 783 782
3 764 765 783
3 765 784 783
3 765 766 784
3 766 785 784
3 766 767 785
3 767 786 785
3 767 768 786
3 768 787 786
3 768 769 787
3 769 788 787
3 769 770 788
3 770 789 788
3 770 771 789
3 771 790 789
3 771 772 790
3 772 791 790
3 772 773 791
3 773 792 791
3 773 774 792
3 774 793 792
3 774 775 793
3 775 794 793
3 775 776 794
3 776 795 794
3 776 777 795
3 777 796 795
3 777 778 796
3 778 797 796
3 779 780 798
3 780 799 798
3 780 781 799
3 781 800 799
3 781 782 800
3 782 801 800
3 782 783 801
3 783 802 801
3 783 784 802
3 784 803 802
3 784 785 803
3 785 804 803
3 785 786 804
3 786 805 804
3 786 787 805
3 787 806 805
3 787 788 806
3 788 807 806
3 788 789 807
3 789 808 807
3 789 790 808
3 790 809 808
3 790 791 809
3 791 810 809
3 791 792 810
3 792 811 810
3 792 793 811
3 793 812 811
3 793 794 812
3 794 813 812
3 794 795 813
3 795 814 813
3 795 796 814
3 796 815 814
3 796 797 815
3 797 816 815
3 798 799 817
3 799 818 817
3 799 800 818
3 800 819 818
3 800 801 819
3 801 820 819
3 801 802 820
3 802 821 820
3 802 803 821
3 803 822 821
3 803 804 822
3 804 823 822
3 804 805 823
3 805 824 823
3 805 806 824
3 806 825 824
3 806 807 825
3 807 826 825
3 807 808 826
3 808 827 826
3 808 809 827
3 809 828 827
3 809 810 828
3 810 829 828
3 810 811 829
3 811 830 829
3 811 812 830
3 812 831 830
3 812 813 831
3 813 832 831
3 813 814 832
3 814 833 832
3 814 815 833
3 815 834 833
3 815 816 834
3 816 835 834
3 836 837 855
3 837 856 855
3 837 838 856
3 838 857 856
3 838 839 857
3 839 858 857
3 839 840 858
3 840 859 858
3 840 841 859
3 841 860 859
3 841 842 860
3 842 861 860
3 842 843 861
3 843 862 861
3 843 844 862
3 844 863 862
3 844 845 863
3 845 864 863
3 845 846 864
3 846 865 864
3 846 847 865
3 847 866 865
3 847 848 866
3 848 867 866
3 848 849 867
3 849 868 867
3 849 850 868
3 850 869 868
3 850 851 869
3 851 870 869
3 851 852 870
3 852 871 870
3 852 853 871
3 853 872 871
3 853 854 872
3 854 873 872
3 855 856 874
3 856 875 874
3 856 857 875
3 857 876 875
3 857 858 876
3 858 877 876
3 858 859 877
3 859 878 877
3 859 860 878
3 860 879 878
3 860 861 879
3 861 880 879
3 861 862 880
3 862 881 880
3 862 863 881
3 863 882 881
3 863 864 882
3 864 883 882
3 864 865 883
3 865 884 883
3 865 866 884
3 866 885 884
3 866 867 885
3 867 886 885
3 867 868 886
3 868 887 886
3 868 869 887
3 869 888 887
3 869 870 888
3 870 889 888
3 870 871 889
3 871 890 889
3 871 872 890
3 872 891 890
3 872 873 891
3 873 892 891
3 874 875 893
3 875 894 893
3 875 876 894
3 876 895 894
3 876 877 895
3 877 896 895
3 877 878 896
3 878 897 896
3 878 879 897
3 879 898 897
3 879 880 898
3 880 899 898
3 880 881 899
3 881 900 899
3 881 882 900
3 882 901 900
3 882 883 901
3 883 902 901
3 883 884 902
3 884 903 902
3 884 885 903
3 885 904 903
3 885 886 904
3 886 905 904
3 886 887 905
3 887 906 905
3 887 888 906
3 888 907 906
3 888 889 907
3 889 908 907
3 889 890 908
3 890 909 908
3 890 891 909
3 891 910 909
3 891 892 910
3 892 911 910
3 893 894 912
3 894 913 912
3 894 895 913
3 895 914 913
3 895 896 914
3 896 915 914
3 896 897 915
3 897 916 915
3 897 898 916
3 898 917 916
3 898 899 917
3 899 918 917
3 899 900 918
3 900 919 918
3 900 901 919
3 901 920 919
3 901 902 920
3 902 921 920
3 902 903 921
3 903 922 921
3 903 904 922
3 904 923 922
3 904 905 923
3 905 924 923
3 905 906 924
3 906 925 924
3 906 907 925
3 907 926 925
3 907 908 926
3 908 927 926
3 908 909 927
3 909 928 927
3 909 910 928
3 910 929 928
3 910 911 929
3 911 930 929
3 912 913 931
3 913 932 931
3 913 914 932
3 914 933 932
3 914 915 933
3 915 934 933
3 915 916 934
3 916 935 934
3 916 917 935
3 917 936 935
3 917 918 936
3 918 937 936
3 918 919 937
3 919 938 937
3 919 920 938
3 920 939 938
3 920 921 939
3 921 940 939
3 921 922 940
3 922 941 940
3 922 923 941
3 923 942 941
3 923 924 942
3 924 943 942
3 924 925 943
3 925 944 943
3 925 926 944
3 926 945 944
3 926 927 945
3 927 946 945
3 927 928 946
3 928 947 946
3 928 929 947
3 929 948 947
3 929 930 948
3 930 949 948
3 931 932 950
3 932 951 950
3 932 933 951
3 933 952 951
3 933 934 952
3 934 953 952
3 934 935 953
3 935 954 953
3 935 936 954
3 936 955 954
3 936 937 955
3 937 956 955
3 937 938 956
3 938 957 956
3 938 939 957
3 939 958 957
3 939 940 958
3 940 959 958
3 940 941 959
3 941 960 959
3 941 942 960
3 942 961 960
3 942 943 961
3 943 962 961
3 943 944 962
3 944 963 962
3 944 945 963
3 945 964 963
3 945 946 964
3 946 965 964
3 946 947 965
3 947 966 965
3 947 948 966
3 948 967 966
3 948 949 967
3 949 968 967
3 950 951 969
3 951 970 969
3 951 952 970
3 952 971 970
3 952 953 971
3 953 972 971
3 953 954 972
3 954 973 972
3 954 955 973
3 955 974 973
3 955 956 974
3 956 975 974
3 956 957 975
3 957 976 975
3 957 958 976
3 958 977 976
3 958 959 977
3 959 978 977
3 959 960 978
3 960 979 978
3 960 961 979
3 961 980 979
3 961 962 980
3 962 981 980
3 962 963 981
3 963 982 981
3 963 964 982
3 964 983 982
3 964 965 983
3 965 984 983
3 965 966 984
3 966 985 984
3 966 967 985
3 967 986 985
3 967 968 986
3 968 987 986
3 969 970 988
3 970 989 988
3 970 971 989
3 971 990 989
3 971 972 990
3 972 991 990
3 972 973 991
3 973 992 991
3 973 974 992
3 974 993 992
3 974 975 993
3 975 994 993
3 975 976 994
3 976 995 994
3 976 977 995
3 977 996 995
3 977 978 996
3 978 997 996
3 978 979 997
3 979 998 997
3 979 980 998
3 980 999 998
3 980 981 999
3 981 1000 999
3 981 982 1000
3 982 1001 1000
3 982 983 1001
3 983 1002 1001
3 983 984 1002
3 984 1003 1002
3 984 985 1003
3 985 1004 1003
3 985 986 1004
3 986 1005 1004
3 986 987 1005
3 987 1006 1005
3 988 989 1007
3 989 1008 1007
3 989 990 1008
3 990 1009 1008
3 990 991 1009
3 991 1010 1009
3 991 992 1010
3 992 1011 1010
3 992 993 1011
3 993 1012 1011
3 993 994 1012
3 994 1013 1012
3 994 995 1013
3 995 1014 1013
3 995 996 1014
3 996 1015 1014
3 996 997 1015
3 997 1016 1015
3 997 998 1016
3 998 1017 1016
3 998 999 1017
3 999 1018 1017
3 999 1000 1018
3 1000 1019 1018
3 1000 1001 1019
3 1001 1020 1019
3 1001 1002 1020
3 1002 1021 1020
3 1002 1003 1021
3 1003 1022 1021
3 1003 1004 1022
3 1004 1023 1022
3 1004 1005 1023
3 1005 1024 1023
3 1005 1006 1024
3 1006 1025 1024
3 1007 1008 1026
3 1008 1027 1026
3 1008 1009 1027
3 1009 1028 1027
3 1009 1010 1028
3 1010 1029 1028
3 1010 1011 1029
3 1011 1030 1029
3 1011 1012 1030
3 1012 1031 1030
3 1012 1013 1031
3 1013 1032 1031
3 1013 1014 1032
3 1014 1033 1032
3 1014 1015 1033
3 1015 1034 1033
3 1015 1016 1034
3 1016 1035 1034
3 1016 1017 1035
3 1017 1036 1035
3 1017 1018 1036
3 1018 1037 1036
3 1018 1019 1037
3 1019 1038 1037
3 1019 1020 1038
3 1020 1039 1038
3 1020 1021 1039
3 1021 1040 1039
3 1021 1022 1040
3 1022 1041 1040
3 1022 1023 1041
3 1023 1042 1041
3 1023 1024 1042
3 1024 1043 1042
3 1024 1025 1043
3 1025 1044 1043
3 1045 1046 1064
3 1046 1065 1064
3 1046 1047 1065
3 1047 1066 1065
3 1047 1048 1066
3 1048 1067 1066
3 1048 1049 1067
3 1049 1068 1067
3 1049 1050 1068
3 1050 1069 1068
3 1050 1051 1069
3 1051 1070 1069
3 1051 1052 1070
3 1052 1071 1070
3 1052 1053 1071
3 1053 1072 1071
3 1053 1054 1072
3 1054 1073 1072
3 1054 1055 1073
3 1055 1074 1073
3 1055 1056 1074
3 1056 1075 1074
3 1056 1057 1075
3 1057 1076 1075
3 1057 1058 1076
3 1058 1077 1076
3 1058 1059 1077
3 1059 1078 1077
3 1059 1060 1078
3 1060 1079 1078
3 1060 1061 1079
3 1061 1080 1079
3 1061 1062 1080
3 1062 1081 1080
3 1062 1063 1081
3 1063 1082 1081
3 1064 1065 1083
3 1065 1084 1083
3 1065 1066 1084
3 1066 1085 1084
3 1066 1067 1085
3 1067 1086 1085
3 1067 1068 1086
3 1068 1087 1086
3 1068 1069 1087
3 1069 1088 1087
3 1069 1070 1088
3 1070 1089 1088
3 1070 1071 1089
3 1071 1090 1089
3 1071 1072 1090
3 1072 1091 1090
3 1072 1073 1091
3 1073 1092 1091
3 1073 1074 1092
3 1074 1093 1092
3 1074 1075 1093
3 1075 1094 1093
3 1075 1076 1094
3 1076 1095 1094
3 1076 1077 1095
3 1077 1096 1095
3 1077 1078 1096
3 1078 1097 1096
3 1078 1079 1097
3 1079 1098 1097
3 1079 1080 1098
3 1080 1099 1098
3 1080 1081 1099
3 1081 1100 1099
3 1081 1082 1100
3 1082 1101 1100
3 1083 1084 1102
3 1084 1103 1102
3 1084 1085 1103
3 1085 1104 1103
3 1085 1086 1104
3 1086 1105 1104
3 1086 1087 1105
3 1087 1106 1105
3 1087 1088 1106
3 1088 1107 1106
3 1088 1089 1107
3 1089 1108 1107
3 1089 1090 1108
3 1090 1109 1108
3 1090 1091 1109
3 1091 1110 1109
3 1091 1092 1110
3 1092 1111 1110
3 1092 1093 1111
3 1093 1112 1111
3 1093 1094 1112
3 1094 1113 1112
3 1094 1095 1113
3 1095 1114 1113
3 1095 1096 1114
3 1096 1115 1114
3 1096 1097 1115
3 1097 1116 1115
3 1097 1098 1116
3 1098 1117 1116
3 1098 1099 1117
3 1099 1118 1117
3 1099 1100 1118
3 1100 1119 1118
3 1100 1101 1119
3 1101 1120 1119
3 1102 1103 1121
3 1103 1122 1121
3 1103 1104 1122
3 1104 1123 1122
3 1104 1105 1123
3 1105 1124 1123
3 1105 1106 1124
3 1106 1125 1124
3 1106 1107 1125
3 1107 1126 1125
3 1107 1108 1126
3 1108 1127 1126
3 1108 1109 1127
3 1109 1128 1127
3 1109 1110 1128
3 1110 1129 1128
3 1110 1111 1129
3 1111 1130 1129
3 1111 1112 1130
3 1112 1131 1130
3 1112 1113 1131
3 1113 1132 1131
3 1113 1114 1132
3 1114 1133 1132
3 1114 1115 1133
3 1115 1134 1133
3 1115 1116 1134
3 1116 1135 1134
3 1116 1117 1135
3 1117 1136 1135
3 1117 1118 1136
3 1118 1137 1136
3 1118 1119 1137
3 1119 1138 1137
3 1119 1120 1138
3 1120 1139 1138
3 1121 1122 1140
3 1122 1141 1140
3 1122 1123 1141
3 1123 1142 1141
3 1123 1124 1142
3 1124 1143 1142
3 1124 1125 1143
3 1125 1144 1143
3 1125 1126 1144
3 1126 1145 1144
3 1126 1127 1145
3 1127 1146 1145
3 1127 1128 1146
3 1128 1147 1146
3 1128 1129 1147
3 1129 1148 1147
3 1129 1130 1148
3 1130 1149 1148
3 1130 1131 1149
3 1131 1150 1149
3 1131 1132 1150
3 1132 1151 1150
3 1132 1133 1151
3 1133 1152 1151
3 1133 1134 1152
3 1134 1153 1152
3 1134 1135 1153
3 1135 1154 1153
3 1135 1136 1154
3 1136 1155 1154
3 1136 1137 1155
3 1137 1156 1155
3 1137 1138 1156
3 1138 1157 1156
3 1138 1139 1157
3 1139 1158 1157
3 1140 1141 1159
3 1141 1160 1159
3 1141 1142 1160
3 1142 1161 1160
3 1142 1143 1161
3 1143 1162 1161
3 1143 1144 1162
3 1144 1163 1162
3 1144 1145 1163
3 1145 1164 1163
3 1145 1146 1164
3 1146 1165 1164
3 1146 1147 1165
3 1147 1166 1165
3 1147 1148 1166
3 1148 1167 1166
3 1148 1149 1167
3 1149 1168 1167
3 1149 1150 1168
3 1150 1169 1168
3 1150 1151 1169
3 1151 1170 1169
3 1151 1152 1170
3 1152 1171 1170
3 1152 1153 1171
3 1153 1172 1171
3 1153 1154 1172
3 1154 1173 1172
3 1154 1155 1173
3 1155 1174 1173
3 1155 1156 1174
3 1156 1175 1174
3 1156 1157 1175
3 1157 1176 1175
3 1157 1158 1176
3 1158 1177 1176
3 1159 1160 1178
3 1160 1179 1178
3 1160 1161 1179
3 1161 1180 1179
3 1161 1162 1180
3 1162 1181 1180
3 1162 1163 1181
3 1163 1182 1181
3 1163 1164 1182
3 1164 1183 1182
3 1164 1165 1183
3 1165 1184 1183
3 1165 1166 1184
3 1166 1185 1184
3 1166 1167 1185
3 1167 1186 1185
3 1167 1168 1186
3 1168 1187 1186
3 1168 1169 1187
3 1169 1188 1187
3 1169 1170 1188
3 1170 1189 1188
3 1170 1171 1189
3 1171 1190 1189
3 1171 1172 1190
3 1172 1191 1190
3 1172 1173 1191
3 1173 1192 1191
3 1173 1174 1192
3 1174 1193 1192
3 1174 1175 1193
3 1175 1194 1193
3 1175 1176 1194
3 1176 1195 1194
3 1176 1177 1195
3 1177 1196 1195
3 1178 1179 1197
3 1179 1198 1197
3 1179 1180 1198
3 1180 1199 1198
3 1180 1181 1199
3 1181 1200 1199
3 1181 1182 1200
3 1182 1201 1200
3 1182 1183 1201
3 1183 1202 1201
3 1183 1184 1202
3 1184 1203 1202
3 1184 1185 1203
3 1185 1204 1203
3 1185 1186 1204
3 1186 1205 1204
3 1186 1187 1205
3 1187 1206 1205
3 1187 1188 1206
3 1188 1207 1206
3 1188 1189 1207
3 1189 1208 1207
3 1189 1190 1208
3 1190 1209 1208
3 1190 1191 1209
3 1191 1210 1209
3 1191 1192 1210
3 1192 1211 1210
3 1192 1193 1211
3 1193 1212 1211
3 1193 1194 1212
3 1194 1213 1212
3 1194 1195 1213
3 1195 1214 1213
3 1195 1196 1214
3 1196 1215 1214
3 1197 1198 1216
3 1198 1217 1216
3 1198 1199 1217
3 1199 1218 1217
3 1199 1200 1218
3 1200 1219 1218
3 1200 1201 1219
3 1201 1220 1219
3 1201 1202 1220
3 1202 1221 1220
3 1202 1203 1221
3 1203 1222 1221
3 1203 1204 1222
3 1204 1223 1222
3 1204 1205 1223
3 1205 1224 1223
3 1205 1206 1224
3 1206 1225 1224
3 1206 1207 1225
3 1207 1226 1225
3 1207 1208 1226
3 1208 1227 1226
3 1208 1209 1227
3 1209 1228 1227
3 1209 1210 1228
3 1210 1229 1228
3 1210 1211 1229
3 1211 1230 1229
3 1211 1212 1230
3 1212 1231 1230
3 1212 1213 1231
3 1213 1232 1231
3 1213 1214 1232
3 1214 1233 1232
3 1214 1215 1233
3 1215 1234 1233
3 1216 1217 1235
3 1217 1236 1235
3 1217 1218 1236
3 1218 1237 1236
3 1218 1219 1237
3 1219 1238 1237
3 1219 1220 1238
3 1220 1239 1238
3 1220 1221 1239
3 1221 1240 1239
3 1221 1222 1240
3 1222 1241 1240
3 1222 1223 1241
3 1223 1242 1241
3 1223 1224 1242
3 1224 1243 1242
3 1224 1225 1243
3 1225 1244 1243
3 1225 1226 1244
3 1226 1245 1244
3 1226 1227 1245
3 1227 1246 1245
3 1227 1228 1246
3 1228 1247 1246
3 1228 1229 1247
3 1229 1248 1247
3 1229 1230 1248
3 1230 1249 1248
3 1230 1231 1249
3 1231 1250 1249
3 1231 1232 1250
3 1232 1251 1250
3 1232 1233 1251
3 1233 1252 1251
3 1233 1234 1252
3 1234 1253 1252
3 1254 1255 1273
3 1255 1274 1273
3 1255 1256 1274
3 1256 1275 1274
3 1256 1257 1275
3 1257 1276 1275
3 1257 1258 1276
3 1258 1277 1276
3 1258 1259 1277
3 1259 1278 1277
3 1259 1260 1278
3 1260 1279 1278
3 1260 1261 1279
3 1261 1280 1279
3 1261 1262 1280
3 1262 1281 1280
3 1262 1263 1281
3 1263 1282 1281
3 1263 1264 1282
3 1264 1283 1282
3 1264 1265 1283
3 1265 1284 1283
3 1265 1266 1284
3 1266 1285 1284
3 1266 1267 1285
3 1267 1286 1285
3 1267 1268 1286
3 1268 1287 1286
3 1268 1269 1287
3 1269 1288 1287
3 1269 1270 1288
3 1270 1289 1288
3 1270 1271 1289
3 1271 1290 1289
3 1271 1272 1290
3 1272 1291 1290
3 1273 1274 1292
3 1274 1293 1292
3 1274 1275 1293
3 1275 1294 1293
3 1275 1276 1294
3 1276 1295 1294
3 1276 1277 1295
3 1277 1296 1295
3 1277 1278 1296
3 1278 1297 1296
3 1278 1279 1297
3 1279 1298 1297
3 1279 1280 1298
3 1280 1299 1298
3 1280 1281 1299
3 1281 1300 1299
3 1281 1282 1300
3 1282 1301 1300
3 1282 1283 1301
3 1283 1302 1301
3 1283 1284 1302
3 1284 1303 1302
3 1284 1285 1303
3 1285 1304 1303
3 1285 1286 1304
3 1286 1305 1304
3 1286 1287 1305
3 1287 1306 1305
3 1287 1288 1306
3 1288 1307 1306
3 1288 1289 1307
3 1289 1308 1307
3 1289 1290 1308
3 1290 1309 1308
3 1290 1291 1309
3 1291 1310 1309
3 1292 1293 1311
3 1293 1312 1311
3 1293 1294 1312
3 1294 1313 1312
3 1294 1295 1313
3 1295 1314 1313
3 1295 1296 1314
3 1296 1315 1314
3 1296 1297 1315
3 1297 1316 1315
3 1297 1298 1316
3 1298 1317 1316
3 1298 1299 1317
3 1299 1318 1317
3 1299 1300 1318
3 1300 1319 1318
3 1300 1301 1319
3 1301 1320 1319
3 1301 1302 1320
3 1302 1321 1320
3 1302 1303 1321
3 1303 1322 1321
3 1303 1304 1322
3 1304 1323 1322
3 1304 1305 1323
3 1305 1324 1323
3 1305 1306 1324
3 1306 1325 1324
3 1306 1307 1325
3 1307 1326 1325
3 1307 1308 1326
3 1308 1327 1326
3 1308 1309 1327
3 1309 1328 1327
3 1309 1310 1328
3 1310 1329 1328
3 1311 1312 1330
3 1312 1331 1330
3 1312 1313 1331
3 1313 1332 1331
3 1313 1314 1332
3 1314 1333 1332
3 1314 1315 1333
3 1315 1334 1333
3 1315 1316 1334
3 1316 1335 1334
3 1316 1317 1335
3 1317 1336 1335
3 1317 1318 1336
3 1318 1337 1336
3 1318 1319 1337
3 1319 1338 1337
3 1319 1320 1338
3 1320 1339 1338
3 1320 1321 1339
3 1321 1340 1339
3 1321 1322 1340
3 1322 1341 1340
3 1322 1323 1341
3 1323 1342 1341
3 1323 1324 1342
3 1324 1343 1342
3 1324 1325 1343
3 1325 1344 1343
3 1325 1326 1344
3 1326 1345 1344
3 1326 1327 1345
3 1327 1346 1345
3 1327 1328 1346
3 1328 1347 1346
3 1328 1329 1347
3 1329 1348 1347
3 1330 1331 1349
3 1331 1350 1349
3 1331 1332 1350
3 1332 1351 1350
3 1332 1333 1351
3 1333 1352 1351
3 1333 1334 1352
3 1334 1353 1352
3 1334 1335 1353
3 1335 1354 1353
3 1335 1336 1354
3 1336 1355 1354
3 1336 1337 1355
3 1337 1356 1355
3 1337 1338 1356
3 1338 1357 1356
3 1338 1339 1357
3 1339 1358 1357
3 1339 1340 1358
3 1340 1359 1358
3 1340 1341 1359
3 1341 1360 1359
3 1341 1342 1360
3 1342 1361 1360
3 1342 1343 1361
3 1343 1362 1361
3 1343 1344 1362
3 1344 1363 1362
3 1344 1345 1363
3 1345 1364 1363
3 1345 1346 1364
3 1346 1365 1364
3 1346 1347 1365
3 1347 1366 1365
3 1347 1348 1366
3 1348 1367 1366
3 1349 1350 1368
3 1350 1369 1368
3 1350 1351 1369
3 1351 1370 1369
3 1351 1352 1370
3 1352 1371 1370
3 1352 1353 1371
3 1353 1372 1371
3 1353 1354 1372
3 1354 1373 1372
3 1354 1355 1373
3 1355 1374 1373
3 1355 1356 1374
3 1356 1375 1374
3 1356 1357 1375
3 1357 1376 1375
3 1357 1358 1376
3 1358 1377 1376
3 1358 1359 1377
3 1359 1378 1377
3 1359 1360 1378
3 1360 1379 1378
3 1360 1361 1379
3 1361 1380 1379
3 1361 1362 1380
3 1362 1381 1380
3 1362 1363 1381
3 1363 1382 1381
3 1363 1364 1382
3 1364 1383 1382
3 1364 1365 1383
3 1365 1384 1383
3 1365 1366 1384
3 1366 1385 1384
3 1366 1367 1385
3 1367 1386 1385
3 1368 1369 1387
3 1369 1388 1387
3 1369 1370 1388
3 1370 1389 1388
3 1370 1371 1389
3 1371 1390 1389
3 1371 1372 1390
3 1372 1391 1390
3 1372 1373 1391
3 1373 1392 1391
3 1373 1374 1392
3 1374 1393 1392
3 1374 1375 1393
3 1375 1394 1393
3 1375 1376 1394
3 1376 1395 1394
3 1376 1377 1395
3 1377 1396 1395
3 1377 1378 1396
3 1378 1397 1396
3 1378 1379 1397
3 1379 1398 1397
3 1379 1380 1398
3 1380 1399 1398
3 1380 1381 1399
3 1381 1400 1399
3 1381 1382 1400
3 1382 1401 1400
3 1382 1383 1401
3 1383 1402 1401
3 1383 1384 1402
3 1384 1403 1402
3 1384 1385 1403
3 1385 1404 1403
3 1385 1386 1404
3 1386 1405 1404
3 1387 1388 1406
3 1388 1407 1406
3 1388 1389 1407
3 1389 1408 1407
3 1389 1390 1408
3 1390 1409 1408
3 1390 1391 1409
3 1391 1410 1409
3 1391 1392 1410
3 1392 1411 1410
3 1392 1393 1411
3 1393 1412 1411
3 1393 1394 1412
3 1394 1413 1412
3 1394 1395 1413
3 1395 1414 1413
3 1395 1396 1414
3 1396 1415 1414
3 1396 1397 1415
3 1397 1416 1415
3 1397 1398 1416
3 1398 1417 1416
3 1398 1399 1417
3 1399 1418 1417
3 1399 1400 1418
3 1400 1419 1418
3 1400 1401 1419
3 1401 1420 1419
3 1401 1402 1420
3 1402 1421 1420
3 1402 1403 1421
3 1403 1422 1421
3 1403 1404 1422
3 1404 1423 1422
3 1404 1405 1423
3 1405 1424 1423
3 1406 1407 1425
3 1407 1426 1425
3 1407 1408 1426
3 1408 1427 1426
3 1408 1409 1427
3 1409 1428 1427
3 1409 1410 1428
3 1410 1429 1428
3 1410 1411 1429
3 1411 1430 1429
3 1411 1412 1430
3 1412 1431 1430
3 1412 1413 1431
3 1413 1432 1431
3 1413 1414 1432
3 1414 1433 1432
3 1414 1415 1433
3 1415 1434 1433
3 1415 1416 1434
3 1416 1435 1434
3 1416 1417 1435
3 1417 1436 1435
3 1417 1418 1436
3 1418 1437 1436
3 1418 1419 1437
3 1419 1438 1437
3 1419 1420 1438
3 1420 1439 1438
3 1420 1421 1439
3 1421 1440 1439
3 1421 1422 1440
3 1422 1441 1440
3 1422 1423 1441
3 1423 1442 1441
3 1423 1424 1442
3 1424 1443 1442
3 1425 1426 1444
3 1426 1445 1444
3 1426 1427 1445
3 1427 1446 1445
3 1427 1428 1446
3 1428 1447 1446
3 1428 1429 1447
3 1429 1448 1447
3 1429 1430 1448
3 1430 1449 1448
3 1430 1431 1449
3 1431 1450 1449
3 1431 1432 1450
3 1432 1451 1450
3 1432 1433 1451
3 1433 1452 1451
3 1433 1434 1452
3 1434 1453 1452
3 1434 1435 1453
3 1435 1454 1453
3 1435 1436 1454
3 1436 1455 1454
3 1436 1437 1455
3 1437 1456 1455
3 1437 1438 1456
3 1438 1457 1456
3 1438 1439 1457
3 1439 1458 1457
3 1439 1440 1458
3 1440 1459 1458
3 1440 1441 1459
3 1441 1460 1459
3 1441 1442 1460
3 1442 1461 1460
3 1442 1443 1461
3 1443 1462 1461
3 1463 1464 1482
3 1464 1483 1482
3 1464 1465 1483
3 1465 1484 1483
3 1465 1466 1484
3 1466 1485 1484
3 1466 1467 1485
3 1467 1486 1485
3 1467 1468 1486
3 1468 1487 1486
3 1468 1469 1487
3 1469 1488 1487
3 1469 1470 1488
3 1470 1489 1488
3 1470 1471 1489
3 1471 1490 1489
3 1471 1472 1490
3 1472 1491 1490
3 1472 1473 1491
3 1473 1492 1491
3 1473 1474 1492
3 1474 1493 1492
3 1474 1475 1493
3 1475 1494 1493
3 1475 1476 1494
3 1476 1495 1494
3 1476 1477 1495
3 1477 1496 1495
3 1477 1478 1496
3 1478 1497 1496
3 1478 1479 1497
3 1479 1498 1497
3 1479 1480 1498
3 1480 1499 1498
3 1480 1481 1499
3 1481 1500 1499
3 1482 1483 1501
3 1483 1502 1501
3 1483 1484 1502
3 1484 1503 1502
3 1484 1485 1503
3 1485 1504 1503
3 1485 1486 1504
3 1486 1505 1504
3 1486 1487 1505
3 1487 1506 1505
3 1487 1488 1506
3 1488 1507 1506
3 1488 1489 1507
3 1489 1508 1507
3 1489 1490 1508
3 1490 1509 1508
3 1490 1491 1509
3 1491 1510 1509
3 1491 1492 1510
3 1492 1511 1510
3 1492 1493 1511
3 1493 1512 1511
3 1493 1494 1512
3 1494 1513 1512
3 1494 1495 1513
3 1495 1514 1513
3 1495 1496 1514
3 1496 1515 1514
3 1496 1497 1515
3 1497 1516 1515
3 1497 1498 1516
3 1498 1517 1516
3 1498 1499 1517
3 1499 1518 1517
3 1499 1500 1518
3 1500 1519 1518
3 1501 1502 1520
3 1502 1521 1520
3 1502 1503 1521
3 1503 1522 1521
3 1503 1504 1522
3 1504 1523 1522
3 1504 1505 1523
3 1505 1524 1523
3 1505 1506 1524
3 1506 1525 1524
3 1506 1507 1525
3 1507 1526 1525
3 1507 1508 1526
3 1508 1527 1526
3 1508 1509 1527
3 1509 1528 1527
3 1509 1510 1528
3 1510 1529 1528
3 1510 1511 1529
3 1511 1530 1529
3 1511 1512 1530
3 1512 1531 1530
3 1512 1513 1531
3 1513 1532 1531
3 1513 1514 1532
3 1514 1533 1532
3 1514 1515 1533
3 1515 1534 1533
3 1515 1516 1534
3 1516 1535 1534
3 1516 1517 1535
3 1517 1536 1535
3 1517 1518 1536
3 1518 1537 1536
3 1518 1519 1537
3 1519 1538 1537
3 1520 1521 1539
3 1521 1540 1539
3 1521 1522 1540
3 1522 1541 1540
3 1522 1523 1541
3 1523 1542 1541
3 1523 1524 1542
3 1524 1543 1542
3 1524 1525 1543
3 1525 1544 1543
3 1525 1526 1544
3 1526 1545 1544
3 1526 1527 1545
3 1527 1546 1545
3 1527 1528 1546
3 1528 1547 1546
3 1528 1529 1547
3 1529 1548 1547
3 1529 1530 1548
3 1530 1549 1548
3 1530 1531 1549
3 1531 1550 1549
3 1531 1532 1550
3 1532 1551 1550
3 1532 1533 1551
3 1533 1552 1551
3 1533 1534 1552
3 1534 1553 1552
3 1534 1535 1553
3 1535 1554 1553
3 1535 1536 1554
3 1536 1555 1554
3 1536 1537 1555
3 1537 1556 1555
3 1537 1538 1556
3 1538 1557 1556
3 1539 1540 1558
3 1540 1559 1558
3 1540 1541 1559
3 1541 1560 1559
3 1541 1542 1560
3 1542 1561 1560
3 1542 1543 1561
3 1543 1562 1561
3 1543 1544 1562
3 1544 1563 1562
3 1544 1545 1563
3 1545 1564 1563
3 1545 1546 1564
3 1546 1565 1564
3 1546 1547 1565
3 1547 1566 1565
3 1547 1548 1566
3 1548 1567 1566
3 1548 1549 1567
3 1549 1568 1567
3 1549 1550 1568
3 1550 1569 1568
3 1550 1551 1569
3 1551 1570 1569
3 1551 1552 1570
3 1552 1571 1570
3 1552 1553 1571
3 1553 1572 1571
3 1553 1554 1572
3 1554 1573 1572
3 1554 1555 1573
3 1555 1574 1573
3 1555 1556 1574
3 1556 1575 1574
3 1556 1557 1575
3 1557 1576 1575
3 1558 1559 1577
3 1559 1578 1577
3 1559 1560 1578
3 1560 1579 1578
3 1560 1561 1579
3 1561 1580 1579
3 1561 1562 1580
3 1562 1581 1580
3 1562 1563 1581
3 1563 1582 1581
3 1563 1564 1582
3 1564 1583 1582
3 1564 1565 1583
3 1565 1584 1583
3 1565 1566 1584
3 1566 1585 1584
3 1566 1567 1585
3 1567 1586 1585
3 1567 1568 1586
3 1568 1587 1586
3 1568 1569 1587
3 1569 1588 1587
3 1569 1570 1588
3 1570 1589 1588
3 1570 1571 1589
3 1571 1590 1589
3 1571 1572 1590
3 1572 1591 1590
3 1572 1573 1591
3 1573 1592 1591
3 1573 1574 1592
3 1574 1593 1592
3 1574 1575 1593
3 1575 1594 1593
3 1575 1576 1594
3 1576 1595 1594
3 1577 1578 1596
3 1578 1597 1596
3 1578 1579 1597
3 1579 1598 1597
3 1579 1580 1598
3 1580 1599 1598
3 1580 1581 1599
3 1581 1600 1599
3 1581 1582 1600
3 1582 1601 1600
3 1582 1583 1601
3 1583 1602 1601
3 1583 1584 1602
3 1584 1603 1602
3 1584 1585 1603
3 1585 1604 1603
3 1585 1586 1604
3 1586 1605 1604
3 1586 1587 1605
3 1587 1606 1605
3 1587 1588 1606
3 1588 1607 1606
3 1588 1589 1607
3 1589 1608 1607
3 1589 1590 1608
3 1590 1609 1608
3 1590 1591 1609
3 1591 1610 1609
3 1591 1592 1610
3 1592 1611 1610
3 1592 1593 1611
3 1593 1612 1611
3 1593 1594 1612
3 1594 1613 1612
3 1594 1595 1613
3 1595 1614 1613
3 1596 1597 1615
3 1597 1616 1615
3 1597 1598 1616
3 1598 1617 1616
3 1598 1599 1617
3 1599 1618 1617
3 1599 1600 1618
3 1600 1619 1618
3 1600 1601 1619
3 1601 1620 1619
3 1601 1602 1620
3 1602 1621 1620
3 1602 1603 1621
3 1603 1622 1621
3 1603 1604 1622
3 1604 1623 1622
3 1604 1605 1623
3 1605 1624 1623
3 1605 1606 1624
3 1606 1625 1624
3 1606 1607 1625
3 1607 1626 1625
3 1607 1608 1626
3 1608 1627 1626
3 1608 1609 1627
3 1609 1628 1627
3 1609 1610 1628
3 1610 1629 1628
3 1610 1611 1629
3 1611 1630 1629
3 1611 1612 1630
3 1612 1631 1630
3 1612 1613 1631
3 1613 1632 1631
3 1613 1614 1632
3 1614 1633 1632
3 1615 1616 1634
3 1616 1635 1634
3 1616 1617 1635
3 1617 1636 1635
3 1617 1618 1636
3 1618 1637 1636
3 1618 1619 1637
3 1619 1638 1637
3 1619 1620 1638
3 1620 1639 1638
3 1620 1621 1639
3 1621 1640 1639
3 1621 1622 1640
3 1622 1641 1640
3 1622 1623 1641
3 1623 1642 1641
3 1623 1624 1642
3 1624 1643 1642
3 1624 1625 1643
3 1625 1644 1643
3 1625 1626 1644
3 1626 1645 1644
3 1626 1627 1645
3 1627 1646 1645
3 1627 1628 1646
3 1628 1647 1646
3 1628 1629 1647
3 1629 1648 1647
3 1629 1630 1648
3 1630 1649 1648
3 1630 1631 1649
3 1631 1650 1649
3 1631 1632 1650
3 1632 1651 1650
3 1632 1633 1651
3 1633 1652 1651
3 1634 1635 1653
3 1635 1654 1653
3 1635 1636 1654
3 1636 1655 1654
3 1636 1637 1655
3 1637 1656 1655
3 1637 1638 1656
3 1638 1657 1656
3 1638 1639 1657
3 1639 1658 1657
3 1639 1640 1658
3 1640 1659 1658
3 1640 1641 1659
3 1641 1660 1659
3 1641 1642 1660
3 1642 1661 1660
3 1642 1643 1661
3 1643 1662 1661
3 1643 1644 1662
3 1644 1663 1662
3 1644 1645 1663
3 1645 1664 1663
3 1645 1646 1664
3 1646 1665 1664
3 1646 1647 1665
3 1647 1666 1665
3 1647 1648 1666
3 1648 1667 1666
3 1648 1649 1667
3 1649 1668 1667
3 1649 1650 1668
3 1650 1669 1668
3 1650 1651 1669
3 1651 1670 1669
3 1651 1652 1670
3 1652 1671 1670
3 1672 1673 1691
3 1673 1692 1691
3 1673 1674 1692
3 1674 1693 1692
3 1674 1675 1693
3 1675 1694 1693
3 1675 1676 1694
3 1676 1695 1694
3 1676 1677 1695
3 1677 1696 1695
3 1677 1678 1696
3 1678 1697 1696
3 1678 1679 1697
3 1679 1698 1697
3 1679 1680 1698
3 1680 1699 1698
3 1680 1681 1699
3 1681 1700 1699
3 1681 1682 1700
3 1682 1701 1700
3 1682 1683 1701
3 1683 1702 1701
3 1683 1684 1702
3 1684 1703 1702
3 1684 1685 1703
3 1685 1704 1703
3 1685 1686 1704
3 1686 1705 1704
3 1686 1687 1705
3 1687 1706 1705
3 1687 1688 1706
3 1688 1707 1706
3 1688 1689 1707
3 1689 1708 1707
3 1689 1690 1708
3 1690 1709 1708
3 1691 1692 1710
3 1692 1711 1710
3 1692 1693 1711
3 1693 1712 1711
3 1693 1694 1712
3 1694 1713 1712
3 1694 1695 1713
3 1695 1714 1713
3 1695 1696 1714
3 1696 1715 1714
3 1696 1697 1715
3 1697 1716 1715
3 1697 1698 1716
3 1698 1717 1716
3 1698 1699 1717
3 1699 1718 1717
3 1699 1700 1718
3 1700 1719 1718
3 1700 1701 1719
3 1701 1720 1719
3 1701 1702 1720
3 1702 1721 1720
3 1702 1703 1721
3 1703 1722 1721
3 1703 1704 1722
3 1704 1723 1722
3 1704 1705 1723
3 1705 1724 1723
3 1705 1706 1724
3 1706 1725 1724
3 1706 1707 1725
3 1707 1726 1725
3 1707 1708 1726
3 1708 1727 1726
3 1708 1709 1727
3 1709 1728 1727
3 1710 1711 1729
3 1711 1730 1729
3 1711 1712 1730
3 1712 1731 1730
3 1712 1713 1731
3 1713 1732 1731
3 1713 1714 1732
3 1714 1733 1732
3 1714 1715 1733
3 1715 1734 1733
3 1715 1716 1734
3 1716 1735 1734
3 1716 1717 1735
3 1717 1736 1735
3 1717 1718 1736
3 1718 1737 1736
3 1718 1719 1737
3 1719 1738 1737
3 1719 1720 1738
3 1720 1739 1738
3 1720 1721 1739
3 1721 1740 1739
3 1721 1722 1740
3 1722 1741 1740
3 1722 1723 1741
3 1723 1742 1741
3 1723 1724 1742
3 1724 1743 1742
3 1724 1725 1743
3 1725 1744 1743
3 1725 1726 1744
3 1726 1745 1744
3 1726 1727 1745
3 1727 1746 1745
3 1727 1728 1746
3 1728 1747 1746
3 1729 1730 1748
3 1730 1749 1748
3 1730 1731 1749
3 1731 1750 1749
3 1731 1732 1750
3 1732 1751 1750
3 1732 1733 1751
3 1733 1752 1751
3 1733 1734 1752
3 1734 1753 1752
3 1734 1735 1753
3 1735 1754 1753
3 1735 1736 1754
3 1736 1755 1754
3 1736 1737 1755
3 1737 1756 1755
3 1737 1738 1756
3 1738 1757 1756
3 1738 1739 1757
3 1739 1758 1757
3 1739 1740 1758
3 1740 1759 1758
3 1740 1741 1759
3 1741 1760 1759
3 1741 1742 1760
3 1742 1761 1760
3 1742 1743 1761
3 1743 1762 1761
3 1743 1744 1762
3 1744 1763 1762
3 1744 1745 1763
3 1745 1764 1763
3 1745 1746 1764
3 1746 1765 1764
3 1746 1747 1765
3 1747 1766 1765
3 1748 1749 1767
3 1749 1768 1767
3 1749 1750 1768
3 1750 1769 1768
3 1750 1751 1769
3 1751 1770 1769
3 1751 1752 1770
3 1752 1771 1770
3 1752 1753 1771
3 1753 1772 1771
3 1753 1754 1772
3 1754 1773 1772
3 1754 1755 1773
3 1755 1774 1773
3 1755 1756 1774
3 1756 1775 1774
3 1756 1757 1775
3 1757 1776 1775
3 1757 1758 1776
3 1758 1777 1776
3 1758 1759 1777
3 1759 1778 1777
3 1759 1760 1778
3 1760 1779 1778
3 1760 1761 1779
3 1761 1780 1779
3 1761 1762 1780
3 1762 1781 1780
3 1762 1763 1781
3 1763 1782 1781
3 1763 1764 1782
3 1764 1783 1782
3 1764 1765 1783
3 1765 1784 1783
3 1765 1766 1784
3 1766 1785 1784
3 1767 1768 1786
3 1768 1787 1786
3 1768 1769 1787
3 1769 1788 1787
3 1769 1770 1788
3 1770 1789 1788
3 1770 1771 1789
3 1771 1790 1789
3 1771 1772 1790
3 1772 1791 1790
3 1772 1773 1791
3 1773 1792 1791
3 1773 1774 1792
3 1774 1793 1792
3 1774 1775 1793
3 1775 1794 1793
3 1775 1776 1794
3 1776 1795 1794
3 1776 1777 1795
3 1777 1796 1795
3 1777 1778 1796
3 1778 1797 1796
3 1778 1779 1797
3 1779 1798 1797
3 1779 1780 1798
3 1780 1799 1798
3 1780 1781 1799
3 1781 1800 1799
3 1781 1782 1800
3 1782 1801 1800
3 1782 1783 1801
3 1783 1802 1801
3 1783 1784 1802
3 1784 1803 1802
3 1784 1785 1803
3 1785 1804 1803
3 1786 1787 1805
3 1787 1806 1805
3 1787 1788 1806
3 1788 1807 1806
3 1788 1789 1807
3 1789 1808 1807
3 1789 1790 1808
3 1790 1809 1808
3 1790 1791 1809
3 1791 1810 1809
3 1791 1792 1810
3 1792 1811 1810
3 1792 1793 1811
3 1793 1812 1811
3 1793 1794 1812
3 1794 1813 1812
3 1794 1795 1813
3 1795 1814 1813
3 1795 1796 1814
3 1796 1815 1814
3 1796 1797 1815
3 1797 1816 1815
3 1797 1798 1816
3 1798 1817 1816
3 1798 1799 1817
3 1799 1818 1817
3 1799 1800 1818
3 1800 1819 1818
3 1800 1801 1819
3 1801 1820 1819
3 1801 1802 1820
3 1802 1821 1820
3 1802 1803 1821
3 1803 1822 1821
3 1803 1804 1822
3 1804 1823 1822
3 1805 1806 1824
3 1806 1825 1824
3 1806 1807 1825
3 1807 1826 1825
3 1807 1808 1826
3 1808 1827 1826
3 1808 1809 1827
3 1809 1828 1827
3 1809 1810 1828
3 1810 1829 1828
3 1810 1811 1829
3 1811 1830 1829
3 1811 1812 1830
3 1812 1831 1830
3 1812 1813 1831
3 1813 1832 1831
3 1813 1814 1832
3 1814 1833 1832
3 1814 1815 1833
3 1815 1834 1833
3 1815 1816 1834
3 1816 1835 1834
3 1816 1817 1835
3 1817 1836 1835
3 1817 1818 1836
3 1818 1837 1836
3 1818 1819 1837
3 1819 1838 1837
3 1819 1820 1838
3 1820 1839 1838
3 1820 1821 1839
3 1821 1840 1839
3 1821 1822 1840
3 1822 1841 1840
3 1822 1823 1841
3 1823 1842 1841
3 1824 1825 1843
3 1825 1844 1843
3 1825 1826 1844
3 1826 1845 1844
3 1826 1827 1845
3 1827 1846 1845
3 1827 1828 1846
3 1828 1847 1846
3 1828 1829 1847
3 1829 1848 1847
3 1829 1830 1848
3 1830 1849 1848
3 1830 1831 1849
3 1831 1850 1849
3 1831 1832 1850
3 1832 1851 1850
3 1832 1833 1851
3 1833 1852 1851
3 1833 1834 1852
3 1834 1853 1852
3 1834 1835 1853
3 1835 1854 1853
3 1835 1836 1854
3 1836 1855 1854
3 1836 1837 1855
3 1837 1856 1855
3 1837 1838 1856
3 1838 1857 1856
3 1838 1839 1857
3 1839 1858 1857
3 1839 1840 1858
3 1840 1859 1858
3 1840 1841 1859
3 1841 1860 1859
3 1841 1842 1860
3 1842 1861 1860
3 1843 1844 1862
3 1844 1863 1862
3 1844 1845 1863
3 1845 1864 1863
3 1845 1846 1864
3 1846 1865 1864
3 1846 1847 1865
3 1847 1866 1865
3 1847 1848 1866
3 1848 1867 1866
3 1848 1849 1867
3 1849 1868 1867
3 1849 1850 1868
3 1850 1869 1868
3 1850 1851 1869
3 1851 1870 1869
3 1851 1852 1870
3 1852 1871 1870
3 1852 1853 1871
3 1853 1872 1871
3 1853 1854 1872
3 1854 1873 1872
3 1854 1855 1873
3 1855 1874 1873
3 1855 1856 1874
3 1856 1875 1874
3 1856 1857 1875
3 1857 1876 1875
3 1857 1858 1876
3 1858 1877 1876
3 1858 1859 1877
3 1859 1878 1877
3 1859 1860 1878
3 1860 1879 1878
3 1860 1861 1879
3 1861 1880 1879
3 1881 1882 1900
3 1882 1901 1900
3 1882 1883 1901
3 1883 1902 1901
3 1883 1884 1902
3 1884 1903 1902
3 1884 1885 1903
3 1885 1904 1903
3 1885 1886 1904
3 1886 1905 1904
3 1886 1887 1905
3 1887 1906 1905
3 1887 1888 1906
3 1888 1907 1906
3 1888 1889 1907
3 1889 1908 1907
3 1889 1890 1908
3 1890 1909 1908
3 1890 1891 1909
3 1891 1910 1909
3 1891 1892 1910
3 1892 1911 1910
3 1892 1893 1911
3 1893 1912 1911
3 1893 1894 1912
3 1894 1913 1912
3 1894 1895 1913
3 1895 1914 1913
3 1895 1896 1914
3 1896 1915 1914
3 1896 1897 1915
3 1897 1916 1915
3 1897 1898 1916
3 1898 1917 1916
3 1898 1899 1917
3 1899 1918 1917
3 1900 1901 1919
3 1901 1920 1919
3 1901 1902 1920
3 1902 1921 1920
3 1902 1903 1921
3 1903 1922 1921
3 1903 1904 1922
3 1904 1923 1922
3 1904 1905 1923
3 1905 1924 1923
3 1905 1906 1924
3 1906 1925 1924
3 1906 1907 1925
3 1907 1926 1925
3 1907 1908 1926
3 1908 1927 1926
3 1908 1909 1927
3 1909 1928 1927
3 1909 1910 1928
3 1910 1929 1928
3 1910 1911 1929
3 1911 1930 1929
3 1911 1912 1930
3 1912 1931 1930
3 1912 1913 1931
3 1913 1932 1931
3 1913 1914 1932
3 1914 1933 1932
3 1914 1915 1933
3 1915 1934 1933
3 1915 1916 1934
3 1916 1935 1934
3 1916 1917 1935
3 1917 1936 1935
3 1917 1918 1936
3 1918 1937 1936
3 1919 1920 1938
3 1920 1939 1938
3 1920 1921 1939
3 1921 1940 1939
3 1921 1922 1940
3 1922 1941 1940
3 1922 1923 1941
3 1923 1942 1941
3 1923 1924 1942
3 1924 1943 1942
3 1924 1925 1943
3 1925 1944 1943
3 1925 1926 1944
3 1926 1945 1944
3 1926 1927 1945
3 1927 1946 1945
3 1927 1928 1946
3 1928 1947 1946
3 1928 1929 1947
3 1929 1948 1947
3 1929 1930 1948
3 1930 1949 1948
3 1930 1931 1949
3 1931 1950 1949
3 1931 1932 1950
3 1932 1951 1950
3 1932 1933 1951
3 1933 1952 1951
3 1933 1934 1952
3 1934 1953 1952
3 1934 1935 1953
3 1935 1954 1953
3 1935 1936 1954
3 1936 1955 1954
3 1936 1937 1955
3 1937 1956 1955
3 1938 1939 1957
3 1939 1958 1957
3 1939 1940 1958
3 1940 1959 1958
3 1940 1941 1959
3 1941 1960 1959
3 1941 1942 1960
3 1942 1961 1960
3 1942 1943 1961
3 1943 1962 1961
3 1943 1944 1962
3 1944 1963 1962
3 1944 1945 1963
3 1945 1964 1963
3 1945 1946 1964
3 1946 1965 1964
3 1946 1947 1965
3 1947 1966 1965
3 1947 1948 1966
3 1948 1967 1966
3 1948 1949 1967
3 1949 1968 1967
3 1949 1950 1968
3 1950 1969 1968
3 1950 1951 1969
3 1951 1970 1969
3 1951 1952 1970
3 1952 1971 1970
3 1952 1953 1971
3 1953 1972 1971
3 1953 1954 1972
3 1954 1973 1972
3 1954 1955 1973
3 1955 1974 1973
3 1955 1956 1974
3 1956 1975 1974
3 1957 1958 1976
3 1958 1977 1976
3 1958 1959 1977
3 1959 1978 1977
3 1959 1960 1978
3 1960 1979 1978
3 1960 1961 1979
3 1961 1980 1979
3 1961 1962 1980
3 1962 1981 1980
3 1962 1963 1981
3 1963 1982 1981
3 1963 1964 1982
3 1964 1983 1982
3 1964 1965 1983
3 1965 1984 1983
3 1965 1966 1984
3 1966 1985 1984
3 1966 1967 1985
3 1967 1986 1985
3 1967 1968 1986
3 1968 1987 1986
3 1968 1969 1987
3 1969 1988 1987
3 1969 1970 1988
3 1970 1989 1988
3 1970 1971 1989
3 1971 1990 1989
3 1971 1972 1990
3 1972 1991 1990
3 1972 1973 1991
3 1973 1992 1991
3 1973 1974 1992
3 1974 1993 1992
3 1974 1975 1993
3 1975 1994 1993
3 1976 1977 1995
3 1977 1996 1995
3 1977 1978 1996
3 1978 1997 1996
3 1978 1979 1997
3 1979 1998 1997
3 1979 1980 1998
3 1980 1999 1998
3 1980 1981 1999
3 1981 2000 1999
3 1981 1982 2000
3 1982 2001 2000
3 1982 1983 2001
3 1983 2002 2001
3 1983 1984 2002
3 1984 2003 2002
3 1984 1985 2003
3 1985 2004 2003
3 1985 1986 2004
3 1986 2005 2004
3 1986 1987 2005
3 1987 2006 2005
3 1987 1988 2006
3 1988 2007 2006
3 1988 1989 2007
3 1989 2008 2007
3 1989 1990 2008
3 1990 2009 2008
3 1990 1991 2009
3 1991 2010 2009
3 1991 1992 2010
3 1992 2011 2010
3 1992 1993 2011
3 1993 2012 2011
3 1993 1994 2012
3 1994 2013 2012
3 1995 1996 2014
3 1996 2015 2014
3 1996 1997 2015
3 1997 2016 2015
3 1997 1998 2016
3 1998 2017 2016
3 1998 1999 2017
3 1999 2018 2017
3 1999 2000 2018
3 2000 2019 2018
3 2000 2001 2019
3 2001 2020 2019
3 2001 2002 2020
3 2002 2021 2020
3 2002 2003 2021
3 2003 2022 2021
3 2003 2004 2022
3 2004 2023 2022
3 2004 2005 2023
3 2005 2024 2023
3 2005 2006 2024
3 2006 2025 2024
3 2006 2007 2025
3 2007 2026 2025
3 2007 2008 2026
3 2008 2027 2026
3 2008 2009 2027
3 2009 2028 2027
3 2009 2010 2028
3 2010 2029 2028
3 2010 2011 2029
3 2011 2030 2029
3 2011 2012 2030
3 2012 2031 2030
3 2012 2013 2031
3 2013 2032 2031
3 2014 2015 2033
3 2015 2034 2033
3 2015 2016 2034
3 2016 2035 2034
3 2016 2017 2035
3 2017 2036 2035
3 2017 2018 2036
3 2018 2037 2036
3 2018 2019 2037
3 2019 2038 2037
3 2019 2020 2038
3 2020 2039 2038
3 2020 2021 2039
3 2021 2040 2039
3 2021 2022 2040
3 2022 2041 2040
3 2022 2023 2041
3 2023 2042 2041
3 2023 2024 2042
3 2024 2043 2042
3 2024 2025 2043
3 2025 2044 2043
3 2025 2026 2044
3 2026 2045 2044
3 2026 2027 2045
3 2027 2046 2045
3 2027 2028 2046
3 2028 2047 2046
3 2028 2029 2047
3 2029 2048 2047
3 2029 2030 2048
3 2030 2049 2048
3 2030 2031 2049
3 2031 2050 2049
3 2031 2032 2050
3 2032 2051 2050
3 2033 2034 2052
3 2034 2053 2052
3 2034 2035 2053
3 2035 2054 2053
3 2035 2036 2054
3 2036 2055 2054
3 2036 2037 2055
3 2037 2056 2055
3 2037 2038 2056
3 2038 2057 2056
3 2038 2039 2057
3 2039 2058 2057
3 2039 2040 2058
3 2040 2059 2058
3 2040 2041 2059
3 2041 2060 2059
3 2041 2042 2060
3 2042 2061 2060
3 2042 2043 2061
3 2043 2062 2061
3 2043 2044 2062
3 2044 2063 2062
3 2044 2045 2063
3 2045 2064 2063
3 2045 2046 2064
3 2046 2065 2064
3 2046 2047 2065
3 2047 2066 2065
3 2047 2048 2066
3 2048 2067 2066
3 2048 2049 2067
3 2049 2068 2067
3 2049 2050 2068
3 2050 2069 2068
3 2050 2051 2069
3 2051 2070 2069
3 2052 2053 2071
3 2053 2072 2071
3 2053 2054 2072
3 2054 2073 2072
3 2054 2055 2073
3 2055 2074 2073
3 2055 2056 2074
3 2056 2075 2074
3 2056 2057 2075
3 2057 2076 2075
3 2057 2058 2076
3 2058 2077 2076
3 2058 2059 2077
3 2059 2078 2077
3 2059 2060 2078
3 2060 2079 2078
3 2060 2061 2079
3 2061 2080 2079
3 2061 2062 2080
3 2062 2081 2080
3 2062 2063 2081
3 2063 2082 2081
3 2063 2064 2082
3 2064 2083 2082
3 2064 2065 2083
3 2065 2084 2083
3 2065 2066 2084
3 2066 2085 2084
3 2066 2067 2085
3 2067 2086 2085
3 2067 2068 2086
3 2068 2087 2086
3 2068 2069 2087
3 2069 2088 2087
3 2069 2070 2088
3 2070 2089 2088
3 2090 2091 2109
3 2091 2110 2109
3 2091 2092 2110
3 2092 2111 2110
3 2092 2093 2111
3 2093 2112 2111
3 2093 2094 2112
3 2094 2113 2112
3 2094 2095 2113
3 2095 2114 2113
3 2095 2096 2114
3 2096 2115 2114
3 2096 2097 2115
3 2097 2116 2115
3 2097 2098 2116
3 2098 2117 2116
3 2098 2099 2117
3 2099 2118 2117
3 2099 2100 2118
3 2100 2119 2118
3 2100 2101 2119
3 2101 2120 2119
3 2101 2102 2120
3 2102 2121 2120
3 2102 2103 2121
3 2103 2122 2121
3 2103 2104 2122
3 2104 2123 2122
3 2104 2105 2123
3 2105 2124 2123
3 2105 2106 2124
3 2106 2125 2124
3 2106 2107 2125
3 2107 2126 2125
3 2107 2108 2126
3 2108 2127 2126
3 2109 2110 2128
3 2110 2129 2128
3 2110 2111 2129
3 2111 2130 2129
3 2111 2112 2130
3 2112 2131 2130
3 2112 2113 2131
3 2113 2132 2131
3 2113 2114 2132
3 2114 2133 2132
3 2114 2115 2133
3 2115 2134 2133
3 2115 2116 2134
3 2116 2135 2134
3 2116 2117 2135
3 2117 2136 2135
3 2117 2118 2136
3 2118 2137 2136
3 2118 2119 2137
3 2119 2138 2137
3 2119 2120 2138
3 2120 2139 2138
3 2120 2121 2139
3 2121 2140 2139
3 2121 2122 2140
3 2122 2141 2140
3 2122 2123 2141
3 2123 2142 2141
3 2123 2124 2142
3 2124 2143 2142
3 2124 2125 2143
3 2125 2144 2143
3 2125 2126 2144
3 2126 2145 2144
3 2126 2127 2145
3 2127 2146 2145
3 2128 2129 2147
3 2129 2148 2147
3 2129 2130 2148
3 2130 2149 2148
3 2130 2131 2149
3 2131 2150 2149
3 2131 2132 2150
3 2132 2151 2150
3 2132 2133 2151
3 2133 2152 2151
3 2133 2134 2152
3 2134 2153 2152
3 2134 2135 2153
3 2135 2154 2153
3 2135 2136 2154
3 2136 2155 2154
3 2136 2137 2155
3 2137 2156 2155
3 2137 2138 2156
3 2138 2157 2156
3 2138 2139 2157
3 2139 2158 2157
3 2139 2140 2158
3 2140 2159 2158
3 2140 2141 2159
3 2141 2160 2159
3 2141 2142 2160
3 2142 2161 2160
3 2142 2143 2161
3 2143 2162 2161
3 2143 2144 2162
3 2144 2163 2162
3 2144 2145 2163
3 2145 2164 2163
3 2145 2146 2164
3 2146 2165 2164
3 2147 2148 2166
3 2148 2167 2166
3 2148 2149 2167
3 2149 2168 2167
3 2149 2150 2168
3 2150 2169 2168
3 2150 2151 2169
3 2151 2170 2169
3 2151 2152 2170
3 2152 2171 2170
3 2152 2153 2171
3 2153 2172 2171
3 2153 2154 2172
3 2154 2173 2172
3 2154 2155 2173
3 2155 2174 2173
3 2155 2156 2174
3 2156 2175 2174
3 2156 2157 2175
3 2157 2176 2175
3 2157 2158 2176
3 2158 2177 2176
3 2158 2159 2177
3 2159 2178 2177
3 2159 2160 2178
3 2160 2179 2178
3 2160 2161 2179
3 2161 2180 2179
3 2161 2162 2180
3 2162 2181 2180
3 2162 2163 2181
3 2163 2182 2181
3 2163 2164 2182
3 2164 2183 2182
3 2164 2165 2183
3 2165 2184 2183
3 2166 2167 2185
3 2167 2186 2185
3 2167 2168 2186
3 2168 2187 2186
3 2168 2169 2187
3 2169 2188 2187
3 2169 2170 2188
3 2170 2189 2188
3 2170 2171 2189
3 2171 2190 2189
3 2171 2172 2190
3 2172 2191 2190
3 2172 2173 2191
3 2173 2192 2191
3 2173 2174 2192
3 2174 2193 2192
3 2174 2175 2193
3 2175 2194 2193
3 2175 2176 2194
3 2176 2195 2194
3 2176 2177 2195
3 2177 2196 2195
3 2177 2178 2196
3 2178 2197 2196
3 2178 2179 2197
3 2179 2198 2197
3 2179 2180 2198
3 2180 2199 2198
3 2180 2181 2199
3 2181 2200 2199
3 2181 2182 2200
3 2182 2201 2200
3 2182 2183 2201
3 2183 2202 2201
3 2183 2184 2202
3 2184 2203 2202
3 2185 2186 2204
3 2186 2205 2204
3 2186 2187 2205
3 2187 2206 2205
3 2187 2188 2206
3 2188 2207 2206
3 2188 2189 2207
3 2189 2208 2207
3 2189 2190 2208
3 2190 2209 2208
3 2190 2191 2209
3 2191 2210 2209
3 2191 2192 2210
3 2192 2211 2210
3 2192 2193 2211
3 2193 2212 2211
3 2193 2194 2212
3 2194 2213 2212
3 2194 2195 2213
3 2195 2214 2213
3 2195 2196 2214
3 2196 2215 2214
3 2196 2197 2215
3 2197 2216 2215
3 2197 2198 2216
3 2198 2217 2216
3 2198 2199 2217
3 2199 2218 2217
3 2199 2200 2218
3 2200 2219 2218
3 2200 2201 2219
3 2201 2220 2219
3 2201 2202 2220
3 2202 2221 2220
3 2202 2203 2221
3 2203 2222 2221
3 2204 2205 2223
3 2205 2224 2223
3 2205 2206 2224
3 2206 2225 2224
3 2206 2207 2225
3 2207 2226 2225
3 2207 2208 2226
3 2208 2227 2226
3 2208 2209 2227
3 2209 2228 2227
3 2209 2210 2228
3 2210 2229 2228
3 2210 2211 2229
3 2211 2230 2229
3 2211 2212 2230
3 2212 2231 2230
3 2212 2213 2231
3 2213 2232 2231
3 2213 2214 2232
3 2214 2233 2232
3 2214 2215 2233
3 2215 2234 2233
3 2215 2216 2234
3 2216 2235 2234
3 2216 2217 2235
3 2217 2236 2235
3 2217 2218 2236
3 2218 2237 2236
3 2218 2219 2237
3 2219 2238 2237
3 2219 2220 2238
3 2220 2239 2238
3 2220 2221 2239
3 2221 2240 2239
3 2221 2222 2240
3 2222 2241 2240
3 2223 2224 2242
3 2224 2243 2242
3 2224 2225 2243
3 2225 2244 2243
3 2225 2226 2244
3 2226 2245 2244
3 2226 2227 2245
3 2227 2246 2245
3 2227 2228 2246
3 2228 2247 2246
3 2228 2229 2247
3 2229 2248 2247
3 2229 2230 2248
3 2230 2249 2248
3 2230 2231 2249
3 2231 2250 2249
3 2231 2232 2250
3 2232 2251 2250
3 2232 2233 2251
3 2233 2252 2251
3 2233 2234 2252
3 2234 2253 2252
3 2234 2235 2253
3 2235 2254 2253
3 2235 2236 2254
3 2236 2255 2254
3 2236 2237 2255
3 2237 2256 2255
3 2237 2238 2256
3 2238 2257 2256
3 2238 2239 2257
3 2239 2258 2257
3 2239 2240 2258
3 2240 2259 2258
3 2240 2241 2259
3 2241 2260 2259
3 2242 2243 2261
3 2243 2262 2261
3 2243 2244 2262
3 2244 2263 2262
3 2244 2245 2263
3 2245 2264 2263
3 2245 2246 2264
3 2246 2265 2264
3 2246 2247 2265
3 2247 2266 2265
3 2247 2248 2266
3 2248 2267 2266
3 2248 2249 2267
3 2249 2268 2267
3 2249 2250 2268
3 2250 2269 2268
3 2250 2251 2269
3 2251 2270 2269
3 2251 2252 2270
3 2252 2271 2270
3 2252 2253 2271
3 2253 2272 2271
3 2253 2254 2272
3 2254 2273 2272
3 2254 2255 2273
3 2255 2274 2273
3 2255 2256 2274
3 2256 2275 2274
3 2256 2257 2275
3 2257 2276 2275
3 2257 2258 2276
3 2258 2277 2276
3 2258 2259 2277
3 2259 2278 2277
3 2259 2260 2278
3 2260 2279 2278
3 2261 2262 2280
3 2262 2281 2280
3 2262 2263 2281
3 2263 2282 2281
3 2263 2264 2282
3 2264 2283 2282
3 2264 2265 2283
3 2265 2284 2283
3 2265 2266 2284
3 2266 2285 2284
3 2266 2267 2285
3 2267 2286 2285
3 2267 2268 2286
3 2268 2287 2286
3 2268 2269 2287
3 2269 2288 2287
3 2269 2270 2288
3 2270 2289 2288
3 2270 2271 2289
3 2271 2290 2289
3 2271 2272 2290
3 2272 2291 2290
3 2272 2273 2291
3 2273 2292 2291
3 2273 2274 2292
3 2274 2293 2292
3 2274 2275 2293
3 2275 2294 2293
3 2275 2276 2294
3 2276 2295 2294
3 2276 2277 2295
3 2277 2296 2295
3 2277 2278 2296
3 2278 2297 2296
3 2278 2279 2297
3 2279 2298 2297
3 2299 2300 2318
3 2300 2319 2318
3 2300 2301 2319
3 2301 2320 2319
3 2301 2302 2320
3 2302 2321 2320
3 2302 2303 2321
3 2303 2322 2321
3 2303 2304 2322
3 2304 2323 2322
3 2304 2305 2323
3 2305 2324 2323
3 2305 2306 2324
3 2306 2325 2324
3 2306 2307 2325
3 2307 2326 2325
3 2307 2308 2326
3 2308 2327 2326
3 2308 2309 2327
3 2309 2328 2327
3 2309 2310 2328
3 2310 2329 2328
3 2310 2311 2329
3 2311 2330 2329
3 2311 2312 2330
3 2312 2331 2330
3 2312 2313 2331
3 2313 2332 2331
3 2313 2314 2332
3 2314 2333 2332
3 2314 2315 2333
3 2315 2334 2333
3 2315 2316 2334
3 2316 2335 2334
3 2316 2317 2335
3 2317 2336 2335
3 2318 2319 2337
3 2319 2338 2337
3 2319 2320 2338
3 2320 2339 2338
3 2320 2321 2339
3 2321 2340 2339
3 2321 2322 2340
3 2322 2341 2340
3 2322 2323 2341
3 2323 2342 2341
3 2323 2324 2342
3 2324 2343 2342
3 2324 2325 2343
3 2325 2344 2343
3 2325 2326 2344
3 2326 2345 2344
3 2326 2327 2345
3 2327 2346 2345
3 2327 2328 2346
3 2328 2347 2346
3 2328 2329 2347
3 2329 2348 2347
3 2329 2330 2348
3 2330 2349 2348
3 2330 2331 2349
3 2331 2350 2349
3 2331 2332 2350
3 2332 2351 2350
3 2332 2333 2351
3 2333 2352 2351
3 2333 2334 2352
3 2334 2353 2352
3 2334 2335 2353
3 2335 2354 2353
3 2335 2336 2354
3 2336 2355 2354
3 2337 2338 2356
3 2338 2357 2356
3 2338 2339 2357
3 2339 2358 2357
3 2339 2340 2358
3 2340 2359 2358
3 2340 2341 2359
3 2341 2360 2359
3 2341 2342 2360
3 2342 2361 2360
3 2342 2343 2361
3 2343 2362 2361
3 2343 2344 2362
3 2344 2363 2362
3 2344 2345 2363
3 2345 2364 2363
3 2345 2346 2364
3 2346 2365 2364
3 2346 2347 2365
3 2347 2366 2365
3 2347 2348 2366
3 2348 2367 2366
3 2348 2349 2367
3 2349 2368 2367
3 2349 2350 2368
3 2350 2369 2368
3 2350 2351 2369
3 2351 2370 2369
3 2351 2352 2370
3 2352 2371 2370
3 2352 2353 2371
3 2353 2372 2371
3 2353 2354 2372
3 2354 2373 2372
3 2354 2355 2373
3 2355 2374 2373
3 2356 2357 2375
3 2357 2376 2375
3 2357 2358 2376
3 2358 2377 2376
3 2358 2359 2377
3 2359 2378 2377
3 2359 2360 2378
3 2360 2379 2378
3 2360 2361 2379
3 2361 2380 2379
3 2361 2362 2380
3 2362 2381 2380
3 2362 2363 2381
3 2363 2382 2381
3 2363 2364 2382
3 2364 2383 2382
3 2364 2365 2383
3 2365 2384 2383
3 2365 2366 2384
3 2366 2385 2384
3 2366 2367 2385
3 2367 2386 2385
3 2367 2368 2386
3 2368 2387 2386
3 2368 2369 2387
3 2369 2388 2387
3 2369 2370 2388
3 2370 2389 2388
3 2370 2371 2389
3 2371 2390 2389
3 2371 2372 2390
3 2372 2391 2390
3 2372 2373 2391
3 2373 2392 2391
3 2373 2374 2392
3 2374 2393 2392
3 2375 2376 2394
3 2376 2395 2394
3 2376 2377 2395
3 2377 2396 2395
3 2377 2378 2396
3 2378 2397 2396
3 2378 2379 2397
3 2379 2398 2397
3 2379 2380 2398
3 2380 2399 2398
3 2380 2381 2399
3 2381 2400 2399
3 2381 2382 2400
3 2382 2401 2400
3 2382 2383 2401
3 2383 2402 2401
3 2383 2384 2402
3 2384 2403 2402
3 2384 2385 2403
3 2385 2404 2403
3 2385 2386 2404
3 2386 2405 2404
3 2386 2387 2405
3 2387 2406 2405
3 2387 2388 2406
3 2388 2407 2406
3 2388 2389 2407
3 2389 2408 2407
3 2389 2390 2408
3 2390 2409 2408
3 2390 2391 2409
3 2391 2410 2409
3 2391 2392 2410
3 2392 2411 2410
3 2392 2393 2411
3 2393 2412 2411
3 2394 2395 2413
3 2395 2414 2413
3 2395 2396 2414
3 2396 2415 2414
3 2396 2397 2415
3 2397 2416 2415
3 2397 2398 2416
3 2398 2417 2416
3 2398 2399 2417
3 2399 2418 2417
3 2399 2400 2418
3 2400 2419 2418
3 2400 2401 2419
3 2401 2420 2419
3 2401 2402 2420
3 2402 2421 2420
3 2402 2403 2421
3 2403 2422 2421
3 2403 2404 2422
3 2404 2423 2422
3 2404 2405 2423
3 2405 2424 2423
3 2405 2406 2424
3 2406 2425 2424
3 2406 2407 2425
3 2407 2426 2425
3 2407 2408 2426
3 2408 2427 2426
3 2408 2409 2427
3 2409 2428 2427
3 2409 2410 2428
3 2410 2429 2428
3 2410 2411 2429
3 2411 2430 2429
3 2411 2412 2430
3 2412 2431 2430
3 2413 2414 2432
3 2414 2433 2432
3 2414 2415 2433
3 2415 2434 2433
3 2415 2416 2434
3 2416 2435 2434
3 2416 2417 2435
3 2417 2436 2435
3 2417 2418 2436
3 2418 2437 2436
3 2418 2419 2437
3 2419 2438 2437
3 2419 2420 2438
3 2420 2439 2438
3 2420 2421 2439
3 2421 2440 2439
3 2421 2422 2440
3 2422 2441 2440
3 2422 2423 2441
3 2423 2442 2441
3 2423 2424 2442
3 2424 2443 2442
3 2424 2425 2443
3 2425 2444 2443
3 2425 2426 2444
3 2426 2445 2444
3 2426 2427 2445
3 2427 2446 2445
3 2427 2428 2446
3 2428 2447 2446
3 2428 2429 2447
3 2429 2448 2447
3 2429 2430 2448
3 2430 2449 2448
3 2430 2431 2449
3 2431 2450 2449
3 2432 2433 2451
3 2433 2452 2451
3 2433 2434 2452
3 2434 2453 2452
3 2434 2435 2453
3 2435 2454 2453
3 2435 2436 2454
3 2436 2455 2454
3 2436 2437 2455
3 2437 2456 2455
3 2437 2438 2456
3 2438 2457 2456
3 2438 2439 2457
3 2439 2458 2457
3 2439 2440 2458
3 2440 2459 2458
3 2440 2441 2459
3 2441 2460 2459
3 2441 2442 2460
3 2442 2461 2460
3 2442 2443 2461
3 2443 2462 2461
3 2443 2444 2462
3 2444 2463 2462
3 2444 2445 2463
3 2445 2464 2463
3 2445 2446 2464
3 2446 2465 2464
3 2446 2447 2465
3 2447 2466 2465
3 2447 2448 2466
3 2448 2467 2466
3 2448 2449 2467
3 2449 2468 2467
3 2449 2450 2468
3 2450 2469 2468
3 2451 2452 2470
3 2452 2471 2470
3 2452 2453 2471
3 2453 2472 2471
3 2453 2454 2472
3 2454 2473 2472
3 2454 2455 2473
3 2455 2474 2473
3 2455 2456 2474
3 2456 2475 2474
3 2456 2457 2475
3 2457 2476 2475
3 2457 2458 2476
3 2458 2477 2476
3 2458 2459 2477
3 2459 2478 2477
3 2459 2460 2478
3 2460 2479 2478
3 2460 2461 2479
3 2461 2480 2479
3 2461 2462 2480
3 2462 2481 2480
3 2462 2463 2481
3 2463 2482 2481
3 2463 2464 2482
3 2464 2483 2482
3 2464 2465 2483
3 2465 2484 2483
3 2465 2466 2484
3 2466 2485 2484
3 2466 2467 2485
3 2467 2486 2485
3 2467 2468 2486
3 2468 2487 2486
3 2468 2469 2487
3 2469 2488 2487
3 2470 2471 2489
3 2471 2490 2489
3 2471 2472 2490
3 2472 2491 2490
3 2472 2473 2491
3 2473 2492 2491
3 2473 2474 2492
3 2474 2493 2492
3 2474 2475 2493
3 2475 2494 2493
3 2475 2476 2494
3 2476 2495 2494
3 2476 2477 2495
3 2477 2496 2495
3 2477 2478 2496
3 2478 2497 2496
3 2478 2479 2497
3 2479 2498 2497
3 2479 2480 2498
3 2480 2499 2498
3 2480 2481 2499
3 2481 2500 2499
3 2481 2482 2500
3 2482 2501 2500
3 2482 2483 2501
3 2483 2502 2501
3 2483 2484 2502
3 2484 2503 2502
3 2484 2485 2503
3 2485 2504 2503
3 2485 2486 2504
3 2486 2505 2504
3 2486 2487 2505
3 2487 2506 2505
3 2487 2488 2506
3 2488 2507 2506
3 2508 2509 2527
3 2509 2528 2527
3 2509 2510 2528
3 2510 2529 2528
3 2510 2511 2529
3 2511 2530 2529
3 2511 2512 2530
3 2512 2531 2530
3 2512 2513 2531
3 2513 2532 2531
3 2513 2514 2532
3 2514 2533 2532
3 2514 2515 2533
3 2515 2534 2533
3 2515 2516 2534
3 2516 2535 2534
3 2516 2517 2535
3 2517 2536 2535
3 2517 2518 2536
3 2518 2537 2536
3 2518 2519 2537
3 2519 2538 2537
3 2519 2520 2538
3 2520 2539 2538
3 2520 2521 2539
3 2521 2540 2539
3 2521 2522 2540
3 2522 2541 2540
3 2522 2523 2541
3 2523 2542 2541
3 2523 2524 2542
3 2524 2543 2542
3 2524 2525 2543
3 2525 2544 2543
3 2525 2526 2544
3 2526 2545 2544
3 2527 2528 2546
3 2528 2547 2546
3 2528 2529 2547
3 2529 2548 2547
3 2529 2530 2548
3 2530 2549 2548
3 2530 2531 2549
3 2531 2550 2549
3 2531 2532 2550
3 2532 2551 2550
3 2532 2533 2551
3 2533 2552 2551
3 2533 2534 2552
3 2534 2553 2552
3 2534 2535 2553
3 2535 2554 2553
3 2535 2536 2554
3 2536 2555 2554
3 2536 2537 2555
3 2537 2556 2555
3 2537 2538 2556
3 2538 2557 2556
3 2538 2539 2557
3 2539 2558 2557
3 2539 2540 2558
3 2540 2559 2558
3 2540 2541 2559
3 2541 2560 2559
3 2541 2542 2560
3 2542 2561 2560
3 2542 2543 2561
3 2543 2562 2561
3 2543 2544 2562
3 2544 2563 2562
3 2544 2545 2563
3 2545 2564 2563
3 2546 2547 2565
3 2547 2566 2565
3 2547 2548 2566
3 2548 2567 2566
3 2548 2549 2567
3 2549 2568 2567
3 2549 2550 2568
3 2550 2569 2568
3 2550 2551 2569
3 2551 2570 2569
3 2551 2552 2570
3 2552 2571 2570
3 2552 2553 2571
3 2553 2572 2571
3 2553 2554 2572
3 2554 2573 2572
3 2554 2555 2573
3 2555 2574 2573
3 2555 2556 2574
3 2556 2575 2574
3 2556 2557 2575
3 2557 2576 2575
3 2557 2558 2576
3 2558 2577 2576
3 2558 2559 2577
3 2559 2578 2577
3 2559 2560 2578
3 2560 2579 2578
3 2560 2561 2579
3 2561 2580 2579
3 2561 2562 2580
3 2562 2581 2580
3 2562 2563 2581
3 2563 2582 2581
3 2563 2564 2582
3 2564 2583 2582
3 2565 2566 2584
3 2566 2585 2584
3 2566 2567 2585
3 2567 2586 2585
3 2567 2568 2586
3 2568 2587 2586
3 2568 2569 2587
3 2569 2588 2587
3 2569 2570 2588
3 2570 2589 2588
3 2570 2571 2589
3 2571 2590 2589
3 2571 2572 2590
3 2572 2591 2590
3 2572 2573 2591
3 2573 2592 2591
3 2573 2574 2592
3 2574 2593 2592
3 2574 2575 2593
3 2575 2594 2593
3 2575 2576 2594
3 2576 2595 2594
3 2576 2577 2595
3 2577 2596 2595
3 2577 2578 2596
3 2578 2597 2596
3 2578 2579 2597
3 2579 2598 2597
3 2579 2580 2598
3 2580 2599 2598
3 2580 2581 2599
3 2581 2600 2599
3 2581 2582 2600
3 2582 2601 2600
3 2582 2583 2601
3 2583 2602 2601
3 2584 2585 2603
3 2585 2604 2603
3 2585 2586 2604
3 2586 2605 2604
3 2586 2587 2605
3 2587 2606 2605
3 2587 2588 2606
3 2588 2607 2606
3 2588 2589 2607
3 2589 2608 2607
3 2589 2590 2608
3 2590 2609 2608
3 2590 2591 2609
3 2591 2610 2609
3 2591 2592 2610
3 2592 2611 2610
3 2592 2593 2611
3 2593 2612 2611
3 2593 2594 2612
3 2594 2613 2612
3 2594 2595 2613
3 2595 2614 2613
3 2595 2596 2614
3 2596 2615 2614
3 2596 2597 2615
3 2597 2616 2615
3 2597 2598 2616
3 2598 2617 2616
3 2598 2599 2617
3 2599 2618 2617
3 2599 2600 2618
3 2600 2619 2618
3 2600 2601 2619
3 2601 2620 2619
3 2601 2602 2620
3 2602 2621 2620
3 2603 2604 2622
3 2604 2623 2622
3 2604 2605 2623
3 2605 2624 2623
3 2605 2606 2624
3 2606 2625 2624
3 2606 2607 2625
3 2607 2626 2625
3 2607 2608 2626
3 2608 2627 2626
3 2608 2609 2627
3 2609 2628 2627
3 2609 2610 2628
3 2610 2629 2628
3 2610 2611 2629
3 2611 2630 2629
3 2611 2612 2630
3 2612 2631 2630
3 2612 2613 2631
3 2613 2632 2631
3 2613 2614 2632
3 2614 2633 2632
3 2614 2615 2633
3 2615 2634 2633
3 2615 2616 2634
3 2616 2635 2634
3 2616 2617 2635
3 2617 2636 2635
3 2617 2618 2636
3 2618 2637 2636
3 2618 2619 2637
3 2619 2638 2637
3 2619 2620 2638
3 2620 2639 2638
3 2620 2621 2639
3 2621 2640 2639
3 2622 2623 2641
3 2623 2642 2641
3 2623 2624 2642
3 2624 2643 2642
3 2624 2625 2643
3 2625 2644 2643
3 2625 2626 2644
3 2626 2645 2644
3 2626 2627 2645
3 2627 2646 2645
3 2627 2628 2646
3 2628 2647 2646
3 2628 2629 2647
3 2629 2648 2647
3 2629 2630 2648
3 2630 2649 2648
3 2630 2631 2649
3 2631 2650 2649
3 2631 2632 2650
3 2632 2651 2650
3 2632 2633 2651
3 2633 2652 2651
3 2633 2634 2652
3 2634 2653 2652
3 2634 2635 2653
3 2635 2654 2653
3 2635 2636 2654
3 2636 2655 2654
3 2636 2637 2655
3 2637 2656 2655
3 2637 2638 2656
3 2638 2657 2656
3 2638 2639 2657
3 2639 2658 2657
3 2639 2640 2658
3 2640 2659 2658
3 2641 2642 2660
3 2642 2661 2660
3 2642 2643 2661
3 2643 2662 2661
3 2643 2644 2662
3 2644 2663 2662
3 2644 2645 2663
3 2645 2664 2663
3 2645 2646 2664
3 2646 2665 2664
3 2646 2647 2665
3 2647 2666 2665
3 2647 2648 2666
3 2648 2667 2666
3 2648 2649 2667
3 2649 2668 2667
3 2649 2650 2668
3 2650 2669 2668
3 2650 2651 2669
3 2651 2670 2669
3 2651 2652 2670
3 2652 2671 2670
3 2652 2653 2671
3 2653 2672 2671
3 2653 2654 2672
3 2654 2673 2672
3 2654 2655 2673
3 2655 2674 2673
3 2655 2656 2674
3 2656 2675 2674
3 2656 2657 2675
3 2657 2676 2675
3 2657 2658 2676
3 2658 2677 2676
3 2658 2659 2677
3 2659 2678 2677
3 2660 2661 2679
3 2661 2680 2679
3 2661 2662 2680
3 2662 2681 2680
3 2662 2663 2681
3 2663 2682 2681
3 2663 2664 2682
3 2664 2683 2682
3 2664 2665 2683
3 2665 2684 2683
3 2665 2666 2684
3 2666 2685 2684
3 2666 2667 2685
3 2667 2686 2685
3 2667 2668 2686
3 2668 2687 2686
3 2668 2669 2687
3 2669 2688 2687
3 2669 2670 2688
3 2670 2689 2688
3 2670 2671 2689
3 2671 2690 2689
3 2671 2672 2690
3 2672 2691 2690
3 2672 2673 2691
3 2673 2692 2691
3 2673 2674 2692
3 2674 2693 2692
3 2674 2675 2693
3 2675 2694 2693
3 2675 2676 2694
3 2676 2695 2694
3 2676 2677 2695
3 2677 2696 2695
3 2677 2678 2696
3 2678 2697 2696
3 2679 2680 2698
3 2680 2699 2698
3 2680 2681 2699
3 2681 2700 2699
3 2681 2682 2700
3 2682 2701 2700
3 2682 2683 2701
3 2683 2702 2701
3 2683 2684 2702
3 2684 2703 2702
3 2684 2685 2703
3 2685 2704 2703
3 2685 2686 2704
3 2686 2705 2704
3 2686 2687 2705
3 2687 2706 2705
3 2687 2688 2706
3 2688 2707 2706
3 2688 2689 2707
3 2689 2708 2707
3 2689 2690 2708
3 2690 2709 2708
3 2690 2691 2709
3 2691 2710 2709
3 2691 2692 2710
3 2692 2711 2710
3 2692 2693 2711
3 2693 2712 2711
3 2693 2694 2712
3 2694 2713 2712
3 2694 2695 2713
3 2695 2714 2713
3 2695 2696 2714
3 2696 2715 2714
3 2696 2697 2715
3 2697 2716 2715
3 2717 2718 2736
3 2718 2737 2736
3 2718 2719 2737
3 2719 2738 2737
3 2719 2720 2738
3 2720 2739 2738
3 2720 2721 2739
3 2721 2740 2739
3 2721 2722 2740
3 2722 2741 2740
3 2722 2723 2741
3 2723 2742 2741
3 2723 2724 2742
3 2724 2743 2742
3 2724 2725 2743
3 2725 2744 2743
3 2725 2726 2744
3 2726 2745 2744
3 2726 2727 2745
3 2727 2746 2745
3 2727 2728 2746
3 2728 2747 2746
3 2728 2729 2747
3 2729 2748 2747
3 2729 2730 2748
3 2730 2749 2748
3 2730 2731 2749
3 2731 2750 2749
3 2731 2732 2750
3 2732 2751 2750
3 2732 2733 2751
3 2733 2752 2751
3 2733 2734 2752
3 2734 2753 2752
3 2734 2735 2753
3 2735 2754 2753
3 2736 2737 2755
3 2737 2756 2755
3 2737 2738 2756
3 2738 2757 2756
3 2738 2739 2757
3 2739 2758 2757
3 2739 2740 2758
3 2740 2759 2758
3 2740 2741 2759
3 2741 2760 2759
3 2741 2742 2760
3 2742 2761 2760
3 2742 2743 2761
3 2743 2762 2761
3 2743 2744 2762
3 2744 2763 2762
3 2744 2745 2763
3 2745 2764 2763
3 2745 2746 2764
3 2746 2765 2764
3 2746 2747 2765
3 2747 2766 2765
3 2747 2748 2766
3 2748 2767 2766
3 2748 2749 2767
3 2749 2768 2767
3 2749 2750 2768
3 2750 2769 2768
3 2750 2751 2769
3 2751 2770 2769
3 2751 2752 2770
3 2752 2771 2770
3 2752 2753 2771
3 2753 2772 2771
3 2753 2754 2772
3 2754 2773 2772
3 2755 2756 2774
3 2756 2775 2774
3 2756 2757 2775
3 2757 2776 2775
3 2757 2758 2776
3 2758 2777 2776
3 2758 2759 2777
3 2759 2778 2777
3 2759 2760 2778
3 2760 2779 2778
3 2760 2761 2779
3 2761 2780 2779
3 2761 2762 2780
3 2762 2781 2780
3 2762 2763 2781
3 2763 2782 2781
3 2763 2764 2782
3 2764 2783 2782
3 2764 2765 2783
3 2765 2784 2783
3 2765 2766 2784
3 2766 2785 2784
3 2766 2767 2785
3 2767 2786 2785
3 2767 2768 2786
3 2768 2787 2786
3 2768 2769 2787
3 2769 2788 2787
3 2769 2770 2788
3 2770 2789 2788
3 2770 2771 2789
3 2771 2790 2789
3 2771 2772 2790
3 2772 2791 2790
3 2772 2773 2791
3 2773 2792 2791
3 2774 2775 2793
3 2775 2794 2793
3 2775 2776 2794
3 2776 2795 2794
3 2776 2777 2795
3 2777 2796 2795
3 2777 2778 2796
3 2778 2797 2796
3 2778 2779 2797
3 2779 2798 2797
3 2779 2780 2798
3 2780 2799 2798
3 2780 2781 2799
3 2781 2800 2799
3 2781 2782 2800
3 2782 2801 2800
3 2782 2783 2801
3 2783 2802 2801
3 2783 2784 2802
3 2784 2803 2802
3 2784 2785 2803
3 2785 2804 2803
3 2785 2786 2804
3 2786 2805 2804
3 2786 2787 2805
3 2787 2806 2805
3 2787 2788 2806
3 2788 2807 2806
3 2788 2789 2807
3 2789 2808 2807
3 2789 2790 2808
3 2790 2809 2808
3 2790 2791 2809
3 2791 2810 2809
3 2791 2792 2810
3 2792 2811 2810
3 2793 2794 2812
3 2794 2813 2812
3 2794 2795 2813
3 2795 2814 2813
3 2795 2796 2814
3 2796 2815 2814
3 2796 2797 2815
3 2797 2816 2815
3 2797 2798 2816
3 2798 2817 2816
3 2798 2799 2817
3 2799 2818 2817
3 2799 2800 2818
3 2800 2819 2818
3 2800 2801 2819
3 2801 2820 2819
3 2801 2802 2820
3 2802 2821 2820
3 2802 2803 2821
3 2803 2822 2821
3 2803 2804 2822
3 2804 2823 2822
3 2804 2805 2823
3 2805 2824 2823
3 2805 2806 2824
3 2806 2825 2824
3 2806 2807 2825
3 2807 2826 2825
3 2807 2808 2826
3 2808 2827 2826
3 2808 2809 2827
3 2809 2828 2827
3 2809 2810 2828
3 2810 2829 2828
3 2810 2811 2829
3 2811 2830 2829
3 2812 2813 2831
3 2813 2832 2831
3 2813 2814 2832
3 2814 2833 2832
3 2814 2815 2833
3 2815 2834 2833
3 2815 2816 2834
3 2816 2835 2834
3 2816 2817 2835
3 2817 2836 2835
3 2817 2818 2836
3 2818 2837 2836
3 2818 2819 2837
3 2819 2838 2837
3 2819 2820 2838
3 2820 2839 2838
3 2820 2821 2839
3 2821 2840 2839
3 2821 2822 2840
3 2822 2841 2840
3 2822 2823 2841
3 2823 2842 2841
3 2823 2824 2842
3 2824 2843 2842
3 2824 2825 2843
3 2825 2844 2843
3 2825 2826 2844
3 2826 2845 2844
3 2826 2827 2845
3 2827 2846 2845
3 2827 2828 2846
3 2828 2847 2846
3 2828 2829 2847
3 2829 2848 2847
3 2829 2830 2848
3 2830 2849 2848
3 2831 2832 2850
3 2832 2851 2850
3 2832 2833 2851
3 2833 2852 2851
3 2833 2834 2852
3 2834 2853 2852
3 2834 2835 2853
3 2835 2854 2853
3 2835 2836 2854
3 2836 2855 2854
3 2836 2837 2855
3 2837 2856 2855
3 2837 2838 2856
3 2838 2857 2856
3 2838 2839 2857
3 2839 2858 2857
3 2839 2840 2858
3 2840 2859 2858
3 2840 2841 2859
3 2841 2860 2859
3 2841 2842 2860
3 2842 2861 2860
3 2842 2843 2861
3 2843 2862 2861
3 2843 2844 2862
3 2844 2863 2862
3 2844 2845 2863
3 2845 2864 2863
3 2845 2846 2864
3 2846 2865 2864
3 2846 2847 2865
3 2847 2866 2865
3 2847 2848 2866
3 2848 2867 2866
3 2848 2849 2867
3 2849 2868 2867
3 2850 2851 2869
3 2851 2870 2869
3 2851 2852 2870
3 2852 2871 2870
3 2852 2853 2871
3 2853 2872 2871
3 2853 2854 2872
3 2854 2873 2872
3 2854 2855 2873
3 2855 2874 2873
3 2855 2856 2874
3 2856 2875 2874
3 2856 2857 2875
3 2857 2876 2875
3 2857 2858 2876
3 2858 2877 2876
3 2858 2859 2877
3 2859 2878 2877
3 2859 2860 2878
3 2860 2879 2878
3 2860 2861 2879
3 2861 2880 2879
3 2861 2862 2880
3 2862 2881 2880
3 2862 2863 2881
3 2863 2882 2881
3 2863 2864 2882
3 2864 2883 2882
3 2864 2865 2883
3 2865 2884 2883
3 2865 2866 2884
3 2866 2885 2884
3 2866 2867 2885
3 2867 2886 2885
3 2867 2868 2886
3 2868 2887 2886
3 2869 2870 2888
3 2870 2889 2888
3 2870 2871 2889
3 2871 2890 2889
3 2871 2872 2890
3 2872 2891 2890
3 2872 2873 2891
3 2873 2892 2891
3 2873 2874 2892
3 2874 2893 2892
3 2874 2875 2893
3 2875 2894 2893
3 2875 2876 2894
3 2876 2895 2894
3 2876 2877 2895
3 2877 2896 2895
3 2877 2878 2896
3 2878 2897 2896
3 2878 2879 2897
3 2879 2898 2897
3 2879 2880 2898
3 2880 2899 2898
3 2880 2881 2899
3 2881 2900 2899
3 2881 2882 2900
3 2882 2901 2900
3 2882 2883 2901
3 2883 2902 2901
3 2883 2884 2902
3 2884 2903 2902
3 2884 2885 2903
3 2885 2904 2903
3 2885 2886 2904
3 2886 2905 2904
3 2886 2887 2905
3 2887 2906 2905
3 2888 2889 2907
3 2889 2908 2907
3 2889 2890 2908
3 2890 2909 2908
3 2890 2891 2909
3 2891 2910 2909
3 2891 2892 2910
3 2892 2911 2910
3 2892 2893 2911
3 2893 2912 2911
3 2893 2894 2912
3 2894 2913 2912
3 2894 2895 2913
3 2895 2914 2913
3 2895 2896 2914
3 2896 2915 2914
3 2896 2897 2915
3 2897 2916 2915
3 2897 2898 2916
3 2898 2917 2916
3 2898 2899 2917
3 2899 2918 2917
3 2899 2900 2918
3 2900 2919 2918
3 2900 2901 2919
3 2901 2920 2919
3 2901 2902 2920
3 2902 2921 2920
3 2902 2903 2921
3 2903 2922 2921
3 2903 2904 2922
3 2904 2923 2922
3 2904 2905 2923
3 2905 2924 2923
3 2905 2906 2924
3 2906 2925 2924
3 2926 2927 2945
3 2927 2946 2945
3 2927 2928 2946
3 2928 2947 2946
3 2928 2929 2947
3 2929 2948 2947
3 2929 2930 2948
3 2930 2949 2948
3 2930 2931 2949
3 2931 2950 2949
3 2931 2932 2950
3 2932 2951 2950
3 2932 2933 2951
3 2933 2952 2951
3 2933 2934 2952
3 2934 2953 2952
3 2934 2935 2953
3 2935 2954 2953
3 2935 2936 2954
3 2936 2955 2954
3 2936 2937 2955
3 2937 2956 2955
3 2937 2938 2956
3 2938 2957 2956
3 2938 2939 2957
3 2939 2958 2957
3 2939 2940 2958
3 2940 2959 2958
3 2940 2941 2959
3 2941 2960 2959
3 2941 2942 2960
3 2942 2961 2960
3 2942 2943 2961
3 2943 2962 2961
3 2943 2944 2962
3 2944 2963 2962
3 2945 2946 2964
3 2946 2965 2964
3 2946 2947 2965
3 2947 2966 2965
3 2947 2948 2966
3 2948 2967 2966
3 2948 2949 2967
3 2949 2968 2967
3 2949 2950 2968
3 2950 2969 2968
3 2950 2951 2969
3 2951 2970 2969
3 2951 2952 2970
3 2952 2971 2970
3 2952 2953 2971
3 2953 2972 2971
3 2953 2954 2972
3 2954 2973 2972
3 2954 2955 2973
3 2955 2974 2973
3 2955 2956 2974
3 2956 2975 2974
3 2956 2957 2975
3 2957 2976 2975
3 2957 2958 2976
3 2958 2977 2976
3 2958 2959 2977
3 2959 2978 2977
3 2959 2960 2978
3 2960 2979 2978
3 2960 2961 2979
3 2961 2980 2979
3 2961 2962 2980
3 2962 2981 2980
3 2962 2963 2981
3 2963 2982 2981
3 2964 2965 2983
3 2965 2984 2983
3 2965 2966 2984
3 2966 2985 2984
3 2966 2967 2985
3 2967 2986 2985
3 2967 2968 2986
3 2968 2987 2986
3 2968 2969 2987
3 2969 2988 2987
3 2969 2970 2988
3 2970 2989 2988
3 2970 2971 2989
3 2971 2990 2989
3 2971 2972 2990
3 2972 2991 2990
3 2972 2973 2991
3 2973 2992 2991
3 2973 2974 2992
3 2974 2993 2992
3 2974 2975 2993
3 2975 2994 2993
3 2975 2976 2994
3 2976 2995 2994
3 2976 2977 2995
3 2977 2996 2995
3 2977 2978 2996
3 2978 2997 2996
3 2978 2979 2997
3 2979 2998 2997
3 2979 2980 2998
3 2980 2999 2998
3 2980 2981 2999
3 2981 3000 2999
3 2981 2982 3000
3 2982 3001 3000
3 2983 2984 3002
3 2984 3003 3002
3 2984 2985 3003
3 2985 3004 3003
3 2985 2986 3004
3 2986 3005 3004
3 2986 2987 3005
3 2987 3006 3005
3 2987 2988 3006
3 2988 3007 3006
3 2988 2989 3007
3 2989 3008 3007
3 2989 2990 3008
3 2990 3009 3008
3 2990 2991 3009
3 2991 3010 3009
3 2991 2992 3010
3 2992 3011 3010
3 2992 2993 3011
3 2993 3012 3011
3 2993 2994 3012
3 2994 3013 3012
3 2994 2995 3013
3 2995 3014 3013
3 2995 2996 3014
3 2996 3015 3014
3 2996 2997 3015
3 2997 3016 3015
3 2997 2998 3016
3 2998 3017 3016
3 2998 2999 3017
3 2999 3018 3017
3 2999 3000 3018
3 3000 3019 3018
3 3000 3001 3019
3 3001 3020 3019
3 3002 3003 3021
3 3003 3022 3021
3 3003 3004 3022
3 3004 3023 3022
3 3004 3005 3023
3 3005 3024 3023
3 3005 3006 3024
3 3006 3025 3024
3 3006 3007 3025
3 3007 3026 3025
3 3007 3008 3026
3 3008 3027 3026
3 3008 3009 3027
3 3009 3028 3027
3 3009 3010 3028
3 3010 3029 3028
3 3010 3011 3029
3 3011 3030 3029
3 3011 3012 3030
3 3012 3031 3030
3 3012 3013 3031
3 3013 3032 3031
3 3013 3014 3032
3 3014 3033 3032
3 3014 3015 3033
3 3015 3034 3033
3 3015 3016 3034
3 3016 3035 3034
3 3016 3017 3035
3 3017 3036 3035
3 3017 3018 3036
3 3018 3037 3036
3 3018 3019 3037
3 3019 3038 3037
3 3019 3020 3038
3 3020 3039 3038
3 3021 3022 3040
3 3022 3041 3040
3 3022 3023 3041
3 3023 3042 3041
3 3023 3024 3042
3 3024 3043 3042
3 3024 3025 3043
3 3025 3044 3043
3 3025 3026 3044
3 3026 3045 3044
3 3026 3027 3045
3 3027 3046 3045
3 3027 3028 3046
3 3028 3047 3046
3 3028 3029 3047
3 3029 3048 3047
3 3029 3030 3048
3 3030 3049 3048
3 3030 3031 3049
3 3031 3050 3049
3 3031 3032 3050
3 3032 3051 3050
3 3032 3033 3051
3 3033 3052 3051
3 3033 3034 3052
3 3034 3053 3052
3 3034 3035 3053
3 3035 3054 3053
3 3035 3036 3054
3 3036 3055 3054
3 3036 3037 3055
3 3037 3056 3055
3 3037 3038 3056
3 3038 3057 3056
3 3038 3039 3057
3 3039 3058 3057
3 3040 3041 3059
3 3041 3060 3059
3 3041 3042 3060
3 3042 3061 3060
3 3042 3043 3061
3 3043 3062 3061
3 3043 3044 3062
3 3044 3063 3062
3 3044 3045 3063
3 3045 3064 3063
3 3045 3046 3064
3 3046 3065 3064
3 3046 3047 3065
3 3047 3066 3065
3 3047 3048 3066
3 3048 3067 3066
3 3048 3049 3067
3 3049 3068 3067
3 3049 3050 3068
3 3050 3069 3068
3 3050 3051 3069
3 3051 3070 3069
3 3051 3052 3070
3 3052 3071 3070
3 3052 3053 3071
3 3053 3072 3071
3 3053 3054 3072
3 3054 3073 3072
3 3054 3055 3073
3 3055 3074 3073
3 3055 3056 3074
3 3056 3075 3074
3 3056 3057 3075
3 3057 3076 3075
3 3057 3058 3076
3 3058 3077 3076
3 3059 3060 3078
3 3060 3079 3078
3 3060 3061 3079
3 3061 3080 3079
3 3061 3062 3080
3 3062 3081 3080
3 3062 3063 3081
3 3063 3082 3081
3 3063 3064 3082
3 3064 3083 3082
3 3064 3065 3083
3 3065 3084 3083
3 3065 3066 3084
3 3066 3085 3084
3 3066 3067 3085
3 3067 3086 3085
3 3067 3068 3086
3 3068 3087 3086
3 3068 3069 3087
3 3069 3088 3087
3 3069 3070 3088
3 3070 3089 3088
3 3070 3071 3089
3 3071 3090 3089
3 3071 3072 3090
3 3072 3091 3090
3 3072 3073 3091
3 3073 3092 3091
3 3073 3074 3092
3 3074 3093 3092
3 3074 3075 3093
3 3075 3094 3093
3 3075 3076 3094
3 3076 3095 3094
3 3076 3077 3095
3 3077 3096 3095
3 3078 3079 3097
3 3079 3098 3097
3 3079 3080 3098
3 3080 3099 3098
3 3080 3081 3099
3 3081 3100 3099
3 3081 3082 3100
3 3082 3101 3100
3 3082 3083 3101
3 3083 3102 3101
3 3083 3084 3102
3 3084 3103 3102
3 3084 3085 3103
3 3085 3104 3103
3 3085 3086 3104
3 3086 3105 3104
3 3086 3087 3105
3 3087 3106 3105
3 3087 3088 3106
3 3088 3107 3106
3 3088 3089 3107
3 3089 3108 3107
3 3089 3090 3108
3 3090 3109 3108
3 3090 3091 3109
3 3091 3110 3109
3 3091 3092 3110
3 3092 3111 3110
3 3092 3093 3111
3 3093 3112 3111
3 3093 3094 3112
3 3094 3113 3112
3 3094 3095 3113
3 3095 3114 3113
3 3095 3096 3114
3 3096 3115 3114
3 3097 3098 3116
3 3098 3117 3116
3 3098 3099 3117
3 3099 3118 3117
3 3099 3100 3118
3 3100 3119 3118
3 3100 3101 3119
3 3101 3120 3119
3 3101 3102 3120
3 3102 3121 3120
3 3102 3103 3121
3 3103 3122 3121
3 3103 3104 3122
3 3104 3123 3122
3 3104 3105 3123
3 3105 3124 3123
3 3105 3106 3124
3 3106 3125 3124
3 3106 3107 3125
3 3107 3126 3125
3 3107 3108 3126
3 3108 3127 3126
3 3108 3109 3127
3 3109 3128 3127
3 3109 3110 3128
3 3110 3129 3128
3 3110 3111 3129
3 3111 3130 3129
3 3111 3112 3130
3 3112 3131 3130
3 3112 3113 3131
3 3113 3132 3131
3 3113 3114 3132
3 3114 3133 3132
3 3114 3115 3133
3 3115 3134 3133
3 3135 3136 3154
3 3136 3155 3154
3 3136 3137 3155
3 3137 3156 3155
3 3137 3138 3156
3 3138 3157 3156
3 3138 3139 3157
3 3139 3158 3157
3 3139 3140 3158
3 3140 3159 3158
3 3140 3141 3159
3 3141 3160 3159
3 3141 3142 3160
3 3142 3161 3160
3 3142 3143 3161
3 3143 3162 3161
3 3143 3144 3162
3 3144 3163 3162
3 3144 3145 3163
3 3145 3164 3163
3 3145 3146 3164
3 3146 3165 3164
3 3146 3147 3165
3 3147 3166 3165
3 3147 3148 3166
3 3148 3167 3166
3 3148 3149 3167
3 3149 3168 3167
3 3149 3150 3168
3 3150 3169 3168
3 3150 3151 3169
3 3151 3170 3169
3 3151 3152 3170
3 3152 3171 3170
3 3152 3153 3171
3 3153 3172 3171
3 3154 3155 3173
3 3155 3174 3173
3 3155 3156 3174
3 3156 3175 3174
3 3156 3157 3175
3 3157 3176 3175
3 3157 3158 3176
3 3158 3177 3176
3 3158 3159 3177
3 3159 3178 3177
3 3159 3160 3178
3 3160 3179 3178
3 3160 3161 3179
3 3161 3180 3179
3 3161 3162 3180
3 3162 3181 3180
3 3162 3163 3181
3 3163 3182 3181
3 3163 3164 3182
3 3164 3183 3182
3 3164 3165 3183
3 3165 3184 3183
3 3165 3166 3184
3 3166 3185 3184
3 3166 3167 3185
3 3167 3186 3185
3 3167 3168 3186
3 3168 3187 3186
3 3168 3169 3187
3 3169 3188 3187
3 3169 3170 3188
3 3170 3189 3188
3 3170 3171 3189
3 3171 3190 3189
3 3171 3172 3190
3 3172 3191 3190
3 3173 3174 3192
3 3174 3193 3192
3 3174 3175 3193
3 3175 3194 3193
3 3175 3176 3194
3 3176 3195 3194
3 3176 3177 3195
3 3177 3196 3195
3 3177 3178 3196
3 3178 3197 3196
3 3178 3179 3197
3 3179 3198 3197
3 3179 3180 3198
3 3180 3199 3198
3 3180 3181 3199
3 3181 3200 3199
3 3181 3182 3200
3 3182 3201 3200
3 3182 3183 3201
3 3183 3202 3201
3 3183 3184 3202
3 3184 3203 3202
3 3184 3185 3203
3 3185 3204 3203
3 3185 3186 3204
3 3186 3205 3204
3 3186 3187 3205
3 3187 3206 3205
3 3187 3188 3206
3 3188 3207 3206
3 3188 3189 3207
3 3189 3208 3207
3 3189 3190 3208
3 3190 3209 3208
3 3190 3191 3209
3 3191 3210 3209
3 3192 3193 3211
3 3193 3212 3211
3 3193 3194 3212
3 3194 3213 3212
3 3194 3195 3213
3 3195 3214 3213
3 3195 3196 3214
3 3196 3215 3214
3 3196 3197 3215
3 3197 3216 3215
3 3197 3198 3216
3 3198 3217 3216
3 3198 3199 3217
3 3199 3218 3217
3 3199 3200 3218
3 3200 3219 3218
3 3200 3201 3219
3 3201 3220 3219
3 3201 3202 3220
3 3202 3221 3220
3 3202 3203 3221
3 3203 3222 3221
3 3203 3204 3222
3 3204 3223 3222
3 3204 3205 3223
3 3205 3224 3223
3 3205 3206 3224
3 3206 3225 3224
3 3206 3207 3225
3 3207 3226 3225
3 3207 3208 3226
3 3208 3227 3226
3 3208 3209 3227
3 3209 3228 3227
3 3209 3210 3228
3 3210 3229 3228
3 3211 3212 3230
3 3212 3231 3230
3 3212 3213 3231
3 3213 3232 3231
3 3213 3214 3232
3 3214 3233 3232
3 3214 3215 3233
3 3215 3234 3233
3 3215 3216 3234
3 3216 3235 3234
3 3216 3217 3235
3 3217 3236 3235
3 3217 3218 3236
3 3218 3237 3236
3 3218 3219 3237
3 3219 3238 3237
3 3219 3220 3238
3 3220 3239 3238
3 3220 3221 3239
3 3221 3240 3239
3 3221 3222 3240
3 3222 3241 3240
3 3222 3223 3241
3 3223 3242 3241
3 3223 3224 3242
3 3224 3243 3242
3 3224 3225 3243
3 3225 3244 3243
3 3225 3226 3244
3 3226 3245 3244
3 3226 3227 3245
3 3227 3246 3245
3 3227 3228 3246
3 3228 3247 3246
3 3228 3229 3247
3 3229 3248 3247
3 3230 3231 3249
3 3231 3250 3249
3 3231 3232 3250
3 3232 3251 3250
3 3232 3233 3251
3 3233 3252 3251
3 3233 3234 3252
3 3234 3253 3252
3 3234 3235 3253
3 3235 3254 3253
3 3235 3236 3254
3 3236 3255 3254
3 3236 3237 3255
3 3237 3256 3255
3 3237 3238 3256
3 3238 3257 3256
3 3238 3239 3257
3 3239 3258 3257
3 3239 3240 3258
3 3240 3259 3258
3 3240 3241 3259
3 3241 3260 3259
3 3241 3242 3260
3 3242 3261 3260
3 3242 3243 3261
3 3243 3262 3261
3 3243 3244 3262
3 3244 3263 3262
3 3244 3245 3263
3 3245 3264 3263
3 3245 3246 3264
3 3246 3265 3264
3 3246 3247 3265
3 3247 3266 3265
3 3247 3248 3266
3 3248 3267 3266
3 3249 3250 3268
3 3250 3269 3268
3 3250 3251 3269
3 3251 3270 3269
3 3251 3252 3270
3 3252 3271 3270
3 3252 3253 3271
3 3253 3272 3271
3 3253 3254 3272
3 3254 3273 3272
3 3254 3255 3273
3 3255 3274 3273
3 3255 3256 3274
3 3256 3275 3274
3 3256 3257 3275
3 3257 3276 3275
3 3257 3258 3276
3 3258 3277 3276
3 3258 3259 3277
3 3259 3278 3277
3 3259 3260 3278
3 3260 3279 3278
3 3260 3261 3279
3 3261 3280 3279
3 3261 3262 3280
3 3262 3281 3280
3 3262 3263 3281
3 3263 3282 3281
3 3263 3264 3282
3 3264 3283 3282
3 3264 3265 3283
3 3265 3284 3283
3 3265 3266 3284
3 3266 3285 3284
3 3266 3267 3285
3 3267 3286 3285
3 3268 3269 3287
3 3269 3288 3287
3 3269 3270 3288
3 3270 3289 3288
3 3270 3271 3289
3 3271 3290 3289
3 3271 3272 3290
3 3272 3291 3290
3 3272 3273 3291
3 3273 3292 3291
3 3273 3274 3292
3 3274 3293 3292
3 3274 3275 3293
3 3275 3294 3293
3 3275 3276 3294
3 3276 3295 3294
3 3276 3277 3295
3 3277 3296 3295
3 3277 3278 3296
3 3278 3297 3296
3 3278 3279 3297
3 3279 3298 3297
3 3279 3280 3298
3 3280 3299 3298
3 3280 3281 3299
3 3281 3300 3299
3 3281 3282 3300
3 3282 3301 3300
3 3282 3283 3301
3 3283 3302 3301
3 3283 3284 3302
3 3284 3303 3302
3 3284 3285 3303
3 3285 3304 3303
3 3285 3286 3304
3 3286 3305 3304
3 3287 3288 3306
3 3288 3307 3306
3 3288 3289 3307
3 3289 3308 3307
3 3289 3290 3308
3 3290 3309 3308
3 3290 3291 3309
3 3291 3310 3309
3 3291 3292 3310
3 3292 3311 3310
3 3292 3293 3311
3 3293 3312 3311
3 3293 3294 3312
3 3294 3313 3312
3 3294 3295 3313
3 3295 3314 3313
3 3295 3296 3314
3 3296 3315 3314
3 3296 3297 3315
3 3297 3316 3315
3 3297 3298 3316
3 3298 3317 3316
3 3298 3299 3317
3 3299 3318 3317
3 3299 3300 3318
3 3300 3319 3318
3 3300 3301 3319
3 3301 3320 3319
3 3301 3302 3320
3 3302 3321 3320
3 3302 3303 3321
3 3303 3322 3321
3 3303 3304 3322
3 3304 3323 3322
3 3304 3305 3323
3 3305 3324 3323
3 3306 3307 3325
3 3307 3326 3325
3 3307 3308 3326
3 3308 3327 3326
3 3308 3309 3327
3 3309 3328 3327
3 3309 3310 3328
3 3310 3329 3328
3 3310 3311 3329
3 3311 3330 3329
3 3311 3312 3330
3 3312 3331 3330
3 3312 3313 3331
3 3313 3332 3331
3 3313 3314 3332
3 3314 3333 3332
3 3314 3315 3333
3 3315 3334 3333
3 3315 3316 3334
3 3316 3335 3334
3 3316 3317 3335
3 3317 3336 3335
3 3317 3318 3336
3 3318 3337 3336
3 3318 3319 3337
3 3319 3338 3337
3 3319 3320 3338
3 3320 3339 3338
3 3320 3321 3339
3 3321 3340 3339
3 3321 3322 3340
3 3322 3341 3340
3 3322 3323 3341
3 3323 3342 3341
3 3323 3324 3342
3 3324 3343 3342
3 3344 3345 3363
3 3345 3364 3363
3 3345 3346 3364
3 3346 3365 3364
3 3346 3347 3365
3 3347 3366 3365
3 3347 3348 3366
3 3348 3367 3366
3 3348 3349 3367
3 3349 3368 3367
3 3349 3350 3368
3 3350 3369 3368
3 3350 3351 3369
3 3351 3370 3369
3 3351 3352 3370
3 3352 3371 3370
3 3352 3353 3371
3 3353 3372 3371
3 3353 3354 3372
3 3354 3373 3372
3 3354 3355 3373
3 3355 3374 3373
3 3355 3356 3374
3 3356 3375 3374
3 3356 3357 3375
3 3357 3376 3375
3 3357 3358 3376
3 3358 3377 3376
3 3358 3359 3377
3 3359 3378 3377
3 3359 3360 3378
3 3360 3379 3378
3 3360 3361 3379
3 3361 3380 3379
3 3361 3362 3380
3 3362 3381 3380
3 3363 3364 3382
3 3364 3383 3382
3 3364 3365 3383
3 3365 3384 3383
3 3365 3366 3384
3 3366 3385 3384
3 3366 3367 3385
3 3367 3386 3385
3 3367 3368 3386
3 3368 3387 3386
3 3368 3369 3387
3 3369 3388 3387
3 3369 3370 3388
3 3370 3389 3388
3 3370 3371 3389
3 3371 3390 3389
3 3371 3372 3390
3 3372 3391 3390
3 3372 3373 3391
3 3373 3392 3391
3 3373 3374 3392
3 3374 3393 3392
3 3374 3375 3393
3 3375 3394 3393
3 3375 3376 3394
3 3376 3395 3394
3 3376 3377 3395
3 3377 3396 3395
3 3377 3378 3396
3 3378 3397 3396
3 3378 3379 3397
3 3379 3398 3397
3 3379 3380 3398
3 3380 3399 3398
3 3380 3381 3399
3 3381 3400 3399
3 3382 3383 3401
3 3383 3402 3401
3 3383 3384 3402
3 3384 3403 3402
3 3384 3385 3403
3 3385 3404 3403
3 3385 3386 3404
3 3386 3405 3404
3 3386 3387 3405
3 3387 3406 3405
3 3387 3388 3406
3 3388 3407 3406
3 3388 3389 3407
3 3389 3408 3407
3 3389 3390 3408
3 3390 3409 3408
3 3390 3391 3409
3 3391 3410 3409
3 3391 3392 3410
3 3392 3411 3410
3 3392 3393 3411
3 3393 3412 3411
3 3393 3394 3412
3 3394 3413 3412
3 3394 3395 3413
3 3395 3414 3413
3 3395 3396 3414
3 3396 3415 3414
3 3396 3397 3415
3 3397 3416 3415
3 3397 3398 3416
3 3398 3417 3416
3 3398 3399 3417
3 3399 3418 3417
3 3399 3400 3418
3 3400 3419 3418
3 3401 3402 3420
3 3402 3421 3420
3 3402 3403 3421
3 3403 3422 3421
3 3403 3404 3422
3 3404 3423 3422
3 3404 3405 3423
3 3405 3424 3423
3 3405 3406 3424
3 3406 3425 3424
3 3406 3407 3425
3 3407 3426 3425
3 3407 3408 3426
3 3408 3427 3426
3 3408 3409 3427
3 3409 3428 3427
3 3409 3410 3428
3 3410 3429 3428
3 3410 3411 3429
3 3411 3430 3429
3 3411 3412 3430
3 3412 3431 3430
3 3412 3413 3431
3 3413 3432 3431
3 3413 3414 3432
3 3414 3433 3432
3 3414 3415 3433
3 3415 3434 3433
3 3415 3416 3434
3 3416 3435 3434
3 3416 3417 3435
3 3417 3436 3435
3 3417 3418 3436
3 3418 3437 3436
3 3418 3419 3437
3 3419 3438 3437
3 3420 3421 3439
3 3421 3440 3439
3 3421 3422 3440
3 3422 3441 3440
3 3422 3423 3441
3 3423 3442 3441
3 3423 3424 3442
3 3424 3443 3442
3 3424 3425 3443
3 3425 3444 3443
3 3425 3426 3444
3 3426 3445 3444
3 3426 3427 3445
3 3427 3446 3445
3 3427 3428 3446
3 3428 3447 3446
3 3428 3429 3447
3 3429 3448 3447
3 3429 3430 3448
3 3430 3449 3448
3 3430 3431 3449
3 3431 3450 3449
3 3431 3432 3450
3 3432 3451 3450
3 3432 3433 3451
3 3433 3452 3451
3 3433 3434 3452
3 3434 3453 3452
3 3434 3435 3453
3 3435 3454 3453
3 3435 3436 3454
3 3436 3455 3454
3 3436 3437 3455
3 3437 3456 3455
3 3437 3438 3456
3 3438 3457 3456
3 3439 3440 3458
3 3440 3459 3458
3 3440 3441 3459
3 3441 3460 3459
3 3441 3442 3460
3 3442 3461 3460
3 3442 3443 3461
3 3443 3462 3461
3 3443 3444 3462
3 3444 3463 3462
3 3444 3445 3463
3 3445 3464 3463
3 3445 3446 3464
3 3446 3465 3464
3 3446 3447 3465
3 3447 3466 3465
3 3447 3448 3466
3 3448 3467 3466
3 3448 3449 3467
3 3449 3468 3467
3 3449 3450 3468
3 3450 3469 3468
3 3450 3451 3469
3 3451 3470 3469
3 3451 3452 3470
3 3452 3471 3470
3 3452 3453 3471
3 3453 3472 3471
3 3453 3454 3472
3 3454 3473 3472
3 3454 3455 3473
3 3455 3474 3473
3 3455 3456 3474
3 3456 3475 3474
3 3456 3457 3475
3 3457 3476 3475
3 3458 3459 3477
3 3459 3478 3477
3 3459 3460 3478
3 3460 3479 3478
3 3460 3461 3479
3 3461 3480 3479
3 3461 3462 3480
3 3462 3481 3480
3 3462 3463 3481
3 3463 3482 3481
3 3463 3464 3482
3 3464 3483 3482
3 3464 3465 3483
3 3465 3484 3483
3 3465 3466 3484
3 3466 3485 3484
3 3466 3467 3485
3 3467 3486 3485
3 3467 3468 3486
3 3468 3487 3486
3 3468 3469 3487
3 3469 3488 3487
3 3469 3470 3488
3 3470 3489 3488
3 3470 3471 3489
3 3471 3490 3489
3 3471 3472 3490
3 3472 3491 3490
3 3472 3473 3491
3 3473 3492 3491
3 3473 3474 3492
3 3474 3493 3492
3 3474 3475 3493
3 3475 3494 3493
3 3475 3476 3494
3 3476 3495 3494
3 3477 3478 3496
3 3478 3497 3496
3 3478 3479 3497
3 3479 3498 3497
3 3479 3480 3498
3 3480 3499 3498
3 3480 3481 3499
3 3481 3500 3499
3 3481 3482 3500
3 3482 3501 3500
3 3482 3483 3501
3 3483 3502 3501
3 3483 3484 3502
3 3484 3503 3502
3 3484 3485 3503
3 3485 3504 3503
3 3485 3486 3504
3 3486 3505 3504
3 3486 3487 3505
3 3487 3506 3505
3 3487 3488 3506
3 3488 3507 3506
3 3488 3489 3507
3 3489 3508 3507
3 3489 3490 3508
3 3490 3509 3508
3 3490 3491 3509
3 3491 3510 3509
3 3491 3492 3510
3 3492 3511 3510
3 3492 3493 3511
3 3493 3512 3511
3 3493 3494 3512
3 3494 3513 3512
3 3494 3495 3513
3 3495 3514 3513
3 3496 3497 3515
3 3497 3516 3515
3 3497 3498 3516
3 3498 3517 3516
3 3498 3499 3517
3 3499 3518 3517
3 3499 3500 3518
3 3500 3519 3518
3 3500 3501 3519
3 3501 3520 3519
3 3501 3502 3520
3 3502 3521 3520
3 3502 3503 3521
3 3503 3522 3521
3 3503 3504 3522
3 3504 3523 3522
3 3504 3505 3523
3 3505 3524 3523
3 3505 3506 3524
3 3506 3525 3524
3 3506 3507 3525
3 3507 3526 3525
3 3507 3508 3526
3 3508 3527 3526
3 3508 3509 3527
3 3509 3528 3527
3 3509 3510 3528
3 3510 3529 3528
3 3510 3511 3529
3 3511 3530 3529
3 3511 3512 3530
3 3512 3531 3530
3 3512 3513 3531
3 3513 3532 3531
3 3513 3514 3532
3 3514 3533 3532
3 3515 3516 3534
3 3516 3535 3534
3 3516 3517 3535
3 3517 3536 3535
3 3517 3518 3536
3 3518 3537 3536
3 3518 3519 3537
3 3519 3538 3537
3 3519 3520 3538
3 3520 3539 3538
3 3520 3521 3539
3 3521 3540 3539
3 3521 3522 3540
3 3522 3541 3540
3 3522 3523 3541
3 3523 3542 3541
3 3523 3524 3542
3 3524 3543 3542
3 3524 3525 3543
3 3525 3544 3543
3 3525 3526 3544
3 3526 3545 3544
3 3526 3527 3545
3 3527 3546 3545
3 3527 3528 3546
3 3528 3547 3546
3 3528 3529 3547
3 3529 3548 3547
3 3529 3530 3548
3 3530 3549 3548
3 3530 3531 3549
3 3531 3550 3549
3 3531 3532 3550
3 3532 3551 3550
3 3532 3533 3551
3 3533 3552 3551
3 3553 3554 3572
3 3554 3573 3572
3 3554 3555 3573
3 3555 3574 3573
3 3555 3556 3574
3 3556 3575 3574
3 3556 3557 3575
3 3557 3576 3575
3 3557 3558 3576
3 3558 3577 3576
3 3558 3559 3577
3 3559 3578 3577
3 3559 3560 3578
3 3560 3579 3578
3 3560 3561 3579
3 3561 3580 3579
3 3561 3562 3580
3 3562 3581 3580
3 3562 3563 3581
3 3563 3582 3581
3 3563 3564 3582
3 3564 3583 3582
3 3564 3565 3583
3 3565 3584 3583
3 3565 3566 3584
3 3566 3585 3584
3 3566 3567 3585
3 3567 3586 3585
3 3567 3568 3586
3 3568 3587 3586
3 3568 3569 3587
3 3569 3588 3587
3 3569 3570 3588
3 3570 3589 3588
3 3570 3571 3589
3 3571 3590 3589
3 3572 3573 3591
3 3573 3592 3591
3 3573 3574 3592
3 3574 3593 3592
3 3574 3575 3593
3 3575 3594 3593
3 3575 3576 3594
3 3576 3595 3594
3 3576 3577 3595
3 3577 3596 3595
3 3577 3578 3596
3 3578 3597 3596
3 3578 3579 3597
3 3579 3598 3597
3 3579 3580 3598
3 3580 3599 3598
3 3580 3581 3599
3 3581 3600 3599
3 3581 3582 3600
3 3582 3601 3600
3 3582 3583 3601
3 3583 3602 3601
3 3583 3584 3602
3 3584 3603 3602
3 3584 3585 3603
3 3585 3604 3603
3 3585 3586 3604
3 3586 3605 3604
3 3586 3587 3605
3 3587 3606 3605
3 3587 3588 3606
3 3588 3607 3606
3 3588 3589 3607
3 3589 3608 3607
3 3589 3590 3608
3 3590 3609 3608
3 3591 3592 3610
3 3592 3611 3610
3 3592 3593 3611
3 3593 3612 3611
3 3593 3594 3612
3 3594 3613 3612
3 3594 3595 3613
3 3595 3614 3613
3 3595 3596 3614
3 3596 3615 3614
3 3596 3597 3615
3 3597 3616 3615
3 3597 3598 3616
3 3598 3617 3616
3 3598 3599 3617
3 3599 3618 3617
3 3599 3600 3618
3 3600 3619 3618
3 3600 3601 3619
3 3601 3620 3619
3 3601 3602 3620
3 3602 3621 3620
3 3602 3603 3621
3 3603 3622 3621
3 3603 3604 3622
3 3604 3623 3622
3 3604 3605 3623
3 3605 3624 3623
3 3605 3606 3624
3 3606 3625 3624
3 3606 3607 3625
3 3607 3626 3625
3 3607 3608 3626
3 3608 3627 3626
3 3608 3609 3627
3 3609 3628 3627
3 3610 3611 3629
3 3611 3630 3629
3 3611 3612 3630
3 3612 3631 3630
3 3612 3613 3631
3 3613 3632 3631
3 3613 3614 3632
3 3614 3633 3632
3 3614 3615 3633
3 3615 3634 3633
3 3615 3616 3634
3 3616 3635 3634
3 3616 3617 3635
3 3617 3636 3635
3 3617 3618 3636
3 3618 3637 3636
3 3618 3619 3637
3 3619 3638 3637
3 3619 3620 3638
3 3620 3639 3638
3 3620 3621 3639
3 3621 3640 3639
3 3621 3622 3640
3 3622 3641 3640
3 3622 3623 3641
3 3623 3642 3641
3 3623 3624 3642
3 3624 3643 3642
3 3624 3625 3643
3 3625 3644 3643
3 3625 3626 3644
3 3626 3645 3644
3 3626 3627 3645
3 3627 3646 3645
3 3627 3628 3646
3 3628 3647 3646
3 3629 3630 3648
3 3630 3649 3648
3 3630 3631 3649
3 3631 3650 3649
3 3631 3632 3650
3 3632 3651 3650
3 3632 3633 3651
3 3633 3652 3651
3 3633 3634 3652
3 3634 3653 3652
3 3634 3635 3653
3 3635 3654 3653
3 3635 3636 3654
3 3636 3655 3654
3 3636 3637 3655
3 3637 3656 3655
3 3637 3638 3656
3 3638 3657 3656
3 3638 3639 3657
3 3639 3658 3657
3 3639 3640 3658
3 3640 3659 3658
3 3640 3641 3659
3 3641 3660 3659
3 3641 3642 3660
3 3642 3661 3660
3 3642 3643 3661
3 3643 3662 3661
3 3643 3644 3662
3 3644 3663 3662
3 3644 3645 3663
3 3645 3664 3663
3 3645 3646 3664
3 3646 3665 3664
3 3646 3647 3665
3 3647 3666 3665
3 3648 3649 3667
3 3649 3668 3667
3 3649 3650 3668
3 3650 3669 3668
3 3650 3651 3669
3 3651 3670 3669
3 3651 3652 3670
3 3652 3671 3670
3 3652 3653 3671
3 3653 3672 3671
3 3653 3654 3672
3 3654 3673 3672
3 3654 3655 3673
3 3655 3674 3673
3 3655 3656 3674
3 3656 3675 3674
3 3656 3657 3675
3 3657 3676 3675
3 3657 3658 3676
3 3658 3677 3676
3 3658 3659 3677
3 3659 3678 3677
3 3659 3660 3678
3 3660 3679 3678
3 3660 3661 3679
3 3661 3680 3679
3 3661 3662 3680
3 3662 3681 3680
3 3662 3663 3681
3 3663 3682 3681
3 3663 3664 3682
3 3664 3683 3682
3 3664 3665 3683
3 3665 3684 3683
3 3665 3666 3684
3 3666 3685 3684
3 3667 3668 3686
3 3668 3687 3686
3 3668 3669 3687
3 3669 3688 3687
3 3669 3670 3688
3 3670 3689 3688
3 3670 3671 3689
3 3671 3690 3689
3 3671 3672 3690
3 3672 3691 3690
3 3672 3673 3691
3 3673 3692 3691
3 3673 3674 3692
3 3674 3693 3692
3 3674 3675 3693
3 3675 3694 3693
3 3675 3676 3694
3 3676 3695 3694
3 3676 3677 3695
3 3677 3696 3695
3 3677 3678 3696
3 3678 3697 3696
3 3678 3679 3697
3 3679 3698 3697
3 3679 3680 3698
3 3680 3699 3698
3 3680 3681 3699
3 3681 3700 3699
3 3681 3682 3700
3 3682 3701 3700
3 3682 3683 3701
3 3683 3702 3701
3 3683 3684 3702
3 3684 3703 3702
3 3684 3685 3703
3 3685 3704 3703
3 3686 3687 3705
3 3687 3706 3705
3 3687 3688 3706
3 3688 3707 3706
3 3688 3689 3707
3 3689 3708 3707
3 3689 3690 3708
3 3690 3709 3708
3 3690 3691 3709
3 3691 3710 3709
3 3691 3692 3710
3 3692 3711 3710
3 3692 3693 3711
3 3693 3712 3711
3 3693 3694 3712
3 3694 3713 3712
3 3694 3695 3713
3 3695 3714 3713
3 3695 3696 3714
3 3696 3715 3714
3 3696 3697 3715
3 3697 3716 3715
3 3697 3698 3716
3 3698 3717 3716
3 3698 3699 3717
3 3699 3718 3717
3 3699 3700 3718
3 3700 3719 3718
3 3700 3701 3719
3 3701 3720 3719
3 3701 3702 3720
3 3702 3721 3720
3 3702 3703 3721
3 3703 3722 3721
3 3703 3704 3722
3 3704 3723 3722
3 3705 3706 3724
3 3706 3725 3724
3 3706 3707 3725
3 3707 3726 3725
3 3707 3708 3726
3 3708 3727 3726
3 3708 3709 3727
3 3709 3728 3727
3 3709 3710 3728
3 3710 3729 3728
3 3710 3711 3729
3 3711 3730 3729
3 3711 3712 3730
3 3712 3731 3730
3 3712 3713 3731
3 3713 3732 3731
3 3713 3714 3732
3 3714 3733 3732
3 3714 3715 3733
3 3715 3734 3733
3 3715 3716 3734
3 3716 3735 3734
3 3716 3717 3735
3 3717 3736 3735
3 3717 3718 3736
3 3718 3737 3736
3 3718 3719 3737
3 3719 3738 3737
3 3719 3720 3738
3 3720 3739 3738
3 3720 3721 3739
3 3721 3740 3739
3 3721 3722 3740
3 3722 3741 3740
3 3722 3723 3741
3 3723 3742 3741
3 3724 3725 3743
3 3725 3744 3743
3 3725 3726 3744
3 3726 3745 3744
3 3726 3727 3745
3 3727 3746 3745
3 3727 3728 3746
3 3728 3747 3746
3 3728 3729 3747
3 3729 3748 3747
3 3729 3730 3748
3 3730 3749 3748
3 3730 3731 3749
3 3731 3750 3749
3 3731 3732 3750
3 3732 3751 3750
3 3732 3733 3751
3 3733 3752 3751
3 3733 3734 3752
3 3734 3753 3752
3 3734 3735 3753
3 3735 3754 3753
3 3735 3736 3754
3 3736 3755 3754
3 3736 3737 3755
3 3737 3756 3755
3 3737 3738 3756
3 3738 3757 3756
3 3738 3739 3757
3 3739 3758 3757
3 3739 3740 3758
3 3740 3759 3758
3 3740 3741 3759
3 3741 3760 3759
3 3741 3742 3760
3 3742 3761 3760
3 3762 3763 3781
3 3763 3782 3781
3 3763 3764 3782
3 3764 3783 3782
3 3764 3765 3783
3 3765 3784 3783
3 3765 3766 3784
3 3766 3785 3784
3 3766 3767 3785
3 3767 3786 3785
3 3767 3768 3786
3 3768 3787 3786
3 3768 3769 3787
3 3769 3788 3787
3 3769 3770 3788
3 3770 3789 3788
3 3770 3771 3789
3 3771 3790 3789
3 3771 3772 3790
3 3772 3791 3790
3 3772 3773 3791
3 3773 3792 3791
3 3773 3774 3792
3 3774 3793 3792
3 3774 3775 3793
3 3775 3794 3793
3 3775 3776 3794
3 3776 3795 3794
3 3776 3777 3795
3 3777 3796 3795
3 3777 3778 3796
3 3778 3797 3796
3 3778 3779 3797
3 3779 3798 3797
3 3779 3780 3798
3 3780 3799 3798
3 3781 3782 3800
3 3782 3801 3800
3 3782 3783 3801
3 3783 3802 3801
3 3783 3784 3802
3 3784 3803 3802
3 3784 3785 3803
3 3785 3804 3803
3 3785 3786 3804
3 3786 3805 3804
3 3786 3787 3805
3 3787 3806 3805
3 3787 3788 3806
3 3788 3807 3806
3 3788 3789 3807
3 3789 3808 3807
3 3789 3790 3808
3 3790 3809 3808
3 3790 3791 3809
3 3791 3810 3809
3 3791 3792 3810
3 3792 3811 3810
3 3792 3793 3811
3 3793 3812 3811
3 3793 3794 3812
3 3794 3813 3812
3 3794 3795 3813
3 3795 3814 3813
3 3795 3796 3814
3 3796 3815 3814
3 3796 3797 3815
3 3797 3816 3815
3 3797 3798 3816
3 3798 3817 3816
3 3798 3799 3817
3 3799 3818 3817
3 3800 3801 3819
3 3801 3820 3819
3 3801 3802 3820
3 3802 3821 3820
3 3802 3803 3821
3 3803 3822 3821
3 3803 3804 3822
3 3804 3823 3822
3 3804 3805 3823
3 3805 3824 3823
3 3805 3806 3824
3 3806 3825 3824
3 3806 3807 3825
3 3807 3826 3825
3 3807 3808 3826
3 3808 3827 3826
3 3808 3809 3827
3 3809 3828 3827
3 3809 3810 3828
3 3810 3829 3828
3 3810 3811 3829
3 3811 3830 3829
3 3811 3812 3830
3 3812 3831 3830
3 3812 3813 3831
3 3813 3832 3831
3 3813 3814 3832
3 3814 3833 3832
3 3814 3815 3833
3 3815 3834 3833
3 3815 3816 3834
3 3816 3835 3834
3 3816 3817 3835
3 3817 3836 3835
3 3817 3818 3836
3 3818 3837 3836
3 3819 3820 3838
3 3820 3839 3838
3 3820 3821 3839
3 3821 3840 3839
3 3821 3822 3840
3 3822 3841 3840
3 3822 3823 3841
3 3823 3842 3841
3 3823 3824 3842
3 3824 3843 3842
3 3824 3825 3843
3 3825 3844 3843
3 3825 3826 3844
3 3826 3845 3844
3 3826 3827 3845
3 3827 3846 3845
3 3827 3828 3846
3 3828 3847 3846
3 3828 3829 3847
3 3829 3848 3847
3 3829 3830 3848
3 3830 3849 3848
3 3830 3831 3849
3 3831 3850 3849
3 3831 3832 3850
3 3832 3851 3850
3 3832 3833 3851
3 3833 3852 3851
3 3833 3834 3852
3 3834 3853 3852
3 3834 3835 3853
3 3835 3854 3853
3 3835 3836 3854
3 3836 3855 3854
3 3836 3837 3855
3 3837 3856 3855
3 3838 3839 3857
3 3839 3858 3857
3 3839 3840 3858
3 3840 3859 3858
3 3840 3841 3859
3 3841 3860 3859
3 3841 3842 3860
3 3842 3861 3860
3 3842 3843 3861
3 3843 3862 3861
3 3843 3844 3862
3 3844 3863 3862
3 3844 3845 3863
3 3845 3864 3863
3 3845 3846 3864
3 3846 3865 3864
3 3846 3847 3865
3 3847 3866 3865
3 3847 3848 3866
3 3848 3867 3866
3 3848 3849 3867
3 3849 3868 3867
3 3849 3850 3868
3 3850 3869 3868
3 3850 3851 3869
3 3851 3870 3869
3 3851 3852 3870
3 3852 3871 3870
3 3852 3853 3871
3 3853 3872 3871
3 3853 3854 3872
3 3854 3873 3872
3 3854 3855 3873
3 3855 3874 3873
3 3855 3856 3874
3 3856 3875 3874
3 3857 3858 3876
3 3858 3877 3876
3 3858 3859 3877
3 3859 3878 3877
3 3859 3860 3878
3 3860 3879 3878
3 3860 3861 3879
3 3861 3880 3879
3 3861 3862 3880
3 3862 3881 3880
3 3862 3863 3881
3 3863 3882 3881
3 3863 3864 3882
3 3864 3883 3882
3 3864 3865 3883
3 3865 3884 3883
3 3865 3866 3884
3 3866 3885 3884
3 3866 3867 3885
3 3867 3886 3885
3 3867 3868 3886
3 3868 3887 3886
3 3868 3869 3887
3 3869 3888 3887
3 3869 3870 3888
3 3870 3889 3888
3 3870 3871 3889
3 3871 3890 3889
3 3871 3872 3890
3 3872 3891 3890
3 3872 3873 3891
3 3873 3892 3891
3 3873 3874 3892
3 3874 3893 3892
3 3874 3875 3893
3 3875 3894 3893
3 3876 3877 3895
3 3877 3896 3895
3 3877 3878 3896
3 3878 3897 3896
3 3878 3879 3897
3 3879 3898 3897
3 3879 3880 3898
3 3880 3899 3898
3 3880 3881 3899
3 3881 3900 3899
3 3881 3882 3900
3 3882 3901 3900
3 3882 3883 3901
3 3883 3902 3901
3 3883 3884 3902
3 3884 3903 3902
3 3884 3885 3903
3 3885 3904 3903
3 3885 3886 3904
3 3886 3905 3904
3 3886 3887 3905
3 3887 3906 3905
3 3887 3888 3906
3 3888 3907 3906
3 3888 3889 3907
3 3889 3908 3907
3 3889 3890 3908
3 3890 3909 3908
3 3890 3891 3909
3 3891 3910 3909
3 3891 3892 3910
3 3892 3911 3910
3 3892 3893 3911
3 3893 3912 3911
3 3893 3894 3912
3 3894 3913 3912
3 3895 3896 3914
3 3896 3915 3914
3 3896 3897 3915
3 3897 3916 3915
3 3897 3898 3916
3 3898 3917 3916
3 3898 3899 3917
3 3899 3918 3917
3 3899 3900 3918
3 3900 3919 3918
3 3900 3901 3919
3 3901 3920 3919
3 3901 3902 3920
3 3902 3921 3920
3 3902 3903 3921
3 3903 3922 3921
3 3903 3904 3922
3 3904 3923 3922
3 3904 3905 3923
3 3905 3924 3923
3 3905 3906 3924
3 3906 3925 3924
3 3906 3907 3925
3 3907 3926 3925
3 3907 3908 3926
3 3908 3927 3926
3 3908 3909 3927
3 3909 3928 3927
3 3909 3910 3928
3 3910 3929 3928
3 3910 3911 3929
3 3911 3930 3929
3 3911 3912 3930
3 3912 3931 3930
3 3912 3913 3931
3 3913 3932 3931
3 3914 3915 3933
3 3915 3934 3933
3 3915 3916 3934
3 3916 3935 3934
3 3916 3917 3935
3 3917 3936 3935
3 3917 3918 3936
3 3918 3937 3936
3 3918 3919 3937
3 3919 3938 3937
3 3919 3920 3938
3 3920 3939 3938
3 3920 3921 3939
3 3921 3940 3939
3 3921 3922 3940
3 3922 3941 3940
3 3922 3923 3941
3 3923 3942 3941
3 3923 3924 3942
3 3924 3943 3942
3 3924 3925 3943
3 3925 3944 3943
3 3925 3926 3944
3 3926 3945 3944
3 3926 3927 3945
3 3927 3946 3945
3 3927 3928 3946
3 3928 3947 3946
3 3928 3929 3947
3 3929 3948 3947
3 3929 3930 3948
3 3930 3949 3948
3 3930 3931 3949
3 3931 3950 3949
3 3931 3932 3950
3 3932 3951 3950
3 3933 3934 3952
3 3934 3953 3952
3 3934 3935 3953
3 3935 3954 3953
3 3935 3936 3954
3 3936 3955 3954
3 3936 3937 3955
3 3937 3956 3955
3 3937 3938 3956
3 3938 3957 3956
3 3938 3939 3957
3 3939 3958 3957
3 3939 3940 3958
3 3940 3959 3958
3 3940 3941 3959
3 3941 3960 3959
3 3941 3942 3960
3 3942 3961 3960
3 3942 3943 3961
3 3943 3962 3961
3 3943 3944 3962
3 3944 3963 3962
3 3944 3945 3963
3 3945 3964 3963
3 3945 3946 3964
3 3946 3965 3964
3 3946 3947 3965
3 3947 3966 3965
3 3947 3948 3966
3 3948 3967 3966
3 3948 3949 3967
3 3949 3968 3967
3 3949 3950 3968
3 3950 3969 3968
3 3950 3951 3969
3 3951 3970 3969
3 3971 3972 3990
3 3972 3991 3990
3 3972 3973 3991
3 3973 3992 3991
3 3973 3974 3992
3 3974 3993 3992
3 3974 3975 3993
3 3975 3994 3993
3 3975 3976 3994
3 3976 3995 3994
3 3976 3977 3995
3 3977 3996 3995
3 3977 3978 3996
3 3978 3997 3996
3 3978 3979 3997
3 3979 3998 3997
3 3979 3980 3998
3 3980 3999 3998
3 3980 3981 3999
3 3981 4000 3999
3 3981 3982 4000
3 3982 4001 4000
3 3982 3983 4001
3 3983 4002 4001
3 3983 3984 4002
3 3984 4003 4002
3 3984 3985 4003
3 3985 4004 4003
3 3985 3986 4004
3 3986 4005 4004
3 3986 3987 4005
3 3987 4006 4005
3 3987 3988 4006
3 3988 4007 4006
3 3988 3989 4007
3 3989 4008 4007
3 3990 3991 4009
3 3991 4010 4009
3 3991 3992 4010
3 3992 4011 4010
3 3992 3993 4011
3 3993 4012 4011
3 3993 3994 4012
3 3994 4013 4012
3 3994 3995 4013
3 3995 4014 4013
3 3995 3996 4014
3 3996 4015 4014
3 3996 3997 4015
3 3997 4016 4015
3 3997 3998 4016
3 3998 4017 4016
3 3998 3999 4017
3 3999 4018 4017
3 3999 4000 4018
3 4000 4019 4018
3 4000 4001 4019
3 4001 4020 4019
3 4001 4002 4020
3 4002 4021 4020
3 4002 4003 4021
3 4003 4022 4021
3 4003 4004 4022
3 4004 4023 4022
3 4004 4005 4023
3 4005 4024 4023
3 4005 4006 4024
3 4006 4025 4024
3 4006 4007 4025
3 4007 4026 4025
3 4007 4008 4026
3 4008 4027 4026
3 4009 4010 4028
3 4010 4029 4028
3 4010 4011 4029
3 4011 4030 4029
3 4011 4012 4030
3 4012 4031 4030
3 4012 4013 4031
3 4013 4032 4031
3 4013 4014 4032
3 4014 4033 4032
3 4014 4015 4033
3 4015 4034 4033
3 4015 4016 4034
3 4016 4035 4034
3 4016 4017 4035
3 4017 4036 4035
3 4017 4018 4036
3 4018 4037 4036
3 4018 4019 4037
3 4019 4038 4037
3 4019 4020 4038
3 4020 4039 4038
3 4020 4021 4039
3 4021 4040 4039
3 4021 4022 4040
3 4022 4041 4040
3 4022 4023 4041
3 4023 4042 4041
3 4023 4024 4042
3 4024 4043 4042
3 4024 4025 4043
3 4025 4044 4043
3 4025 4026 4044
3 4026 4045 4044
3 4026 4027 4045
3 4027 4046 4045
3 4028 4029 4047
3 4029 4048 4047
3 4029 4030 4048
3 4030 4049 4048
3 4030 4031 4049
3 4031 4050 4049
3 4031 4032 4050
3 4032 4051 4050
3 4032 4033 4051
3 4033 4052 4051
3 4033 4034 4052
3 4034 4053 4052
3 4034 4035 4053
3 4035 4054 4053
3 4035 4036 4054
3 4036 4055 4054
3 4036 4037 4055
3 4037 4056 4055
3 4037 4038 4056
3 4038 4057 4056
3 4038 4039 4057
3 4039 4058 4057
3 4039 4040 4058
3 4040 4059 4058
3 4040 4041 4059
3 4041 4060 4059
3 4041 4042 4060
3 4042 4061 4060
3 4042 4043 4061
3 4043 4062 4061
3 4043 4044 4062
3 4044 4063 4062
3 4044 4045 4063
3 4045 4064 4063
3 4045 4046 4064
3 4046 4065 4064
3 4047 4048 4066
3 4048 4067 4066
3 4048 4049 4067
3 4049 4068 4067
3 4049 4050 4068
3 4050 4069 4068
3 4050 4051 4069
3 4051 4070 4069
3 4051 4052 4070
3 4052 4071 4070
3 4052 4053 4071
3 4053 4072 4071
3 4053 4054 4072
3 4054 4073 4072
3 4054 4055 4073
3 4055 4074 4073
3 4055 4056 4074
3 4056 4075 4074
3 4056 4057 4075
3 4057 4076 4075
3 4057 4058 4076
3 4058 4077 4076
3 4058 4059 4077
3 4059 4078 4077
3 4059 4060 4078
3 4060 4079 4078
3 4060 4061 4079
3 4061 4080 4079
3 4061 4062 4080
3 4062 4081 4080
3 4062 4063 4081
3 4063 4082 4081
3 4063 4064 4082
3 4064 4083 4082
3 4064 4065 4083
3 4065 4084 4083
3 4066 4067 4085
3 4067 4086 4085
3 4067 4068 4086
3 4068 4087 4086
3 4068 4069 4087
3 4069 4088 4087
3 4069 4070 4088
3 4070 4089 4088
3 4070 4071 4089
3 4071 4090 4089
3 4071 4072 4090
3 4072 4091 4090
3 4072 4073 4091
3 4073 4092 4091
3 4073 4074 4092
3 4074 4093 4092
3 4074 4075 4093
3 4075 4094 4093
3 4075 4076 4094
3 4076 4095 4094
3 4076 4077 4095
3 4077 4096 4095
3 4077 4078 4096
3 4078 4097 4096
3 4078 4079 4097
3 4079 4098 4097
3 4079 4080 4098
3 4080 4099 4098
3 4080 4081 4099
3 4081 4100 4099
3 4081 4082 4100
3 4082 4101 4100
3 4082 4083 4101
3 4083 4102 4101
3 4083 4084 4102
3 4084 4103 4102
3 4085 4086 4104
3 4086 4105 4104
3 4086 4087 4105
3 4087 4106 4105
3 4087 4088 4106
3 4088 4107 4106
3 4088 4089 4107
3 4089 4108 4107
3 4089 4090 4108
3 4090 4109 4108
3 4090 4091 4109
3 4091 4110 4109
3 4091 4092 4110
3 4092 4111 4110
3 4092 4093 4111
3 4093 4112 4111
3 4093 4094 4112
3 4094 4113 4112
3 4094 4095 4113
3 4095 4114 4113
3 4095 4096 4114
3 4096 4115 4114
3 4096 4097 4115
3 4097 4116 4115
3 4097 4098 4116
3 4098 4117 4116
3 4098 4099 4117
3 4099 4118 4117
3 4099 4100 4118
3 4100 4119 4118
3 4100 4101 4119
3 4101 4120 4119
3 4101 4102 4120
3 4102 4121 4120
3 4102 4103 4121
3 4103 4122 4121
3 4104 4105 4123
3 4105 4124 4123
3 4105 4106 4124
3 4106 4125 4124
3 4106 4107 4125
3 4107 4126 4125
3 4107 4108 4126
3 4108 4127 4126
3 4108 4109 4127
3 4109 4128 4127
3 4109 4110 4128
3 4110 4129 4128
3 4110 4111 4129
3 4111 4130 4129
3 4111 4112 4130
3 4112 4131 4130
3 4112 4113 4131
3 4113 4132 4131
3 4113 4114 4132
3 4114 4133 4132
3 4114 4115 4133
3 4115 4134 4133
3 4115 4116 4134
3 4116 4135 4134
3 4116 4117 4135
3 4117 4136 4135
3 4117 4118 4136
3 4118 4137 4136
3 4118 4119 4137
3 4119 4138 4137
3 4119 4120 4138
3 4120 4139 4138
3 4120 4121 4139
3 4121 4140 4139
3 4121 4122 4140
3 4122 4141 4140
3 4123 4124 4142
3 4124 4143 4142
3 4124 4125 4143
3 4125 4144 4143
3 4125 4126 4144
3 4126 4145 4144
3 4126 4127 4145
3 4127 4146 4145
3 4127 4128 4146
3 4128 4147 4146
3 4128 4129 4147
3 4129 4148 4147
3 4129 4130 4148
3 4130 4149 4148
3 4130 4131 4149
3 4131 4150 4149
3 4131 4132 4150
3 4132 4151 4150
3 4132 4133 4151
3 4133 4152 4151
3 4133 4134 4152
3 4134 4153 4152
3 4134 4135 4153
3 4135 4154 4153
3 4135 4136 4154
3 4136 4155 4154
3 4136 4137 4155
3 4137 4156 4155
3 4137 4138 4156
3 4138 4157 4156
3 4138 4139 4157
3 4139 4158 4157
3 4139 4140 4158
3 4140 4159 4158
3 4140 4141 4159
3 4141 4160 4159
3 4142 4143 4161
3 4143 4162 4161
3 4143 4144 4162
3 4144 4163 4162
3 4144 4145 4163
3 4145 4164 4163
3 4145 4146 4164
3 4146 4165 4164
3 4146 4147 4165
3 4147 4166 4165
3 4147 4148 4166
3 4148 4167 4166
3 4148 4149 4167
3 4149 4168 4167
3 4149 4150 4168
3 4150 4169 4168
3 4150 4151 4169
3 4151 4170 4169
3 4151 4152 4170
3 4152 4171 4170
3 4152 4153 4171
3 4153 4172 4171
3 4153 4154 4172
3 4154 4173 4172
3 4154 4155 4173
3 4155 4174 4173
3 4155 4156 4174
3 4156 4175 4174
3 4156 4157 4175
3 4157 4176 4175
3 4157 4158 4176
3 4158 4177 4176
3 4158 4159 4177
3 4159 4178 4177
3 4159 4160 4178
3 4160 4179 4178
3 4180 4181 4199
3 4181 4200 4199
3 4181 4182 4200
3 4182 4201 4200
3 4182 4183 4201
3 4183 4202 4201
3 4183 4184 4202
3 4184 4203 4202
3 4184 4185 4203
3 4185 4204 4203
3 4185 4186 4204
3 4186 4205 4204
3 4186 4187 4205
3 4187 4206 4205
3 4187 4188 4206
3 4188 4207 4206
3 4188 4189 4207
3 4189 4208 4207
3 4189 4190 4208
3 4190 4209 4208
3 4190 4191 4209
3 4191 4210 4209
3 4191 4192 4210
3 4192 4211 4210
3 4192 4193 4211
3 4193 4212 4211
3 4193 4194 4212
3 4194 4213 4212
3 4194 4195 4213
3 4195 4214 4213
3 4195 4196 4214
3 4196 4215 4214
3 4196 4197 4215
3 4197 4216 4215
3 4197 4198 4216
3 4198 4217 4216
3 4199 4200 4218
3 4200 4219 4218
3 4200 4201 4219
3 4201 4220 4219
3 4201 4202 4220
3 4202 4221 4220
3 4202 4203 4221
3 4203 4222 4221
3 4203 4204 4222
3 4204 4223 4222
3 4204 4205 4223
3 4205 4224 4223
3 4205 4206 4224
3 4206 4225 4224
3 4206 4207 4225
3 4207 4226 4225
3 4207 4208 4226
3 4208 4227 4226
3 4208 4209 4227
3 4209 4228 4227
3 4209 4210 4228
3 4210 4229 4228
3 4210 4211 4229
3 4211 4230 4229
3 4211 4212 4230
3 4212 4231 4230
3 4212 4213 4231
3 4213 4232 4231
3 4213 4214 4232
3 4214 4233 4232
3 4214 4215 4233
3 4215 4234 4233
3 4215 4216 4234
3 4216 4235 4234
3 4216 4217 4235
3 4217 4236 4235
3 4218 4219 4237
3 4219 4238 4237
3 4219 4220 4238
3 4220 4239 4238
3 4220 4221 4239
3 4221 4240 4239
3 4221 4222 4240
3 4222 4241 4240
3 4222 4223 4241
3 4223 4242 4241
3 4223 4224 4242
3 4224 4243 4242
3 4224 4225 4243
3 4225 4244 4243
3 4225 4226 4244
3 4226 4245 4244
3 4226 4227 4245
3 4227 4246 4245
3 4227 4228 4246
3 4228 4247 4246
3 4228 4229 4247
3 4229 4248 4247
3 4229 4230 4248
3 4230 4249 4248
3 4230 4231 4249
3 4231 4250 4249
3 4231 4232 4250
3 4232 4251 4250
3 4232 4233 4251
3 4233 4252 4251
3 4233 4234 4252
3 4234 4253 4252
3 4234 4235 4253
3 4235 4254 4253
3 4235 4236 4254
3 4236 4255 4254
3 4237 4238 4256
3 4238 4257 4256
3 4238 4239 4257
3 4239 4258 4257
3 4239 4240 4258
3 4240 4259 4258
3 4240 4241 4259
3 4241 4260 4259
3 4241 4242 4260
3 4242 4261 4260
3 4242 4243 4261
3 4243 4262 4261
3 4243 4244 4262
3 4244 4263 4262
3 4244 4245 4263
3 4245 4264 4263
3 4245 4246 4264
3 4246 4265 4264
3 4246 4247 4265
3 4247 4266 4265
3 4247 4248 4266
3 4248 4267 4266
3 4248 4249 4267
3 4249 4268 4267
3 4249 4250 4268
3 4250 4269 4268
3 4250 4251 4269
3 4251 4270 4269
3 4251 4252 4270
3 4252 4271 4270
3 4252 4253 4271
3 4253 4272 4271
3 4253 4254 4272
3 4254 4273 4272
3 4254 4255 4273
3 4255 4274 4273
3 4256 4257 4275
3 4257 4276 4275
3 4257 4258 4276
3 4258 4277 4276
3 4258 4259 4277
3 4259 4278 4277
3 4259 4260 4278
3 4260 4279 4278
3 4260 4261 4279
3 4261 4280 4279
3 4261 4262 4280
3 4262 4281 4280
3 4262 4263 4281
3 4263 4282 4281
3 4263 4264 4282
3 4264 4283 4282
3 4264 4265 4283
3 4265 4284 4283
3 4265 4266 4284
3 4266 4285 4284
3 4266 4267 4285
3 4267 4286 4285
3 4267 4268 4286
3 4268 4287 4286
3 4268 4269 4287
3 4269 4288 4287
3 4269 4270 4288
3 4270 4289 4288
3 4270 4271 4289
3 4271 4290 4289
3 4271 4272 4290
3 4272 4291 4290
3 4272 4273 4291
3 4273 4292 4291
3 4273 4274 4292
3 4274 4293 4292
3 4275 4276 4294
3 4276 4295 4294
3 4276 4277 4295
3 4277 4296 4295
3 4277 4278 4296
3 4278 4297 4296
3 4278 4279 4297
3 4279 4298 4297
3 4279 4280 4298
3 4280 4299 4298
3 4280 4281 4299
3 4281 4300 4299
3 4281 4282 4300
3 4282 4301 4300
3 4282 4283 4301
3 4283 4302 4301
3 4283 4284 4302
3 4284 4303 4302
3 4284 4285 4303
3 4285 4304 4303
3 4285 4286 4304
3 4286 4305 4304
3 4286 4287 4305
3 4287 4306 4305
3 4287 4288 4306
3 4288 4307 4306
3 4288 4289 4307
3 4289 4308 4307
3 4289 4290 4308
3 4290 4309 4308
3 4290 4291 4309
3 4291 4310 4309
3 4291 4292 4310
3 4292 4311 4310
3 4292 4293 4311
3 4293 4312 4311
3 4294 4295 4313
3 4295 4314 4313
3 4295 4296 4314
3 4296 4315 4314
3 4296 4297 4315
3 4297 4316 4315
3 4297 4298 4316
3 4298 4317 4316
3 4298 4299 4317
3 4299 4318 4317
3 4299 4300 4318
3 4300 4319 4318
3 4300 4301 4319
3 4301 4320 4319
3 4301 4302 4320
3 4302 4321 4320
3 4302 4303 4321
3 4303 4322 4321
3 4303 4304 4322
3 4304 4323 4322
3 4304 4305 4323
3 4305 4324 4323
3 4305 4306 4324
3 4306 4325 4324
3 4306 4307 4325
3 4307 4326 4325
3 4307 4308 4326
3 4308 4327 4326
3 4308 4309 4327
3 4309 4328 4327
3 4309 4310 4328
3 4310 4329 4328
3 4310 4311 4329
3 4311 4330 4329
3 4311 4312 4330
3 4312 4331 4330
3 4313 4314 4332
3 4314 4333 4332
3 4314 4315 4333
3 4315 4334 4333
3 4315 4316 4334
3 4316 4335 4334
3 4316 4317 4335
3 4317 4336 4335
3 4317 4318 4336
3 4318 4337 4336
3 4318 4319 4337
3 4319 4338 4337
3 4319 4320 4338
3 4320 4339 4338
3 4320 4321 4339
3 4321 4340 4339
3 4321 4322 4340
3 4322 4341 4340
3 4322 4323 4341
3 4323 4342 4341
3 4323 4324 4342
3 4324 4343 4342
3 4324 4325 4343
3 4325 4344 4343
3 4325 4326 4344
3 4326 4345 4344
3 4326 4327 4345
3 4327 4346 4345
3 4327 4328 4346
3 4328 4347 4346
3 4328 4329 4347
3 4329 4348 4347
3 4329 4330 4348
3 4330 4349 4348
3 4330 4331 4349
3 4331 4350 4349
3 4332 4333 4351
3 4333 4352 4351
3 4333 4334 4352
3 4334 4353 4352
3 4334 4335 4353
3 4335 4354 4353
3 4335 4336 4354
3 4336 4355 4354
3 4336 4337 4355
3 4337 4356 4355
3 4337 4338 4356
3 4338 4357 4356
3 4338 4339 4357
3 4339 4358 4357
3 4339 4340 4358
3 4340 4359 4358
3 4340 4341 4359
3 4341 4360 4359
3 4341 4342 4360
3 4342 4361 4360
3 4342 4343 4361
3 4343 4362 4361
3 4343 4344 4362
3 4344 4363 4362
3 4344 4345 4363
3 4345 4364 4363
3 4345 4346 4364
3 4346 4365 4364
3 4346 4347 4365
3 4347 4366 4365
3 4347 4348 4366
3 4348 4367 4366
3 4348 4349 4367
3 4349 4368 4367
3 4349 4350 4368
3 4350 4369 4368
3 4351 4352 4370
3 4352 4371 4370
3 4352 4353 4371
3 4353 4372 4371
3 4353 4354 4372
3 4354 4373 4372
3 4354 4355 4373
3 4355 4374 4373
3 4355 4356 4374
3 4356 4375 4374
3 4356 4357 4375
3 4357 4376 4375
3 4357 4358 4376
3 4358 4377 4376
3 4358 4359 4377
3 4359 4378 4377
3 4359 4360 4378
3 4360 4379 4378
3 4360 4361 4379
3 4361 4380 4379
3 4361 4362 4380
3 4362 4381 4380
3 4362 4363 4381
3 4363 4382 4381
3 4363 4364 4382
3 4364 4383 4382
3 4364 4365 4383
3 4365 4384 4383
3 4365 4366 4384
3 4366 4385 4384
3 4366 4367 4385
3 4367 4386 4385
3 4367 4368 4386
3 4368 4387 4386
3 4368 4369 4387
3 4369 4388 4387
3 4389 4390 4408
3 4390 4409 4408
3 4390 4391 4409
3 4391 4410 4409
3 4391 4392 4410
3 4392 4411 4410
3 4392 4393 4411
3 4393 4412 4411
3 4393 4394 4412
3 4394 4413 4412
3 4394 4395 4413
3 4395 4414 4413
3 4395 4396 4414
3 4396 4415 4414
3 4396 4397 4415
3 4397 4416 4415
3 4397 4398 4416
3 4398 4417 4416
3 4398 4399 4417
3 4399 4418 4417
3 4399 4400 4418
3 4400 4419 4418
3 4400 4401 4419
3 4401 4420 4419
3 4401 4402 4420
3 4402 4421 4420
3 4402 4403 4421
3 4403 4422 4421
3 4403 4404 4422
3 4404 4423 4422
3 4404 4405 4423
3 4405 4424 4423
3 4405 4406 4424
3 4406 4425 4424
3 4406 4407 4425
3 4407 4426 4425
3 4408 4409 4427
3 4409 4428 4427
3 4409 4410 4428
3 4410 4429 4428
3 4410 4411 4429
3 4411 4430 4429
3 4411 4412 4430
3 4412 4431 4430
3 4412 4413 4431
3 4413 4432 4431
3 4413 4414 4432
3 4414 4433 4432
3 4414 4415 4433
3 4415 4434 4433
3 4415 4416 4434
3 4416 4435 4434
3 4416 4417 4435
3 4417 4436 4435
3 4417 4418 4436
3 4418 4437 4436
3 4418 4419 4437
3 4419 4438 4437
3 4419 4420 4438
3 4420 4439 4438
3 4420 4421 4439
3 4421 4440 4439
3 4421 4422 4440
3 4422 4441 4440
3 4422 4423 4441
3 4423 4442 4441
3 4423 4424 4442
3 4424 4443 4442
3 4424 4425 4443
3 4425 4444 4443
3 4425 4426 4444
3 4426 4445 4444
3 4427 4428 4446
3 4428 4447 4446
3 4428 4429 4447
3 4429 4448 4447
3 4429 4430 4448
3 4430 4449 4448
3 4430 4431 4449
3 4431 4450 4449
3 4431 4432 4450
3 4432 4451 4450
3 4432 4433 4451
3 4433 4452 4451
3 4433 4434 4452
3 4434 4453 4452
3 4434 4435 4453
3 4435 4454 4453
3 4435 4436 4454
3 4436 4455 4454
3 4436 4437 4455
3 4437 4456 4455
3 4437 4438 4456
3 4438 4457 4456
3 4438 4439 4457
3 4439 4458 4457
3 4439 4440 4458
3 4440 4459 4458
3 4440 4441 4459
3 4441 4460 4459
3 4441 4442 4460
3 4442 4461 4460
3 4442 4443 4461
3 4443 4462 4461
3 4443 4444 4462
3 4444 4463 4462
3 4444 4445 4463
3 4445 4464 4463
3 4446 4447 4465
3 4447 4466 4465
3 4447 4448 4466
3 4448 4467 4466
3 4448 4449 4467
3 4449 4468 4467
3 4449 4450 4468
3 4450 4469 4468
3 4450 4451 4469
3 4451 4470 4469
3 4451 4452 4470
3 4452 4471 4470
3 4452 4453 4471
3 4453 4472 4471
3 4453 4454 4472
3 4454 4473 4472
3 4454 4455 4473
3 4455 4474 4473
3 4455 4456 4474
3 4456 4475 4474
3 4456 4457 4475
3 4457 4476 4475
3 4457 4458 4476
3 4458 4477 4476
3 4458 4459 4477
3 4459 4478 4477
3 4459 4460 4478
3 4460 4479 4478
3 4460 4461 4479
3 4461 4480 4479
3 4461 4462 4480
3 4462 4481 4480
3 4462 4463 4481
3 4463 4482 4481
3 4463 4464 4482
3 4464 4483 4482
3 4465 4466 4484
3 4466 4485 4484
3 4466 4467 4485
3 4467 4486 4485
3 4467 4468 4486
3 4468 4487 4486
3 4468 4469 4487
3 4469 4488 4487
3 4469 4470 4488
3 4470 4489 4488
3 4470 4471 4489
3 4471 4490 4489
3 4471 4472 4490
3 4472 4491 4490
3 4472 4473 4491
3 4473 4492 4491
3 4473 4474 4492
3 4474 4493 4492
3 4474 4475 4493
3 4475 4494 4493
3 4475 4476 4494
3 4476 4495 4494
3 4476 4477 4495
3 4477 4496 4495
3 4477 4478 4496
3 4478 4497 4496
3 4478 4479 4497
3 4479 4498 4497
3 4479 4480 4498
3 4480 4499 4498
3 4480 4481 4499
3 4481 4500 4499
3 4481 4482 4500
3 4482 4501 4500
3 4482 4483 4501
3 4483 4502 4501
3 4484 4485 4503
3 4485 4504 4503
3 4485 4486 4504
3 4486 4505 4504
3 4486 4487 4505
3 4487 4506 4505
3 4487 4488 4506
3 4488 4507 4506
3 4488 4489 4507
3 4489 4508 4507
3 4489 4490 4508
3 4490 4509 4508
3 4490 4491 4509
3 4491 4510 4509
3 4491 4492 4510
3 4492 4511 4510
3 4492 4493 4511
3 4493 4512 4511
3 4493 4494 4512
3 4494 4513 4512
3 4494 4495 4513
3 4495 4514 4513
3 4495 4496 4514
3 4496 4515 4514
3 4496 4497 4515
3 4497 4516 4515
3 4497 4498 4516
3 4498 4517 4516
3 4498 4499 4517
3 4499 4518 4517
3 4499 4500 4518
3 4500 4519 4518
3 4500 4501 4519
3 4501 4520 4519
3 4501 4502 4520
3 4502 4521 4520
3 4503 4504 4522
3 4504 4523 4522
3 4504 4505 4523
3 4505 4524 4523
3 4505 4506 4524
3 4506 4525 4524
3 4506 4507 4525
3 4507 4526 4525
3 4507 4508 4526
3 4508 4527 4526
3 4508 4509 4527
3 4509 4528 4527
3 4509 4510 4528
3 4510 4529 4528
3 4510 4511 4529
3 4511 4530 4529
3 4511 4512 4530
3 4512 4531 4530
3 4512 4513 4531
3 4513 4532 4531
3 4513 4514 4532
3 4514 4533 4532
3 4514 4515 4533
3 4515 4534 4533
3 4515 4516 4534
3 4516 4535 4534
3 4516 4517 4535
3 4517 4536 4535
3 4517 4518 4536
3 4518 4537 4536
3 4518 4519 4537
3 4519 4538 4537
3 4519 4520 4538
3 4520 4539 4538
3 4520 4521 4539
3 4521 4540 4539
3 4522 4523 4541
3 4523 4542 4541
3 4523 4524 4542
3 4524 4543 4542
3 4524 4525 4543
3 4525 4544 4543
3 4525 4526 4544
3 4526 4545 4544
3 4526 4527 4545
3 4527 4546 4545
3 4527 4528 4546
3 4528 4547 4546
3 4528 4529 4547
3 4529 4548 4547
3 4529 4530 4548
3 4530 4549 4548
3 4530 4531 4549
3 4531 4550 4549
3 4531 4532 4550
3 4532 4551 4550
3 4532 4533 4551
3 4533 4552 4551
3 4533 4534 4552
3 4534 4553 4552
3 4534 4535 4553
3 4535 4554 4553
3 4535 4536 4554
3 4536 4555 4554
3 4536 4537 4555
3 4537 4556 4555
3 4537 4538 4556
3 4538 4557 4556
3 4538 4539 4557
3 4539 4558 4557
3 4539 4540 4558
3 4540 4559 4558
3 4541 4542 4560
3 4542 4561 4560
3 4542 4543 4561
3 4543 4562 4561
3 4543 4544 4562
3 4544 4563 4562
3 4544 4545 4563
3 4545 4564 4563
3 4545 4546 4564
3 4546 4565 4564
3 4546 4547 4565
3 4547 4566 4565
3 4547 4548 4566
3 4548 4567 4566
3 4548 4549 4567
3 4549 4568 4567
3 4549 4550 4568
3 4550 4569 4568
3 4550 4551 4569
3 4551 4570 4569
3 4551 4552 4570
3 4552 4571 4570
3 4552 4553 4571
3 4553 4572 4571
3 4553 4554 4572
3 4554 4573 4572
3 4554 4555 4573
3 4555 4574 4573
3 4555 4556 4574
3 4556 4575 4574
3 4556 4557 4575
3 4557 4576 4575
3 4557 4558 4576
3 4558 4577 4576
3 4558 4559 4577
3 4559 4578 4577
3 4560 4561 4579
3 4561 4580 4579
3 4561 4562 4580
3 4562 4581 4580
3 4562 4563 4581
3 4563 4582 4581
3 4563 4564 4582
3 4564 4583 4582
3 4564 4565 4583
3 4565 4584 4583
3 4565 4566 4584
3 4566 4585 4584
3 4566 4567 4585
3 4567 4586 4585
3 4567 4568 4586
3 4568 4587 4586
3 4568 4569 4587
3 4569 4588 4587
3 4569 4570 4588
3 4570 4589 4588
3 4570 4571 4589
3 4571 4590 4589
3 4571 4572 4590
3 4572 4591 4590
3 4572 4573 4591
3 4573 4592 4591
3 4573 4574 4592
3 4574 4593 4592
3 4574 4575 4593
3 4575 4594 4593
3 4575 4576 4594
3 4576 4595 4594
3 4576 4577 4595
3 4577 4596 4595
3 4577 4578 4596
3 4578 4597 4596
3 4598 4599 4617
3 4599 4618 4617
3 4599 4600 4618
3 4600 4619 4618
3 4600 4601 4619
3 4601 4620 4619
3 4601 4602 4620
3 4602 4621 4620
3 4602 4603 4621
3 4603 4622 4621
3 4603 4604 4622
3 4604 4623 4622
3 4604 4605 4623
3 4605 4624 4623
3 4605 4606 4624
3 4606 4625 4624
3 4606 4607 4625
3 4607 4626 4625
3 4607 4608 4626
3 4608 4627 4626
3 4608 4609 4627
3 4609 4628 4627
3 4609 4610 4628
3 4610 4629 4628
3 4610 4611 4629
3 4611 4630 4629
3 4611 4612 4630
3 4612 4631 4630
3 4612 4613 4631
3 4613 4632 4631
3 4613 4614 4632
3 4614 4633 4632
3 4614 4615 4633
3 4615 4634 4633
3 4615 4616 4634
3 4616 4635 4634
3 4617 4618 4636
3 4618 4637 4636
3 4618 4619 4637
3 4619 4638 4637
3 4619 4620 4638
3 4620 4639 4638
3 4620 4621 4639
3 4621 4640 4639
3 4621 4622 4640
3 4622 4641 4640
3 4622 4623 4641
3 4623 4642 4641
3 4623 4624 4642
3 4624 4643 4642
3 4624 4625 4643
3 4625 4644 4643
3 4625 4626 4644
3 4626 4645 4644
3 4626 4627 4645
3 4627 4646 4645
3 4627 4628 4646
3 4628 4647 4646
3 4628 4629 4647
3 4629 4648 4647
3 4629 4630 4648
3 4630 4649 4648
3 4630 4631 4649
3 4631 4650 4649
3 4631 4632 4650
3 4632 4651 4650
3 4632 4633 4651
3 4633 4652 4651
3 4633 4634 4652
3 4634 4653 4652
3 4634 4635 4653
3 4635 4654 4653
3 4636 4637 4655
3 4637 4656 4655
3 4637 4638 4656
3 4638 4657 4656
3 4638 4639 4657
3 4639 4658 4657
3 4639 4640 4658
3 4640 4659 4658
3 4640 4641 4659
3 4641 4660 4659
3 4641 4642 4660
3 4642 4661 4660
3 4642 4643 4661
3 4643 4662 4661
3 4643 4644 4662
3 4644 4663 4662
3 4644 4645 4663
3 4645 4664 4663
3 4645 4646 4664
3 4646 4665 4664
3 4646 4647 4665
3 4647 4666 4665
3 4647 4648 4666
3 4648 4667 4666
3 4648 4649 4667
3 4649 4668 4667
3 4649 4650 4668
3 4650 4669 4668
3 4650 4651 4669
3 4651 4670 4669
3 4651 4652 4670
3 4652 4671 4670
3 4652 4653 4671
3 4653 4672 4671
3 4653 4654 4672
3 4654 4673 4672
3 4655 4656 4674
3 4656 4675 4674
3 4656 4657 4675
3 4657 4676 4675
3 4657 4658 4676
3 4658 4677 4676
3 4658 4659 4677
3 4659 4678 4677
3 4659 4660 4678
3 4660 4679 4678
3 4660 4661 4679
3 4661 4680 4679
3 4661 4662 4680
3 4662 4681 4680
3 4662 4663 4681
3 4663 4682 4681
3 4663 4664 4682
3 4664 4683 4682
3 4664 4665 4683
3 4665 4684 4683
3 4665 4666 4684
3 4666 4685 4684
3 4666 4667 4685
3 4667 4686 4685
3 4667 4668 4686
3 4668 4687 4686
3 4668 4669 4687
3 4669 4688 4687
3 4669 4670 4688
3 4670 4689 4688
3 4670 4671 4689
3 4671 4690 4689
3 4671 4672 4690
3 4672 4691 4690
3 4672 4673 4691
3 4673 4692 4691
3 4674 4675 4693
3 4675 4694 4693
3 4675 4676 4694
3 4676 4695 4694
3 4676 4677 4695
3 4677 4696 4695
3 4677 4678 4696
3 4678 4697 4696
3 4678 4679 4697
3 4679 4698 4697
3 4679 4680 4698
3 4680 4699 4698
3 4680 4681 4699
3 4681 4700 4699
3 4681 4682 4700
3 4682 4701 4700
3 4682 4683 4701
3 4683 4702 4701
3 4683 4684 4702
3 4684 4703 4702
3 4684 4685 4703
3 4685 4704 4703
3 4685 4686 4704
3 4686 4705 4704
3 4686 4687 4705
3 4687 4706 4705
3 4687 4688 4706
3 4688 4707 4706
3 4688 4689 4707
3 4689 4708 4707
3 4689 4690 4708
3 4690 4709 4708
3 4690 4691 4709
3 4691 4710 4709
3 4691 4692 4710
3 4692 4711 4710
3 4693 4694 4712
3 4694 4713 4712
3 4694 4695 4713
3 4695 4714 4713
3 4695 4696 4714
3 4696 4715 4714
3 4696 4697 4715
3 4697 4716 4715
3 4697 4698 4716
3 4698 4717 4716
3 4698 4699 4717
3 4699 4718 4717
3 4699 4700 4718
3 4700 4719 4718
3 4700 4701 4719
3 4701 4720 4719
3 4701 4702 4720
3 4702 4721 4720
3 4702 4703 4721
3 4703 4722 4721
3 4703 4704 4722
3 4704 4723 4722
3 4704 4705 4723
3 4705 4724 4723
3 4705 4706 4724
3 4706 4725 4724
3 4706 4707 4725
3 4707 4726 4725
3 4707 4708 4726
3 4708 4727 4726
3 4708 4709 4727
3 4709 4728 4727
3 4709 4710 4728
3 4710 4729 4728
3 4710 4711 4729
3 4711 4730 4729
3 4712 4713 4731
3 4713 4732 4731
3 4713 4714 4732
3 4714 4733 4732
3 4714 4715 4733
3 4715 4734 4733
3 4715 4716 4734
3 4716 4735 4734
3 4716 4717 4735
3 4717 4736 4735
3 4717 4718 4736
3 4718 4737 4736
3 4718 4719 4737
3 4719 4738 4737
3 4719 4720 4738
3 4720 4739 4738
3 4720 4721 4739
3 4721 4740 4739
3 4721 4722 4740
3 4722 4741 4740
3 4722 4723 4741
3 4723 4742 4741
3 4723 4724 4742
3 4724 4743 4742
3 4724 4725 4743
3 4725 4744 4743
3 4725 4726 4744
3 4726 4745 4744
3 4726 4727 4745
3 4727 4746 4745
3 4727 4728 4746
3 4728 4747 4746
3 4728 4729 4747
3 4729 4748 4747
3 4729 4730 4748
3 4730 4749 4748
3 4731 4732 4750
3 4732 4751 4750
3 4732 4733 4751
3 4733 4752 4751
3 4733 4734 4752
3 4734 4753 4752
3 4734 4735 4753
3 4735 4754 4753
3 4735 4736 4754
3 4736 4755 4754
3 4736 4737 4755
3 4737 4756 4755
3 4737 4738 4756
3 4738 4757 4756
3 4738 4739 4757
3 4739 4758 4757
3 4739 4740 4758
3 4740 4759 4758
3 4740 4741 4759
3 4741 4760 4759
3 4741 4742 4760
3 4742 4761 4760
3 4742 4743 4761
3 4743 4762 4761
3 4743 4744 4762
3 4744 4763 4762
3 4744 4745 4763
3 4745 4764 4763
3 4745 4746 4764
3 4746 4765 4764
3 4746 4747 4765
3 4747 4766 4765
3 4747 4748 4766
3 4748 4767 4766
3 4748 4749 4767
3 4749 4768 4767
3 4750 4751 4769
3 4751 4770 4769
3 4751 4752 4770
3 4752 4771 4770
3 4752 4753 4771
3 4753 4772 4771
3 4753 4754 4772
3 4754 4773 4772
3 4754 4755 4773
3 4755 4774 4773
3 4755 4756 4774
3 4756 4775 4774
3 4756 4757 4775
3 4757 4776 4775
3 4757 4758 4776
3 4758 4777 4776
3 4758 4759 4777
3 4759 4778 4777
3 4759 4760 4778
3 4760 4779 4778
3 4760 4761 4779
3 4761 4780 4779
3 4761 4762 4780
3 4762 4781 4780
3 4762 4763 4781
3 4763 4782 4781
3 4763 4764 4782
3 4764 4783 4782
3 4764 4765 4783
3 4765 4784 4783
3 4765 4766 4784
3 4766 4785 4784
3 4766 4767 4785
3 4767 4786 4785
3 4767 4768 4786
3 4768 4787 4786
3 4769 4770 4788
3 4770 4789 4788
3 4770 4771 4789
3 4771 4790 4789
3 4771 4772 4790
3 4772 4791 4790
3 4772 4773 4791
3 4773 4792 4791
3 4773 4774 4792
3 4774 4793 4792
3 4774 4775 4793
3 4775 4794 4793
3 4775 4776 4794
3 4776 4795 4794
3 4776 4777 4795
3 4777 4796 4795
3 4777 4778 4796
3 4778 4797 4796
3 4778 4779 4797
3 4779 4798 4797
3 4779 4780 4798
3 4780 4799 4798
3 4780 4781 4799
3 4781 4800 4799
3 4781 4782 4800
3 4782 4801 4800
3 4782 4783 4801
3 4783 4802 4801
3 4783 4784 4802
3 4784 4803 4802
3 4784 4785 4803
3 4785 4804 4803
3 4785 4786 4804
3 4786 4805 4804
3 4786 4787 4805
3 4787 4806 4805
3 4807 4808 4826
3 4808 4827 4826
3 4808 4809 4827
3 4809 4828 4827
3 4809 4810 4828
3 4810 4829 4828
3 4810 4811 4829
3 4811 4830 4829
3 4811 4812 4830
3 4812 4831 4830
3 4812 4813 4831
3 4813 4832 4831
3 4813 4814 4832
3 4814 4833 4832
3 4814 4815 4833
3 4815 4834 4833
3 4815 4816 4834
3 4816 4835 4834
3 4816 4817 4835
3 4817 4836 4835
3 4817 4818 4836
3 4818 4837 4836
3 4818 4819 4837
3 4819 4838 4837
3 4819 4820 4838
3 4820 4839 4838
3 4820 4821 4839
3 4821 4840 4839
3 4821 4822 4840
3 4822 4841 4840
3 4822 4823 4841
3 4823 4842 4841
3 4823 4824 4842
3 4824 4843 4842
3 4824 4825 4843
3 4825 4844 4843
3 4826 4827 4845
3 4827 4846 4845
3 4827 4828 4846
3 4828 4847 4846
3 4828 4829 4847
3 4829 4848 4847
3 4829 4830 4848
3 4830 4849 4848
3 4830 4831 4849
3 4831 4850 4849
3 4831 4832 4850
3 4832 4851 4850
3 4832 4833 4851
3 4833 4852 4851
3 4833 4834 4852
3 4834 4853 4852
3 4834 4835 4853
3 4835 4854 4853
3 4835 4836 4854
3 4836 4855 4854
3 4836 4837 4855
3 4837 4856 4855
3 4837 4838 4856
3 4838 4857 4856
3 4838 4839 4857
3 4839 4858 4857
3 4839 4840 4858
3 4840 4859 4858
3 4840 4841 4859
3 4841 4860 4859
3 4841 4842 4860
3 4842 4861 4860
3 4842 4843 4861
3 4843 4862 4861
3 4843 4844 4862
3 4844 4863 4862
3 4845 4846 4864
3 4846 4865 4864
3 4846 4847 4865
3 4847 4866 4865
3 4847 4848 4866
3 4848 4867 4866
3 4848 4849 4867
3 4849 4868 4867
3 4849 4850 4868
3 4850 4869 4868
3 4850 4851 4869
3 4851 4870 4869
3 4851 4852 4870
3 4852 4871 4870
3 4852 4853 4871
3 4853 4872 4871
3 4853 4854 4872
3 4854 4873 4872
3 4854 4855 4873
3 4855 4874 4873
3 4855 4856 4874
3 4856 4875 4874
3 4856 4857 4875
3 4857 4876 4875
3 4857 4858 4876
3 4858 4877 4876
3 4858 4859 4877
3 4859 4878 4877
3 4859 4860 4878
3 4860 4879 4878
3 4860 4861 4879
3 4861 4880 4879
3 4861 4862 4880
3 4862 4881 4880
3 4862 4863 4881
3 4863 4882 4881
3 4864 4865 4883
3 4865 4884 4883
3 4865 4866 4884
3 4866 4885 4884
3 4866 4867 4885
3 4867 4886 4885
3 4867 4868 4886
3 4868 4887 4886
3 4868 4869 4887
3 4869 4888 4887
3 4869 4870 4888
3 4870 4889 4888
3 4870 4871 4889
3 4871 4890 4889
3 4871 4872 4890
3 4872 4891 4890
3 4872 4873 4891
3 4873 4892 4891
3 4873 4874 4892
3 4874 4893 4892
3 4874 4875 4893
3 4875 4894 4893
3 4875 4876 4894
3 4876 4895 4894
3 4876 4877 4895
3 4877 4896 4895
3 4877 4878 4896
3 4878 4897 4896
3 4878 4879 4897
3 4879 4898 4897
3 4879 4880 4898
3 4880 4899 4898
3 4880 4881 4899
3 4881 4900 4899
3 4881 4882 4900
3 4882 4901 4900
3 4883 4884 4902
3 4884 4903 4902
3 4884 4885 4903
3 4885 4904 4903
3 4885 4886 4904
3 4886 4905 4904
3 4886 4887 4905
3 4887 4906 4905
3 4887 4888 4906
3 4888 4907 4906
3 4888 4889 4907
3 4889 4908 4907
3 4889 4890 4908
3 4890 4909 4908
3 4890 4891 4909
3 4891 4910 4909
3 4891 4892 4910
3 4892 4911 4910
3 4892 4893 4911
3 4893 4912 4911
3 4893 4894 4912
3 4894 4913 4912
3 4894 4895 4913
3 4895 4914 4913
3 4895 4896 4914
3 4896 4915 4914
3 4896 4897 4915
3 4897 4916 4915
3 4897 4898 4916
3 4898 4917 4916
3 4898 4899 4917
3 4899 4918 4917
3 4899 4900 4918
3 4900 4919 4918
3 4900 4901 4919
3 4901 4920 4919
3 4902 4903 4921
3 4903 4922 4921
3 4903 4904 4922
3 4904 4923 4922
3 4904 4905 4923
3 4905 4924 4923
3 4905 4906 4924
3 4906 4925 4924
3 4906 4907 4925
3 4907 4926 4925
3 4907 4908 4926
3 4908 4927 4926
3 4908 4909 4927
3 4909 4928 4927
3 4909 4910 4928
3 4910 4929 4928
3 4910 4911 4929
3 4911 4930 4929
3 4911 4912 4930
3 4912 4931 4930
3 4912 4913 4931
3 4913 4932 4931
3 4913 4914 4932
3 4914 4933 4932
3 4914 4915 4933
3 4915 4934 4933
3 4915 4916 4934
3 4916 4935 4934
3 4916 4917 4935
3 4917 4936 4935
3 4917 4918 4936
3 4918 4937 4936
3 4918 4919 4937
3 4919 4938 4937
3 4919 4920 4938
3 4920 4939 4938
3 4921 4922 4940
3 4922 4941 4940
3 4922 4923 4941
3 4923 4942 4941
3 4923 4924 4942
3 4924 4943 4942
3 4924 4925 4943
3 4925 4944 4943
3 4925 4926 4944
3 4926 4945 4944
3 4926 4927 4945
3 4927 4946 4945
3 4927 4928 4946
3 4928 4947 4946
3 4928 4929 4947
3 4929 4948 4947
3 4929 4930 4948
3 4930 4949 4948
3 4930 4931 4949
3 4931 4950 4949
3 4931 4932 4950
3 4932 4951 4950
3 4932 4933 4951
3 4933 4952 4951
3 4933 4934 4952
3 4934 4953 4952
3 4934 4935 4953
3 4935 4954 4953
3 4935 4936 4954
3 4936 4955 4954
3 4936 4937 4955
3 4937 4956 4955
3 4937 4938 4956
3 4938 4957 4956
3 4938 4939 4957
3 4939 4958 4957
3 4940 4941 4959
3 4941 4960 4959
3 4941 4942 4960
3 4942 4961 4960
3 4942 4943 4961
3 4943 4962 4961
3 4943 4944 4962
3 4944 4963 4962
3 4944 4945 4963
3 4945 4964 4963
3 4945 4946 4964
3 4946 4965 4964
3 4946 4947 4965
3 4947 4966 4965
3 4947 4948 4966
3 4948 4967 4966
3 4948 4949 4967
3 4949 4968 4967
3 4949 4950 4968
3 4950 4969 4968
3 4950 4951 4969
3 4951 4970 4969
3 4951 4952 4970
3 4952 4971 4970
3 4952 4953 4971
3 4953 4972 4971
3 4953 4954 4972
3 4954 4973 4972
3 4954 4955 4973
3 4955 4974 4973
3 4955 4956 4974
3 4956 4975 4974
3 4956 4957 4975
3 4957 4976 4975
3 4957 4958 4976
3 4958 4977 4976
3 4959 4960 4978
3 4960 4979 4978
3 4960 4961 4979
3 4961 4980 4979
3 4961 4962 4980
3 4962 4981 4980
3 4962 4963 4981
3 4963 4982 4981
3 4963 4964 4982
3 4964 4983 4982
3 4964 4965 4983
3 4965 4984 4983
3 4965 4966 4984
3 4966 4985 4984
3 4966 4967 4985
3 4967 4986 4985
3 4967 4968 4986
3 4968 4987 4986
3 4968 4969 4987
3 4969 4988 4987
3 4969 4970 4988
3 4970 4989 4988
3 4970 4971 4989
3 4971 4990 4989
3 4971 4972 4990
3 4972 4991 4990
3 4972 4973 4991
3 4973 4992 4991
3 4973 4974 4992
3 4974 4993 4992
3 4974 4975 4993
3 4975 4994 4993
3 4975 4976 4994
3 4976 4995 4994
3 4976 4977 4995
3 4977 4996 4995
3 4978 4979 4997
3 4979 4998 4997
3 4979 4980 4998
3 4980 4999 4998
3 4980 4981 4999
3 4981 5000 4999
3 4981 4982 5000
3 4982 5001 5000
3 4982 4983 5001
3 4983 5002 5001
3 4983 4984 5002
3 4984 5003 5002
3 4984 4985 5003
3 4985 5004 5003
3 4985 4986 5004
3 4986 5005 5004
3 4986 4987 5005
3 4987 5006 5005
3 4987 4988 5006
3 4988 5007 5006
3 4988 4989 5007
3 4989 5008 5007
3 4989 4990 5008
3 4990 5009 5008
3 4990 4991 5009
3 4991 5010 5009
3 4991 4992 5010
3 4992 5011 5010
3 4992 4993 5011
3 4993 5012 5011
3 4993 4994 5012
3 4994 5013 5012
3 4994 4995 5013
3 4995 5014 5013
3 4995 4996 5014
3 4996 5015 5014
3 5016 5017 5035
3 5017 5036 5035
3 5017 5018 5036
3 5018 5037 5036
3 5018 5019 5037
3 5019 5038 5037
3 5019 5020 5038
3 5020 5039 5038
3 5020 5021 5039
3 5021 5040 5039
3 5021 5022 5040
3 5022 5041 5040
3 5022 5023 5041
3 5023 5042 5041
3 5023 5024 5042
3 5024 5043 5042
3 5024 5025 5043
3 5025 5044 5043
3 5025 5026 5044
3 5026 5045 5044
3 5026 5027 5045
3 5027 5046 5045
3 5027 5028 5046
3 5028 5047 5046
3 5028 5029 5047
3 5029 5048 5047
3 5029 5030 5048
3 5030 5049 5048
3 5030 5031 5049
3 5031 5050 5049
3 5031 5032 5050
3 5032 5051 5050
3 5032 5033 5051
3 5033 5052 5051
3 5033 5034 5052
3 5034 5053 5052
3 5035 5036 5054
3 5036 5055 5054
3 5036 5037 5055
3 5037 5056 5055
3 5037 5038 5056
3 5038 5057 5056
3 5038 5039 5057
3 5039 5058 5057
3 5039 5040 5058
3 5040 5059 5058
3 5040 5041 5059
3 5041 5060 5059
3 5041 5042 5060
3 5042 5061 5060
3 5042 5043 5061
3 5043 5062 5061
3 5043 5044 5062
3 5044 5063 5062
3 5044 5045 5063
3 5045 5064 5063
3 5045 5046 5064
3 5046 5065 5064
3 5046 5047 5065
3 5047 5066 5065
3 5047 5048 5066
3 5048 5067 5066
3 5048 5049 5067
3 5049 5068 5067
3 5049 5050 5068
3 5050 5069 5068
3 5050 5051 5069
3 5051 5070 5069
3 5051 5052 5070
3 5052 5071 5070
3 5052 5053 5071
3 5053 5072 5071
3 5054 5055 5073
3 5055 5074 5073
3 5055 5056 5074
3 5056 5075 5074
3 5056 5057 5075
3 5057 5076 5075
3 5057 5058 5076
3 5058 5077 5076
3 5058 5059 5077
3 5059 5078 5077
3 5059 5060 5078
3 5060 5079 5078
3 5060 5061 5079
3 5061 5080 5079
3 5061 5062 5080
3 5062 5081 5080
3 5062 5063 5081
3 5063 5082 5081
3 5063 5064 5082
3 5064 5083 5082
3 5064 5065 5083
3 5065 5084 5083
3 5065 5066 5084
3 5066 5085 5084
3 5066 5067 5085
3 5067 5086 5085
3 5067 5068 5086
3 5068 5087 5086
3 5068 5069 5087
3 5069 5088 5087
3 5069 5070 5088
3 5070 5089 5088
3 5070 5071 5089
3 5071 5090 5089
3 5071 5072 5090
3 5072 5091 5090
3 5073 5074 5092
3 5074 5093 5092
3 5074 5075 5093
3 5075 5094 5093
3 5075 5076 5094
3 5076 5095 5094
3 5076 5077 5095
3 5077 5096 5095
3 5077 5078 5096
3 5078 5097 5096
3 5078 5079 5097
3 5079 5098 5097
3 5079 5080 5098
3 5080 5099 5098
3 5080 5081 5099
3 5081 5100 5099
3 5081 5082 5100
3 5082 5101 5100
3 5082 5083 5101
3 5083 5102 5101
3 5083 5084 5102
3 5084 5103 5102
3 5084 5085 5103
3 5085 5104 5103
3 5085 5086 5104
3 5086 5105 5104
3 5086 5087 5105
3 5087 5106 5105
3 5087 5088 5106
3 5088 5107 5106
3 5088 5089 5107
3 5089 5108 5107
3 5089 5090 5108
3 5090 5109 5108
3 5090 5091 5109
3 5091 5110 5109
3 5092 5093 5111
3 5093 5112 5111
3 5093 5094 5112
3 5094 5113 5112
3 5094 5095 5113
3 5095 5114 5113
3 5095 5096 5114
3 5096 5115 5114
3 5096 5097 5115
3 5097 5116 5115
3 5097 5098 5116
3 5098 5117 5116
3 5098 5099 5117
3 5099 5118 5117
3 5099 5100 5118
3 5100 5119 5118
3 5100 5101 5119
3 5101 5120 5119
3 5101 5102 5120
3 5102 5121 5120
3 5102 5103 5121
3 5103 5122 5121
3 5103 5104 5122
3 5104 5123 5122
3 5104 5105 5123
3 5105 5124 5123
3 5105 5106 5124
3 5106 5125 5124
3 5106 5107 5125
3 5107 5126 5125
3 5107 5108 5126
3 5108 5127 5126
3 5108 5109 5127
3 5109 5128 5127
3 5109 5110 5128
3 5110 5129 5128
3 5111 5112 5130
3 5112 5131 5130
3 5112 5113 5131
3 5113 5132 5131
3 5113 5114 5132
3 5114 5133 5132
3 5114 5115 5133
3 5115 5134 5133
3 5115 5116 5134
3 5116 5135 5134
3 5116 5117 5135
3 5117 5136 5135
3 5117 5118 5136
3 5118 5137 5136
3 5118 5119 5137
3 5119 5138 5137
3 5119 5120 5138
3 5120 5139 5138
3 5120 5121 5139
3 5121 5140 5139
3 5121 5122 5140
3 5122 5141 5140
3 5122 5123 5141
3 5123 5142 5141
3 5123 5124 5142
3 5124 5143 5142
3 5124 5125 5143
3 5125 5144 5143
3 5125 5126 5144
3 5126 5145 5144
3 5126 5127 5145
3 5127 5146 5145
3 5127 5128 5146
3 5128 5147 5146
3 5128 5129 5147
3 5129 5148 5147
3 5130 5131 5149
3 5131 5150 5149
3 5131 5132 5150
3 5132 5151 5150
3 5132 5133 5151
3 5133 5152 5151
3 5133 5134 5152
3 5134 5153 5152
3 5134 5135 5153
3 5135 5154 5153
3 5135 5136 5154
3 5136 5155 5154
3 5136 5137 5155
3 5137 5156 5155
3 5137 5138 5156
3 5138 5157 5156
3 5138 5139 5157
3 5139 5158 5157
3 5139 5140 5158
3 5140 5159 5158
3 5140 5141 5159
3 5141 5160 5159
3 5141 5142 5160
3 5142 5161 5160
3 5142 5143 5161
3 5143 5162 5161
3 5143 5144 5162
3 5144 5163 5162
3 5144 5145 5163
3 5145 5164 5163
3 5145 5146 5164
3 5146 5165 5164
3 5146 5147 5165
3 5147 5166 5165
3 5147 5148 5166
3 5148 5167 5166
3 5149 5150 5168
3 5150 5169 5168
3 5150 5151 5169
3 5151 5170 5169
3 5151 5152 5170
3 5152 5171 5170
3 5152 5153 5171
3 5153 5172 5171
3 5153 5154 5172
3 5154 5173 5172
3 5154 5155 5173
3 5155 5174 5173
3 5155 5156 5174
3 5156 5175 5174
3 5156 5157 5175
3 5157 5176 5175
3 5157 5158 5176
3 5158 5177 5176
3 5158 5159 5177
3 5159 5178 5177
3 5159 5160 5178
3 5160 5179 5178
3 5160 5161 5179
3 5161 5180 5179
3 5161 5162 5180
3 5162 5181 5180
3 5162 5163 5181
3 5163 5182 5181
3 5163 5164 5182
3 5164 5183 5182
3 5164 5165 5183
3 5165 5184 5183
3 5165 5166 5184
3 5166 5185 5184
3 5166 5167 5185
3 5167 5186 5185
3 5168 5169 5187
3 5169 5188 5187
3 5169 5170 5188
3 5170 5189 5188
3 5170 5171 5189
3 5171 5190 5189
3 5171 5172 5190
3 5172 5191 5190
3 5172 5173 5191
3 5173 5192 5191
3 5173 5174 5192
3 5174 5193 5192
3 5174 5175 5193
3 5175 5194 5193
3 5175 5176 5194
3 5176 5195 5194
3 5176 5177 5195
3 5177 5196 5195
3 5177 5178 5196
3 5178 5197 5196
3 5178 5179 5197
3 5179 5198 5197
3 5179 5180 5198
3 5180 5199 5198
3 5180 5181 5199
3 5181 5200 5199
3 5181 5182 5200
3 5182 5201 5200
3 5182 5183 5201
3 5183 5202 5201
3 5183 5184 5202
3 5184 5203 5202
3 5184 5185 5203
3 5185 5204 5203
3 5185 5186 5204
3 5186 5205 5204
3 5187 5188 5206
3 5188 5207 5206
3 5188 5189 5207
3 5189 5208 5207
3 5189 5190 5208
3 5190 5209 5208
3 5190 5191 5209
3 5191 5210 5209
3 5191 5192 5210
3 5192 5211 5210
3 5192 5193 5211
3 5193 5212 5211
3 5193 5194 5212
3 5194 5213 5212
3 5194 5195 5213
3 5195 5214 5213
3 5195 5196 5214
3 5196 5215 5214
3 5196 5197 5215
3 5197 5216 5215
3 5197 5198 5216
3 5198 5217 5216
3 5198 5199 5217
3 5199 5218 5217
3 5199 5200 5218
3 5200 5219 5218
3 5200 5201 5219
3 5201 5220 5219
3 5201 5202 5220
3 5202 5221 5220
3 5202 5203 5221
3 5203 5222 5221
3 5203 5204 5222
3 5204 5223 5222
3 5204 5205 5223
3 5205 5224 5223
3 5225 5226 5244
3 5226 5245 5244
3 5226 5227 5245
3 5227 5246 5245
3 5227 5228 5246
3 5228 5247 5246
3 5228 5229 5247
3 5229 5248 5247
3 5229 5230 5248
3 5230 5249 5248
3 5230 5231 5249
3 5231 5250 5249
3 5231 5232 5250
3 5232 5251 5250
3 5232 5233 5251
3 5233 5252 5251
3 5233 5234 5252
3 5234 5253 5252
3 5234 5235 5253
3 5235 5254 5253
3 5235 5236 5254
3 5236 5255 5254
3 5236 5237 5255
3 5237 5256 5255
3 5237 5238 5256
3 5238 5257 5256
3 5238 5239 5257
3 5239 5258 5257
3 5239 5240 5258
3 5240 5259 5258
3 5240 5241 5259
3 5241 5260 5259
3 5241 5242 5260
3 5242 5261 5260
3 5242 5243 5261
3 5243 5262 5261
3 5244 5245 5263
3 5245 5264 5263
3 5245 5246 5264
3 5246 5265 5264
3 5246 5247 5265
3 5247 5266 5265
3 5247 5248 5266
3 5248 5267 5266
3 5248 5249 5267
3 5249 5268 5267
3 5249 5250 5268
3 5250 5269 5268
3 5250 5251 5269
3 5251 5270 5269
3 5251 5252 5270
3 5252 5271 5270
3 5252 5253 5271
3 5253 5272 5271
3 5253 5254 5272
3 5254 5273 5272
3 5254 5255 5273
3 5255 5274 5273
3 5255 5256 5274
3 5256 5275 5274
3 5256 5257 5275
3 5257 5276 5275
3 5257 5258 5276
3 5258 5277 5276
3 5258 5259 5277
3 5259 5278 5277
3 5259 5260 5278
3 5260 5279 5278
3 5260 5261 5279
3 5261 5280 5279
3 5261 5262 5280
3 5262 5281 5280
3 5263 5264 5282
3 5264 5283 5282
3 5264 5265 5283
3 5265 5284 5283
3 5265 5266 5284
3 5266 5285 5284
3 5266 5267 5285
3 5267 5286 5285
3 5267 5268 5286
3 5268 5287 5286
3 5268 5269 5287
3 5269 5288 5287
3 5269 5270 5288
3 5270 5289 5288
3 5270 5271 5289
3 5271 5290 5289
3 5271 5272 5290
3 5272 5291 5290
3 5272 5273 5291
3 5273 5292 5291
3 5273 5274 5292
3 5274 5293 5292
3 5274 5275 5293
3 5275 5294 5293
3 5275 5276 5294
3 5276 5295 5294
3 5276 5277 5295
3 5277 5296 5295
3 5277 5278 5296
3 5278 5297 5296
3 5278 5279 5297
3 5279 5298 5297
3 5279 5280 5298
3 5280 5299 5298
3 5280 5281 5299
3 5281 5300 5299
3 5282 5283 5301
3 5283 5302 5301
3 5283 5284 5302
3 5284 5303 5302
3 5284 5285 5303
3 5285 5304 5303
3 5285 5286 5304
3 5286 5305 5304
3 5286 5287 5305
3 5287 5306 5305
3 5287 5288 5306
3 5288 5307 5306
3 5288 5289 5307
3 5289 5308 5307
3 5289 5290 5308
3 5290 5309 5308
3 5290 5291 5309
3 5291 5310 5309
3 5291 5292 5310
3 5292 5311 5310
3 5292 5293 5311
3 5293 5312 5311
3 5293 5294 5312
3 5294 5313 5312
3 5294 5295 5313
3 5295 5314 5313
3 5295 5296 5314
3 5296 5315 5314
3 5296 5297 5315
3 5297 5316 5315
3 5297 5298 5316
3 5298 5317 5316
3 5298 5299 5317
3 5299 5318 5317
3 5299 5300 5318
3 5300 5319 5318
3 5301 5302 5320
3 5302 5321 5320
3 5302 5303 5321
3 5303 5322 5321
3 5303 5304 5322
3 5304 5323 5322
3 5304 5305 5323
3 5305 5324 5323
3 5305 5306 5324
3 5306 5325 5324
3 5306 5307 5325
3 5307 5326 5325
3 5307 5308 5326
3 5308 5327 5326
3 5308 5309 5327
3 5309 5328 5327
3 5309 5310 5328
3 5310 5329 5328
3 5310 5311 5329
3 5311 5330 5329
3 5311 5312 5330
3 5312 5331 5330
3 5312 5313 5331
3 5313 5332 5331
3 5313 5314 5332
3 5314 5333 5332
3 5314 5315 5333
3 5315 5334 5333
3 5315 5316 5334
3 5316 5335 5334
3 5316 5317 5335
3 5317 5336 5335
3 5317 5318 5336
3 5318 5337 5336
3 5318 5319 5337
3 5319 5338 5337
3 5320 5321 5339
3 5321 5340 5339
3 5321 5322 5340
3 5322 5341 5340
3 5322 5323 5341
3 5323 5342 5341
3 5323 5324 5342
3 5324 5343 5342
3 5324 5325 5343
3 5325 5344 5343
3 5325 5326 5344
3 5326 5345 5344
3 5326 5327 5345
3 5327 5346 5345
3 5327 5328 5346
3 5328 5347 5346
3 5328 5329 5347
3 5329 5348 5347
3 5329 5330 5348
3 5330 5349 5348
3 5330 5331 5349
3 5331 5350 5349
3 5331 5332 5350
3 5332 5351 5350
3 5332 5333 5351
3 5333 5352 5351
3 5333 5334 5352
3 5334 5353 5352
3 5334 5335 5353
3 5335 5354 5353
3 5335 5336 5354
3 5336 5355 5354
3 5336 5337 5355
3 5337 5356 5355
3 5337 5338 5356
3 5338 5357 5356
3 5339 5340 5358
3 5340 5359 5358
3 5340 5341 5359
3 5341 5360 5359
3 5341 5342 5360
3 5342 5361 5360
3 5342 5343 5361
3 5343 5362 5361
3 5343 5344 5362
3 5344 5363 5362
3 5344 5345 5363
3 5345 5364 5363
3 5345 5346 5364
3 5346 5365 5364
3 5346 5347 5365
3 5347 5366 5365
3 5347 5348 5366
3 5348 5367 5366
3 5348 5349 5367
3 5349 5368 5367
3 5349 5350 5368
3 5350 5369 5368
3 5350 5351 5369
3 5351 5370 5369
3 5351 5352 5370
3 5352 5371 5370
3 5352 5353 5371
3 5353 5372 5371
3 5353 5354 5372
3 5354 5373 5372
3 5354 5355 5373
3 5355 5374 5373
3 5355 5356 5374
3 5356 5375 5374
3 5356 5357 5375
3 5357 5376 5375
3 5358 5359 5377
3 5359 5378 5377
3 5359 5360 5378
3 5360 5379 5378
3 5360 5361 5379
3 5361 5380 5379
3 5361 5362 5380
3 5362 5381 5380
3 5362 5363 5381
3 5363 5382 5381
3 5363 5364 5382
3 5364 5383 5382
3 5364 5365 5383
3 5365 5384 5383
3 5365 5366 5384
3 5366 5385 5384
3 5366 5367 5385
3 5367 5386 5385
3 5367 5368 5386
3 5368 5387 5386
3 5368 5369 5387
3 5369 5388 5387
3 5369 5370 5388
3 5370 5389 5388
3 5370 5371 5389
3 5371 5390 5389
3 5371 5372 5390
3 5372 5391 5390
3 5372 5373 5391
3 5373 5392 5391
3 5373 5374 5392
3 5374 5393 5392
3 5374 5375 5393
3 5375 5394 5393
3 5375 5376 5394
3 5376 5395 5394
3 5377 5378 5396
3 5378 5397 5396
3 5378 5379 5397
3 5379 5398 5397
3 5379 5380 5398
3 5380 5399 5398
3 5380 5381 5399
3 5381 5400 5399
3 5381 5382 5400
3 5382 5401 5400
3 5382 5383 5401
3 5383 5402 5401
3 5383 5384 5402
3 5384 5403 5402
3 5384 5385 5403
3 5385 5404 5403
3 5385 5386 5404
3 5386 5405 5404
3 5386 5387 5405
3 5387 5406 5405
3 5387 5388 5406
3 5388 5407 5406
3 5388 5389 5407
3 5389 5408 5407
3 5389 5390 5408
3 5390 5409 5408
3 5390 5391 5409
3 5391 5410 5409
3 5391 5392 5410
3 5392 5411 5410
3 5392 5393 5411
3 5393 5412 5411
3 5393 5394 5412
3 5394 5413 5412
3 5394 5395 5413
3 5395 5414 5413
3 5396 5397 5415
3 5397 5416 5415
3 5397 5398 5416
3 5398 5417 5416
3 5398 5399 5417
3 5399 5418 5417
3 5399 5400 5418
3 5400 5419 5418
3 5400 5401 5419
3 5401 5420 5419
3 5401 5402 5420
3 5402 5421 5420
3 5402 5403 5421
3 5403 5422 5421
3 5403 5404 5422
3 5404 5423 5422
3 5404 5405 5423
3 5405 5424 5423
3 5405 5406 5424
3 5406 5425 5424
3 5406 5407 5425
3 5407 5426 5425
3 5407 5408 5426
3 5408 5427 5426
3 5408 5409 5427
3 5409 5428 5427
3 5409 5410 5428
3 5410 5429 5428
3 5410 5411 5429
3 5411 5430 5429
3 5411 5412 5430
3 5412 5431 5430
3 5412 5413 5431
3 5413 5432 5431
3 5413 5414 5432
3 5414 5433 5432
3 5434 5435 5453
3 5435 5454 5453
3 5435 5436 5454
3 5436 5455 5454
3 5436 5437 5455
3 5437 5456 5455
3 5437 5438 5456
3 5438 5457 5456
3 5438 5439 5457
3 5439 5458 5457
3 5439 5440 5458
3 5440 5459 5458
3 5440 5441 5459
3 5441 5460 5459
3 5441 5442 5460
3 5442 5461 5460
3 5442 5443 5461
3 5443 5462 5461
3 5443 5444 5462
3 5444 5463 5462
3 5444 5445 5463
3 5445 5464 5463
3 5445 5446 5464
3 5446 5465 5464
3 5446 5447 5465
3 5447 5466 5465
3 5447 5448 5466
3 5448 5467 5466
3 5448 5449 5467
3 5449 5468 5467
3 5449 5450 5468
3 5450 5469 5468
3 5450 5451 5469
3 5451 5470 5469
3 5451 5452 5470
3 5452 5471 5470
3 5453 5454 5472
3 5454 5473 5472
3 5454 5455 5473
3 5455 5474 5473
3 5455 5456 5474
3 5456 5475 5474
3 5456 5457 5475
3 5457 5476 5475
3 5457 5458 5476
3 5458 5477 5476
3 5458 5459 5477
3 5459 5478 5477
3 5459 5460 5478
3 5460 5479 5478
3 5460 5461 5479
3 5461 5480 5479
3 5461 5462 5480
3 5462 5481 5480
3 5462 5463 5481
3 5463 5482 5481
3 5463 5464 5482
3 5464 5483 5482
3 5464 5465 5483
3 5465 5484 5483
3 5465 5466 5484
3 5466 5485 5484
3 5466 5467 5485
3 5467 5486 5485
3 5467 5468 5486
3 5468 5487 5486
3 5468 5469 5487
3 5469 5488 5487
3 5469 5470 5488
3 5470 5489 5488
3 5470 5471 5489
3 5471 5490 5489
3 5472 5473 5491
3 5473 5492 5491
3 5473 5474 5492
3 5474 5493 5492
3 5474 5475 5493
3 5475 5494 5493
3 5475 5476 5494
3 5476 5495 5494
3 5476 5477 5495
3 5477 5496 5495
3 5477 5478 5496
3 5478 5497 5496
3 5478 5479 5497
3 5479 5498 5497
3 5479 5480 5498
3 5480 5499 5498
3 5480 5481 5499
3 5481 5500 5499
3 5481 5482 5500
3 5482 5501 5500
3 5482 5483 5501
3 5483 5502 5501
3 5483 5484 5502
3 5484 5503 5502
3 5484 5485 5503
3 5485 5504 5503
3 5485 5486 5504
3 5486 5505 5504
3 5486 5487 5505
3 5487 5506 5505
3 5487 5488 5506
3 5488 5507 5506
3 5488 5489 5507
3 5489 5508 5507
3 5489 5490 5508
3 5490 5509 5508
3 5491 5492 5510
3 5492 5511 5510
3 5492 5493 5511
3 5493 5512 5511
3 5493 5494 5512
3 5494 5513 5512
3 5494 5495 5513
3 5495 5514 5513
3 5495 5496 5514
3 5496 5515 5514
3 5496 5497 5515
3 5497 5516 5515
3 5497 5498 5516
3 5498 5517 5516
3 5498 5499 5517
3 5499 5518 5517
3 5499 5500 5518
3 5500 5519 5518
3 5500 5501 5519
3 5501 5520 5519
3 5501 5502 5520
3 5502 5521 5520
3 5502 5503 5521
3 5503 5522 5521
3 5503 5504 5522
3 5504 5523 5522
3 5504 5505 5523
3 5505 5524 5523
3 5505 5506 5524
3 5506 5525 5524
3 5506 5507 5525
3 5507 5526 5525
3 5507 5508 5526
3 5508 5527 5526
3 5508 5509 5527
3 5509 5528 5527
3 5510 5511 5529
3 5511 5530 5529
3 5511 5512 5530
3 5512 5531 5530
3 5512 5513 5531
3 5513 5532 5531
3 5513 5514 5532
3 5514 5533 5532
3 5514 5515 5533
3 5515 5534 5533
3 5515 5516 5534
3 5516 5535 5534
3 5516 5517 5535
3 5517 5536 5535
3 5517 5518 5536
3 5518 5537 5536
3 5518 5519 5537
3 5519 5538 5537
3 5519 5520 5538
3 5520 5539 5538
3 5520 5521 5539
3 5521 5540 5539
3 5521 5522 5540
3 5522 5541 5540
3 5522 5523 5541
3 5523 5542 5541
3 5523 5524 5542
3 5524 5543 5542
3 5524 5525 5543
3 5525 5544 5543
3 5525 5526 5544
3 5526 5545 5544
3 5526 5527 5545
3 5527 5546 5545
3 5527 5528 5546
3 5528 5547 5546
3 5529 5530 5548
3 5530 5549 5548
3 5530 5531 5549
3 5531 5550 5549
3 5531 5532 5550
3 5532 5551 5550
3 5532 5533 5551
3 5533 5552 5551
3 5533 5534 5552
3 5534 5553 5552
3 5534 5535 5553
3 5535 5554 5553
3 5535 5536 5554
3 5536 5555 5554
3 5536 5537 5555
3 5537 5556 5555
3 5537 5538 5556
3 5538 5557 5556
3 5538 5539 5557
3 5539 5558 5557
3 5539 5540 5558
3 5540 5559 5558
3 5540 5541 5559
3 5541 5560 5559
3 5541 5542 5560
3 5542 5561 5560
3 5542 5543 5561
3 5543 5562 5561
3 5543 5544 5562
3 5544 5563 5562
3 5544 5545 5563
3 5545 5564 5563
3 5545 5546 5564
3 5546 5565 5564
3 5546 5547 5565
3 5547 5566 5565
3 5548 5549 5567
3 5549 5568 5567
3 5549 5550 5568
3 5550 5569 5568
3 5550 5551 5569
3 5551 5570 5569
3 5551 5552 5570
3 5552 5571 5570
3 5552 5553 5571
3 5553 5572 5571
3 5553 5554 5572
3 5554 5573 5572
3 5554 5555 5573
3 5555 5574 5573
3 5555 5556 5574
3 5556 5575 5574
3 5556 5557 5575
3 5557 5576 5575
3 5557 5558 5576
3 5558 5577 5576
3 5558 5559 5577
3 5559 5578 5577
3 5559 5560 5578
3 5560 5579 5578
3 5560 5561 5579
3 5561 5580 5579
3 5561 5562 5580
3 5562 5581 5580
3 5562 5563 5581
3 5563 5582 5581
3 5563 5564 5582
3 5564 5583 5582
3 5564 5565 5583
3 5565 5584 5583
3 5565 5566 5584
3 5566 5585 5584
3 5567 5568 5586
3 5568 5587 5586
3 5568 5569 5587
3 5569 5588 5587
3 5569 5570 5588
3 5570 5589 5588
3 5570 5571 5589
3 5571 5590 5589
3 5571 5572 5590
3 5572 5591 5590
3 5572 5573 5591
3 5573 5592 5591
3 5573 5574 5592
3 5574 5593 5592
3 5574 5575 5593
3 5575 5594 5593
3 5575 5576 5594
3 5576 5595 5594
3 5576 5577 5595
3 5577 5596 5595
3 5577 5578 5596
3 5578 5597 5596
3 5578 5579 5597
3 5579 5598 5597
3 5579 5580 5598
3 5580 5599 5598
3 5580 5581 5599
3 5581 5600 5599
3 5581 5582 5600
3 5582 5601 5600
3 5582 5583 5601
3 5583 5602 5601
3 5583 5584 5602
3 5584 5603 5602
3 5584 5585 5603
3 5585 5604 5603
3 5586 5587 5605
3 5587 5606 5605
3 5587 5588 5606
3 5588 5607 5606
3 5588 5589 5607
3 5589 5608 5607
3 5589 5590 5608
3 5590 5609 5608
3 5590 5591 5609
3 5591 5610 5609
3 5591 5592 5610
3 5592 5611 5610
3 5592 5593 5611
3 5593 5612 5611
3 5593 5594 5612
3 5594 5613 5612
3 5594 5595 5613
3 5595 5614 5613
3 5595 5596 5614
3 5596 5615 5614
3 5596 5597 5615
3 5597 5616 5615
3 5597 5598 5616
3 5598 5617 5616
3 5598 5599 5617
3 5599 5618 5617
3 5599 5600 5618
3 5600 5619 5618
3 5600 5601 5619
3 5601 5620 5619
3 5601 5602 5620
3 5602 5621 5620
3 5602 5603 5621
3 5603 5622 5621
3 5603 5604 5622
3 5604 5623 5622
3 5605 5606 5624
3 5606 5625 5624
3 5606 5607 5625
3 5607 5626 5625
3 5607 5608 5626
3 5608 5627 5626
3 5608 5609 5627
3 5609 5628 5627
3 5609 5610 5628
3 5610 5629 5628
3 5610 5611 5629
3 5611 5630 5629
3 5611 5612 5630
3 5612 5631 5630
3 5612 5613 5631
3 5613 5632 5631
3 5613 5614 5632
3 5614 5633 5632
3 5614 5615 5633
3 5615 5634 5633
3 5615 5616 5634
3 5616 5635 5634
3 5616 5617 5635
3 5617 5636 5635
3 5617 5618 5636
3 5618 5637 5636
3 5618 5619 5637
3 5619 5638 5637
3 5619 5620 5638
3 5620 5639 5638
3 5620 5621 5639
3 5621 5640 5639
3 5621 5622 5640
3 5622 5641 5640
3 5622 5623 5641
3 5623 5642 5641
3 5643 5644 5662
3 5644 5663 5662
3 5644 5645 5663
3 5645 5664 5663
3 5645 5646 5664
3 5646 5665 5664
3 5646 5647 5665
3 5647 5666 5665
3 5647 5648 5666
3 5648 5667 5666
3 5648 5649 5667
3 5649 5668 5667
3 5649 5650 5668
3 5650 5669 5668
3 5650 5651 5669
3 5651 5670 5669
3 5651 5652 5670
3 5652 5671 5670
3 5652 5653 5671
3 5653 5672 5671
3 5653 5654 5672
3 5654 5673 5672
3 5654 5655 5673
3 5655 5674 5673
3 5655 5656 5674
3 5656 5675 5674
3 5656 5657 5675
3 5657 5676 5675
3 5657 5658 5676
3 5658 5677 5676
3 5658 5659 5677
3 5659 5678 5677
3 5659 5660 5678
3 5660 5679 5678
3 5660 5661 5679
3 5661 5680 5679
3 5662 5663 5681
3 5663 5682 5681
3 5663 5664 5682
3 5664 5683 5682
3 5664 5665 5683
3 5665 5684 5683
3 5665 5666 5684
3 5666 5685 5684
3 5666 5667 5685
3 5667 5686 5685
3 5667 5668 5686
3 5668 5687 5686
3 5668 5669 5687
3 5669 5688 5687
3 5669 5670 5688
3 5670 5689 5688
3 5670 5671 5689
3 5671 5690 5689
3 5671 5672 5690
3 5672 5691 5690
3 5672 5673 5691
3 5673 5692 5691
3 5673 5674 5692
3 5674 5693 5692
3 5674 5675 5693
3 5675 5694 5693
3 5675 5676 5694
3 5676 5695 5694
3 5676 5677 5695
3 5677 5696 5695
3 5677 5678 5696
3 5678 5697 5696
3 5678 5679 5697
3 5679 5698 5697
3 5679 5680 5698
3 5680 5699 5698
3 5681 5682 5700
3 5682 5701 5700
3 5682 5683 5701
3 5683 5702 5701
3 5683 5684 5702
3 5684 5703 5702
3 5684 5685 5703
3 5685 5704 5703
3 5685 5686 5704
3 5686 5705 5704
3 5686 5687 5705
3 5687 5706 5705
3 5687 5688 5706
3 5688 5707 5706
3 5688 5689 5707
3 5689 5708 5707
3 5689 5690 5708
3 5690 5709 5708
3 5690 5691 5709
3 5691 5710 5709
3 5691 5692 5710
3 5692 5711 5710
3 5692 5693 5711
3 5693 5712 5711
3 5693 5694 5712
3 5694 5713 5712
3 5694 5695 5713
3 5695 5714 5713
3 5695 5696 5714
3 5696 5715 5714
3 5696 5697 5715
3 5697 5716 5715
3 5697 5698 5716
3 5698 5717 5716
3 5698 5699 5717
3 5699 5718 5717
3 5700 5701 5719
3 5701 5720 5719
3 5701 5702 5720
3 5702 5721 5720
3 5702 5703 5721
3 5703 5722 5721
3 5703 5704 5722
3 5704 5723 5722
3 5704 5705 5723
3 5705 5724 5723
3 5705 5706 5724
3 5706 5725 5724
3 5706 5707 5725
3 5707 5726 5725
3 5707 5708 5726
3 5708 5727 5726
3 5708 5709 5727
3 5709 5728 5727
3 5709 5710 5728
3 5710 5729 5728
3 5710 5711 5729
3 5711 5730 5729
3 5711 5712 5730
3 5712 5731 5730
3 5712 5713 5731
3 5713 5732 5731
3 5713 5714 5732
3 5714 5733 5732
3 5714 5715 5733
3 5715 5734 5733
3 5715 5716 5734
3 5716 5735 5734
3 5716 5717 5735
3 5717 5736 5735
3 5717 5718 5736
3 5718 5737 5736
3 5719 5720 5738
3 5720 5739 5738
3 5720 5721 5739
3 5721 5740 5739
3 5721 5722 5740
3 5722 5741 5740
3 5722 5723 5741
3 5723 5742 5741
3 5723 5724 5742
3 5724 5743 5742
3 5724 5725 5743
3 5725 5744 5743
3 5725 5726 5744
3 5726 5745 5744
3 5726 5727 5745
3 5727 5746 5745
3 5727 5728 5746
3 5728 5747 5746
3 5728 5729 5747
3 5729 5748 5747
3 5729 5730 5748
3 5730 5749 5748
3 5730 5731 5749
3 5731 5750 5749
3 5731 5732 5750
3 5732 5751 5750
3 5732 5733 5751
3 5733 5752 5751
3 5733 5734 5752
3 5734 5753 5752
3 5734 5735 5753
3 5735 5754 5753
3 5735 5736 5754
3 5736 5755 5754
3 5736 5737 5755
3 5737 5756 5755
3 5738 5739 5757
3 5739 5758 5757
3 5739 5740 5758
3 5740 5759 5758
3 5740 5741 5759
3 5741 5760 5759
3 5741 5742 5760
3 5742 5761 5760
3 5742 5743 5761
3 5743 5762 5761
3 5743 5744 5762
3 5744 5763 5762
3 5744 5745 5763
3 5745 5764 5763
3 5745 5746 5764
3 5746 5765 5764
3 5746 5747 5765
3 5747 5766 5765
3 5747 5748 5766
3 5748 5767 5766
3 5748 5749 5767
3 5749 5768 5767
3 5749 5750 5768
3 5750 5769 5768
3 5750 5751 5769
3 5751 5770 5769
3 5751 5752 5770
3 5752 5771 5770
3 5752 5753 5771
3 5753 5772 5771
3 5753 5754 5772
3 5754 5773 5772
3 5754 5755 5773
3 5755 5774 5773
3 5755 5756 5774
3 5756 5775 5774
3 5757 5758 5776
3 5758 5777 5776
3 5758 5759 5777
3 5759 5778 5777
3 5759 5760 5778
3 5760 5779 5778
3 5760 5761 5779
3 5761 5780 5779
3 5761 5762 5780
3 5762 5781 5780
3 5762 5763 5781
3 5763 5782 5781
3 5763 5764 5782
3 5764 5783 5782
3 5764 5765 5783
3 5765 5784 5783
3 5765 5766 5784
3 5766 5785 5784
3 5766 5767 5785
3 5767 5786 5785
3 5767 5768 5786
3 5768 5787 5786
3 5768 5769 5787
3 5769 5788 5787
3 5769 5770 5788
3 5770 5789 5788
3 5770 5771 5789
3 5771 5790 5789
3 5771 5772 5790
3 5772 5791 5790
3 5772 5773 5791
3 5773 5792 5791
3 5773 5774 5792
3 5774 5793 5792
3 5774 5775 5793
3 5775 5794 5793
3 5776 5777 5795
3 5777 5796 5795
3 5777 5778 5796
3 5778 5797 5796
3 5778 5779 5797
3 5779 5798 5797
3 5779 5780 5798
3 5780 5799 5798
3 5780 5781 5799
3 5781 5800 5799
3 5781 5782 5800
3 5782 5801 5800
3 5782 5783 5801
3 5783 5802 5801
3 5783 5784 5802
3 5784 5803 5802
3 5784 5785 5803
3 5785 5804 5803
3 5785 5786 5804
3 5786 5805 5804
3 5786 5787 5805
3 5787 5806 5805
3 5787 5788 5806
3 5788 5807 5806
3 5788 5789 5807
3 5789 5808 5807
3 5789 5790 5808
3 5790 5809 5808
3 5790 5791 5809
3 5791 5810 5809
3 5791 5792 5810
3 5792 5811 5810
3 5792 5793 5811
3 5793 5812 5811
3 5793 5794 5812
3 5794 5813 5812
3 5795 5796 5814
3 5796 5815 5814
3 5796 5797 5815
3 5797 5816 5815
3 5797 5798 5816
3 5798 5817 5816
3 5798 5799 5817
3 5799 5818 5817
3 5799 5800 5818
3 5800 5819 5818
3 5800 5801 5819
3 5801 5820 5819
3 5801 5802 5820
3 5802 5821 5820
3 5802 5803 5821
3 5803 5822 5821
3 5803 5804 5822
3 5804 5823 5822
3 5804 5805 5823
3 5805 5824 5823
3 5805 5806 5824
3 5806 5825 5824
3 5806 5807 5825
3 5807 5826 5825
3 5807 5808 5826
3 5808 5827 5826
3 5808 5809 5827
3 5809 5828 5827
3 5809 5810 5828
3 5810 5829 5828
3 5810 5811 5829
3 5811 5830 5829
3 5811 5812 5830
3 5812 5831 5830
3 5812 5813 5831
3 5813 5832 5831
3 5814 5815 5833
3 5815 5834 5833
3 5815 5816 5834
3 5816 5835 5834
3 5816 5817 5835
3 5817 5836 5835
3 5817 5818 5836
3 5818 5837 5836
3 5818 5819 5837
3 5819 5838 5837
3 5819 5820 5838
3 5820 5839 5838
3 5820 5821 5839
3 5821 5840 5839
3 5821 5822 5840
3 5822 5841 5840
3 5822 5823 5841
3 5823 5842 5841
3 5823 5824 5842
3 5824 5843 5842
3 5824 5825 5843
3 5825 5844 5843
3 5825 5826 5844
3 5826 5845 5844
3 5826 5827 5845
3 5827 5846 5845
3 5827 5828 5846
3 5828 5847 5846
3 5828 5829 5847
3 5829 5848 5847
3 5829 5830 5848
3 5830 5849 5848
3 5830 5831 5849
3 5831 5850 5849
3 5831 5832 5850
3 5832 5851 5850
3 5852 5853 5871
3 5853 5872 5871
3 5853 5854 5872
3 5854 5873 5872
3 5854 5855 5873
3 5855 5874 5873
3 5855 5856 5874
3 5856 5875 5874
3 5856 5857 5875
3 5857 5876 5875
3 5857 5858 5876
3 5858 5877 5876
3 5858 5859 5877
3 5859 5878 5877
3 5859 5860 5878
3 5860 5879 5878
3 5860 5861 5879
3 5861 5880 5879
3 5861 5862 5880
3 5862 5881 5880
3 5862 5863 5881
3 5863 5882 5881
3 5863 5864 5882
3 5864 5883 5882
3 5864 5865 5883
3 5865 5884 5883
3 5865 5866 5884
3 5866 5885 5884
3 5866 5867 5885
3 5867 5886 5885
3 5867 5868 5886
3 5868 5887 5886
3 5868 5869 5887
3 5869 5888 5887
3 5869 5870 5888
3 5870 5889 5888
3 5871 5872 5890
3 5872 5891 5890
3 5872 5873 5891
3 5873 5892 5891
3 5873 5874 5892
3 5874 5893 5892
3 5874 5875 5893
3 5875 5894 5893
3 5875 5876 5894
3 5876 5895 5894
3 5876 5877 5895
3 5877 5896 5895
3 5877 5878 5896
3 5878 5897 5896
3 5878 5879 5897
3 5879 5898 5897
3 5879 5880 5898
3 5880 5899 5898
3 5880 5881 5899
3 5881 5900 5899
3 5881 5882 5900
3 5882 5901 5900
3 5882 5883 5901
3 5883 5902 5901
3 5883 5884 5902
3 5884 5903 5902
3 5884 5885 5903
3 5885 5904 5903
3 5885 5886 5904
3 5886 5905 5904
3 5886 5887 5905
3 5887 5906 5905
3 5887 5888 5906
3 5888 5907 5906
3 5888 5889 5907
3 5889 5908 5907
3 5890 5891 5909
3 5891 5910 5909
3 5891 5892 5910
3 5892 5911 5910
3 5892 5893 5911
3 5893 5912 5911
3 5893 5894 5912
3 5894 5913 5912
3 5894 5895 5913
3 5895 5914 5913
3 5895 5896 5914
3 5896 5915 5914
3 5896 5897 5915
3 5897 5916 5915
3 5897 5898 5916
3 5898 5917 5916
3 5898 5899 5917
3 5899 5918 5917
3 5899 5900 5918
3 5900 5919 5918
3 5900 5901 5919
3 5901 5920 5919
3 5901 5902 5920
3 5902 5921 5920
3 5902 5903 5921
3 5903 5922 5921
3 5903 5904 5922
3 5904 5923 5922
3 5904 5905 5923
3 5905 5924 5923
3 5905 5906 5924
3 5906 5925 5924
3 5906 5907 5925
3 5907 5926 5925
3 5907 5908 5926
3 5908 5927 5926
3 5909 5910 5928
3 5910 5929 5928
3 5910 5911 5929
3 5911 5930 5929
3 5911 5912 5930
3 5912 5931 5930
3 5912 5913 5931
3 5913 5932 5931
3 5913 5914 5932
3 5914 5933 5932
3 5914 5915 5933
3 5915 5934 5933
3 5915 5916 5934
3 5916 5935 5934
3 5916 5917 5935
3 5917 5936 5935
3 5917 5918 5936
3 5918 5937 5936
3 5918 5919 5937
3 5919 5938 5937
3 5919 5920 5938
3 5920 5939 5938
3 5920 5921 5939
3 5921 5940 5939
3 5921 5922 5940
3 5922 5941 5940
3 5922 5923 5941
3 5923 5942 5941
3 5923 5924 5942
3 5924 5943 5942
3 5924 5925 5943
3 5925 5944 5943
3 5925 5926 5944
3 5926 5945 5944
3 5926 5927 5945
3 5927 5946 5945
3 5928 5929 5947
3 5929 5948 5947
3 5929 5930 5948
3 5930 5949 5948
3 5930 5931 5949
3 5931 5950 5949
3 5931 5932 5950
3 5932 5951 5950
3 5932 5933 5951
3 5933 5952 5951
3 5933 5934 5952
3 5934 5953 5952
3 5934 5935 5953
3 5935 5954 5953
3 5935 5936 5954
3 5936 5955 5954
3 5936 5937 5955
3 5937 5956 5955
3 5937 5938 5956
3 5938 5957 5956
3 5938 5939 5957
3 5939 5958 5957
3 5939 5940 5958
3 5940 5959 5958
3 5940 5941 5959
3 5941 5960 5959
3 5941 5942 5960
3 5942 5961 5960
3 5942 5943 5961
3 5943 5962 5961
3 5943 5944 5962
3 5944 5963 5962
3 5944 5945 5963
3 5945 5964 5963
3 5945 5946 5964
3 5946 5965 5964
3 5947 5948 5966
3 5948 5967 5966
3 5948 5949 5967
3 5949 5968 5967
3 5949 5950 5968
3 5950 5969 5968
3 5950 5951 5969
3 5951 5970 5969
3 5951 5952 5970
3 5952 5971 5970
3 5952 5953 5971
3 5953 5972 5971
3 5953 5954 5972
3 5954 5973 5972
3 5954 5955 5973
3 5955 5974 5973
3 5955 5956 5974
3 5956 5975 5974
3 5956 5957 5975
3 5957 5976 5975
3 5957 5958 5976
3 5958 5977 5976
3 5958 5959 5977
3 5959 5978 5977
3 5959 5960 5978
3 5960 5979 5978
3 5960 5961 5979
3 5961 5980 5979
3 5961 5962 5980
3 5962 5981 5980
3 5962 5963 5981
3 5963 5982 5981
3 5963 5964 5982
3 5964 5983 5982
3 5964 5965 5983
3 5965 5984 5983
3 5966 5967 5985
3 5967 5986 5985
3 5967 5968 5986
3 5968 5987 5986
3 5968 5969 5987
3 5969 5988 5987
3 5969 5970 5988
3 5970 5989 5988
3 5970 5971 5989
3 5971 5990 5989
3 5971 5972 5990
3 5972 5991 5990
3 5972 5973 5991
3 5973 5992 5991
3 5973 5974 5992
3 5974 5993 5992
3 5974 5975 5993
3 5975 5994 5993
3 5975 5976 5994
3 5976 5995 5994
3 5976 5977 5995
3 5977 5996 5995
3 5977 5978 5996
3 5978 5997 5996
3 5978 5979 5997
3 5979 5998 5997
3 5979 5980 5998
3 5980 5999 5998
3 5980 5981 5999
3 5981 6000 5999
3 5981 5982 6000
3 5982 6001 6000
3 5982 5983 6001
3 5983 6002 6001
3 5983 5984 6002
3 5984 6003 6002
3 5985 5986 6004
3 5986 6005 6004
3 5986 5987 6005
3 5987 6006 6005
3 5987 5988 6006
3 5988 6007 6006
3 5988 5989 6007
3 5989 6008 6007
3 5989 5990 6008
3 5990 6009 6008
3 5990 5991 6009
3 5991 6010 6009
3 5991 5992 6010
3 5992 6011 6010
3 5992 5993 6011
3 5993 6012 6011
3 5993 5994 6012
3 5994 6013 6012
3 5994 5995 6013
3 5995 6014 6013
3 5995 5996 6014
3 5996 6015 6014
3 5996 5997 6015
3 5997 6016 6015
3 5997 5998 6016
3 5998 6017 6016
3 5998 5999 6017
3 5999 6018 6017
3 5999 6000 6018
3 6000 6019 6018
3 6000 6001 6019
3 6001 6020 6019
3 6001 6002 6020
3 6002 6021 6020
3 6002 6003 6021
3 6003 6022 6021
3 6004 6005 6023
3 6005 6024 6023
3 6005 6006 6024
3 6006 6025 6024
3 6006 6007 6025
3 6007 6026 6025
3 6007 6008 6026
3 6008 6027 6026
3 6008 6009 6027
3 6009 6028 6027
3 6009 6010 6028
3 6010 6029 6028
3 6010 6011 6029
3 6011 6030 6029
3 6011 6012 6030
3 6012 6031 6030
3 6012 6013 6031
3 6013 6032 6031
3 6013 6014 6032
3 6014 6033 6032
3 6014 6015 6033
3 6015 6034 6033
3 6015 6016 6034
3 6016 6035 6034
3 6016 6017 6035
3 6017 6036 6035
3 6017 6018 6036
3 6018 6037 6036
3 6018 6019 6037
3 6019 6038 6037
3 6019 6020 6038
3 6020 6039 6038
3 6020 6021 6039
3 6021 6040 6039
3 6021 6022 6040
3 6022 6041 6040
3 6023 6024 6042
3 6024 6043 6042
3 6024 6025 6043
3 6025 6044 6043
3 6025 6026 6044
3 6026 6045 6044
3 6026 6027 6045
3 6027 6046 6045
3 6027 6028 6046
3 6028 6047 6046
3 6028 6029 6047
3 6029 6048 6047
3 6029 6030 6048
3 6030 6049 6048
3 6030 6031 6049
3 6031 6050 6049
3 6031 6032 6050
3 6032 6051 6050
3 6032 6033 6051
3 6033 6052 6051
3 6033 6034 6052
3 6034 6053 6052
3 6034 6035 6053
3 6035 6054 6053
3 6035 6036 6054
3 6036 6055 6054
3 6036 6037 6055
3 6037 6056 6055
3 6037 6038 6056
3 6038 6057 6056
3 6038 6039 6057
3 6039 6058 6057
3 6039 6040 6058
3 6040 6059 6058
3 6040 6041 6059
3 6041 6060 6059
3 6061 6062 6080
3 6062 6081 6080
3 6062 6063 6081
3 6063 6082 6081
3 6063 6064 6082
3 6064 6083 6082
3 6064 6065 6083
3 6065 6084 6083
3 6065 6066 6084
3 6066 6085 6084
3 6066 6067 6085
3 6067 6086 6085
3 6067 6068 6086
3 6068 6087 6086
3 6068 6069 6087
3 6069 6088 6087
3 6069 6070 6088
3 6070 6089 6088
3 6070 6071 6089
3 6071 6090 6089
3 6071 6072 6090
3 6072 6091 6090
3 6072 6073 6091
3 6073 6092 6091
3 6073 6074 6092
3 6074 6093 6092
3 6074 6075 6093
3 6075 6094 6093
3 6075 6076 6094
3 6076 6095 6094
3 6076 6077 6095
3 6077 6096 6095
3 6077 6078 6096
3 6078 6097 6096
3 6078 6079 6097
3 6079 6098 6097
3 6080 6081 6099
3 6081 6100 6099
3 6081 6082 6100
3 6082 6101 6100
3 6082 6083 6101
3 6083 6102 6101
3 6083 6084 6102
3 6084 6103 6102
3 6084 6085 6103
3 6085 6104 6103
3 6085 6086 6104
3 6086 6105 6104
3 6086 6087 6105
3 6087 6106 6105
3 6087 6088 6106
3 6088 6107 6106
3 6088 6089 6107
3 6089 6108 6107
3 6089 6090 6108
3 6090 6109 6108
3 6090 6091 6109
3 6091 6110 6109
3 6091 6092 6110
3 6092 6111 6110
3 6092 6093 6111
3 6093 6112 6111
3 6093 6094 6112
3 6094 6113 6112
3 6094 6095 6113
3 6095 6114 6113
3 6095 6096 6114
3 6096 6115 6114
3 6096 6097 6115
3 6097 6116 6115
3 6097 6098 6116
3 6098 6117 6116
3 6099 6100 6118
3 6100 6119 6118
3 6100 6101 6119
3 6101 6120 6119
3 6101 6102 6120
3 6102 6121 6120
3 6102 6103 6121
3 6103 6122 6121
3 6103 6104 6122
3 6104 6123 6122
3 6104 6105 6123
3 6105 6124 6123
3 6105 6106 6124
3 6106 6125 6124
3 6106 6107 6125
3 6107 6126 6125
3 6107 6108 6126
3 6108 6127 6126
3 6108 6109 6127
3 6109 6128 6127
3 6109 6110 6128
3 6110 6129 6128
3 6110 6111 6129
3 6111 6130 6129
3 6111 6112 6130
3 6112 6131 6130
3 6112 6113 6131
3 6113 6132 6131
3 6113 6114 6132
3 6114 6133 6132
3 6114 6115 6133
3 6115 6134 6133
3 6115 6116 6134
3 6116 6135 6134
3 6116 6117 6135
3 6117 6136 6135
3 6118 6119 6137
3 6119 6138 6137
3 6119 6120 6138
3 6120 6139 6138
3 6120 6121 6139
3 6121 6140 6139
3 6121 6122 6140
3 6122 6141 6140
3 6122 6123 6141
3 6123 6142 6141
3 6123 6124 6142
3 6124 6143 6142
3 6124 6125 6143
3 6125 6144 6143
3 6125 6126 6144
3 6126 6145 6144
3 6126 6127 6145
3 6127 6146 6145
3 6127 6128 6146
3 6128 6147 6146
3 6128 6129 6147
3 6129 6148 6147
3 6129 6130 6148
3 6130 6149 6148
3 6130 6131 6149
3 6131 6150 6149
3 6131 6132 6150
3 6132 6151 6150
3 6132 6133 6151
3 6133 6152 6151
3 6133 6134 6152
3 6134 6153 6152
3 6134 6135 6153
3 6135 6154 6153
3 6135 6136 6154
3 6136 6155 6154
3 6137 6138 6156
3 6138 6157 6156
3 6138 6139 6157
3 6139 6158 6157
3 6139 6140 6158
3 6140 6159 6158
3 6140 6141 6159
3 6141 6160 6159
3 6141 6142 6160
3 6142 6161 6160
3 6142 6143 6161
3 6143 6162 6161
3 6143 6144 6162
3 6144 6163 6162
3 6144 6145 6163
3 6145 6164 6163
3 6145 6146 6164
3 6146 6165 6164
3 6146 6147 6165
3 6147 6166 6165
3 6147 6148 6166
3 6148 6167 6166
3 6148 6149 6167
3 6149 6168 6167
3 6149 6150 6168
3 6150 6169 6168
3 6150 6151 6169
3 6151 6170 6169
3 6151 6152 6170
3 6152 6171 6170
3 6152 6153 6171
3 6153 6172 6171
3 6153 6154 6172
3 6154 6173 6172
3 6154 6155 6173
3 6155 6174 6173
3 6156 6157 6175
3 6157 6176 6175
3 6157 6158 6176
3 6158 6177 6176
3 6158 6159 6177
3 6159 6178 6177
3 6159 6160 6178
3 6160 6179 6178
3 6160 6161 6179
3 6161 6180 6179
3 6161 6162 6180
3 6162 6181 6180
3 6162 6163 6181
3 6163 6182 6181
3 6163 6164 6182
3 6164 6183 6182
3 6164 6165 6183
3 6165 6184 6183
3 6165 6166 6184
3 6166 6185 6184
3 6166 6167 6185
3 6167 6186 6185
3 6167 6168 6186
3 6168 6187 6186
3 6168 6169 6187
3 6169 6188 6187
3 6169 6170 6188
3 6170 6189 6188
3 6170 6171 6189
3 6171 6190 6189
3 6171 6172 6190
3 6172 6191 6190
3 6172 6173 6191
3 6173 6192 6191
3 6173 6174 6192
3 6174 6193 6192
3 6175 6176 6194
3 6176 6195 6194
3 6176 6177 6195
3 6177 6196 6195
3 6177 6178 6196
3 6178 6197 6196
3 6178 6179 6197
3 6179 6198 6197
3 6179 6180 6198
3 6180 6199 6198
3 6180 6181 6199
3 6181 6200 6199
3 6181 6182 6200
3 6182 6201 6200
3 6182 6183 6201
3 6183 6202 6201
3 6183 6184 6202
3 6184 6203 6202
3 6184 6185 6203
3 6185 6204 6203
3 6185 6186 6204
3 6186 6205 6204
3 6186 6187 6205
3 6187 6206 6205
3 6187 6188 6206
3 6188 6207 6206
3 6188 6189 6207
3 6189 6208 6207
3 6189 6190 6208
3 6190 6209 6208
3 6190 6191 6209
3 6191 6210 6209
3 6191 6192 6210
3 6192 6211 6210
3 6192 6193 6211
3 6193 6212 6211
3 6194 6195 6213
3 6195 6214 6213
3 6195 6196 6214
3 6196 6215 6214
3 6196 6197 6215
3 6197 6216 6215
3 6197 6198 6216
3 6198 6217 6216
3 6198 6199 6217
3 6199 6218 6217
3 6199 6200 6218
3 6200 6219 6218
3 6200 6201 6219
3 6201 6220 6219
3 6201 6202 6220
3 6202 6221 6220
3 6202 6203 6221
3 6203 6222 6221
3 6203 6204 6222
3 6204 6223 6222
3 6204 6205 6223
3 6205 6224 6223
3 6205 6206 6224
3 6206 6225 6224
3 6206 6207 6225
3 6207 6226 6225
3 6207 6208 6226
3 6208 6227 6226
3 6208 6209 6227
3 6209 6228 6227
3 6209 6210 6228
3 6210 6229 6228
3 6210 6211 6229
3 6211 6230 6229
3 6211 6212 6230
3 6212 6231 6230
3 6213 6214 6232
3 6214 6233 6232
3 6214 6215 6233
3 6215 6234 6233
3 6215 6216 6234
3 6216 6235 6234
3 6216 6217 6235
3 6217 6236 6235
3 6217 6218 6236
3 6218 6237 6236
3 6218 6219 6237
3 6219 6238 6237
3 6219 6220 6238
3 6220 6239 6238
3 6220 6221 6239
3 6221 6240 6239
3 6221 6222 6240
3 6222 6241 6240
3 6222 6223 6241
3 6223 6242 6241
3 6223 6224 6242
3 6224 6243 6242
3 6224 6225 6243
3 6225 6244 6243
3 6225 6226 6244
3 6226 6245 6244
3 6226 6227 6245
3 6227 6246 6245
3 6227 6228 6246
3 6228 6247 6246
3 6228 6229 6247
3 6229 6248 6247
3 6229 6230 6248
3 6230 6249 6248
3 6230 6231 6249
3 6231 6250 6249
3 6232 6233 6251
3 6233 6252 6251
3 6233 6234 6252
3 6234 6253 6252
3 6234 6235 6253
3 6235 6254 6253
3 6235 6236 6254
3 6236 6255 6254
3 6236 6237 6255
3 6237 6256 6255
3 6237 6238 6256
3 6238 6257 6256
3 6238 6239 6257
3 6239 6258 6257
3 6239 6240 6258
3 6240 6259 6258
3 6240 6241 6259
3 6241 6260 6259
3 6241 6242 6260
3 6242 6261 6260
3 6242 6243 6261
3 6243 6262 6261
3 6243 6244 6262
3 6244 6263 6262
3 6244 6245 6263
3 6245 6264 6263
3 6245 6246 6264
3 6246 6265 6264
3 6246 6247 6265
3 6247 6266 6265
3 6247 6248 6266
3 6248 6267 6266
3 6248 6249 6267
3 6249 6268 6267
3 6249 6250 6268
3 6250 6269 6268
3 6270 6271 6289
3 6271 6290 6289
3 6271 6272 6290
3 6272 6291 6290
3 6272 6273 6291
3 6273 6292 6291
3 6273 6274 6292
3 6274 6293 6292
3 6274 6275 6293
3 6275 6294 6293
3 6275 6276 6294
3 6276 6295 6294
3 6276 6277 6295
3 6277 6296 6295
3 6277 6278 6296
3 6278 6297 6296
3 6278 6279 6297
3 6279 6298 6297
3 6279 6280 6298
3 6280 6299 6298
3 6280 6281 6299
3 6281 6300 6299
3 6281 6282 6300
3 6282 6301 6300
3 6282 6283 6301
3 6283 6302 6301
3 6283 6284 6302
3 6284 6303 6302
3 6284 6285 6303
3 6285 6304 6303
3 6285 6286 6304
3 6286 6305 6304
3 6286 6287 6305
3 6287 6306 6305
3 6287 6288 6306
3 6288 6307 6306
3 6289 6290 6308
3 6290 6309 6308
3 6290 6291 6309
3 6291 6310 6309
3 6291 6292 6310
3 6292 6311 6310
3 6292 6293 6311
3 6293 6312 6311
3 6293 6294 6312
3 6294 6313 6312
3 6294 6295 6313
3 6295 6314 6313
3 6295 6296 6314
3 6296 6315 6314
3 6296 6297 6315
3 6297 6316 6315
3 6297 6298 6316
3 6298 6317 6316
3 6298 6299 6317
3 6299 6318 6317
3 6299 6300 6318
3 6300 6319 6318
3 6300 6301 6319
3 6301 6320 6319
3 6301 6302 6320
3 6302 6321 6320
3 6302 6303 6321
3 6303 6322 6321
3 6303 6304 6322
3 6304 6323 6322
3 6304 6305 6323
3 6305 6324 6323
3 6305 6306 6324
3 6306 6325 6324
3 6306 6307 6325
3 6307 6326 6325
3 6308 6309 6327
3 6309 6328 6327
3 6309 6310 6328
3 6310 6329 6328
3 6310 6311 6329
3 6311 6330 6329
3 6311 6312 6330
3 6312 6331 6330
3 6312 6313 6331
3 6313 6332 6331
3 6313 6314 6332
3 6314 6333 6332
3 6314 6315 6333
3 6315 6334 6333
3 6315 6316 6334
3 6316 6335 6334
3 6316 6317 6335
3 6317 6336 6335
3 6317 6318 6336
3 6318 6337 6336
3 6318 6319 6337
3 6319 6338 6337
3 6319 6320 6338
3 6320 6339 6338
3 6320 6321 6339
3 6321 6340 6339
3 6321 6322 6340
3 6322 6341 6340
3 6322 6323 6341
3 6323 6342 6341
3 6323 6324 6342
3 6324 6343 6342
3 6324 6325 6343
3 6325 6344 6343
3 6325 6326 6344
3 6326 6345 6344
3 6327 6328 6346
3 6328 6347 6346
3 6328 6329 6347
3 6329 6348 6347
3 6329 6330 6348
3 6330 6349 6348
3 6330 6331 6349
3 6331 6350 6349
3 6331 6332 6350
3 6332 6351 6350
3 6332 6333 6351
3 6333 6352 6351
3 6333 6334 6352
3 6334 6353 6352
3 6334 6335 6353
3 6335 6354 6353
3 6335 6336 6354
3 6336 6355 6354
3 6336 6337 6355
3 6337 6356 6355
3 6337 6338 6356
3 6338 6357 6356
3 6338 6339 6357
3 6339 6358 6357
3 6339 6340 6358
3 6340 6359 6358
3 6340 6341 6359
3 6341 6360 6359
3 6341 6342 6360
3 6342 6361 6360
3 6342 6343 6361
3 6343 6362 6361
3 6343 6344 6362
3 6344 6363 6362
3 6344 6345 6363
3 6345 6364 6363
3 6346 6347 6365
3 6347 6366 6365
3 6347 6348 6366
3 6348 6367 6366
3 6348 6349 6367
3 6349 6368 6367
3 6349 6350 6368
3 6350 6369 6368
3 6350 6351 6369
3 6351 6370 6369
3 6351 6352 6370
3 6352 6371 6370
3 6352 6353 6371
3 6353 6372 6371
3 6353 6354 6372
3 6354 6373 6372
3 6354 6355 6373
3 6355 6374 6373
3 6355 6356 6374
3 6356 6375 6374
3 6356 6357 6375
3 6357 6376 6375
3 6357 6358 6376
3 6358 6377 6376
3 6358 6359 6377
3 6359 6378 6377
3 6359 6360 6378
3 6360 6379 6378
3 6360 6361 6379
3 6361 6380 6379
3 6361 6362 6380
3 6362 6381 6380
3 6362 6363 6381
3 6363 6382 6381
3 6363 6364 6382
3 6364 6383 6382
3 6365 6366 6384
3 6366 6385 6384
3 6366 6367 6385
3 6367 6386 6385
3 6367 6368 6386
3 6368 6387 6386
3 6368 6369 6387
3 6369 6388 6387
3 6369 6370 6388
3 6370 6389 6388
3 6370 6371 6389
3 6371 6390 6389
3 6371 6372 6390
3 6372 6391 6390
3 6372 6373 6391
3 6373 6392 6391
3 6373 6374 6392
3 6374 6393 6392
3 6374 6375 6393
3 6375 6394 6393
3 6375 6376 6394
3 6376 6395 6394
3 6376 6377 6395
3 6377 6396 6395
3 6377 6378 6396
3 6378 6397 6396
3 6378 6379 6397
3 6379 6398 6397
3 6379 6380 6398
3 6380 6399 6398
3 6380 6381 6399
3 6381 6400 6399
3 6381 6382 6400
3 6382 6401 6400
3 6382 6383 6401
3 6383 6402 6401
3 6384 6385 6403
3 6385 6404 6403
3 6385 6386 6404
3 6386 6405 6404
3 6386 6387 6405
3 6387 6406 6405
3 6387 6388 6406
3 6388 6407 6406
3 6388 6389 6407
3 6389 6408 6407
3 6389 6390 6408
3 6390 6409 6408
3 6390 6391 6409
3 6391 6410 6409
3 6391 6392 6410
3 6392 6411 6410
3 6392 6393 6411
3 6393 6412 6411
3 6393 6394 6412
3 6394 6413 6412
3 6394 6395 6413
3 6395 6414 6413
3 6395 6396 6414
3 6396 6415 6414
3 6396 6397 6415
3 6397 6416 6415
3 6397 6398 6416
3 6398 6417 6416
3 6398 6399 6417
3 6399 6418 6417
3 6399 6400 6418
3 6400 6419 6418
3 6400 6401 6419
3 6401 6420 6419
3 6401 6402 6420
3 6402 6421 6420
3 6403 6404 6422
3 6404 6423 6422
3 6404 6405 6423
3 6405 6424 6423
3 6405 6406 6424
3 6406 6425 6424
3 6406 6407 6425
3 6407 6426 6425
3 6407 6408 6426
3 6408 6427 6426
3 6408 6409 6427
3 6409 6428 6427
3 6409 6410 6428
3 6410 6429 6428
3 6410 6411 6429
3 6411 6430 6429
3 6411 6412 6430
3 6412 6431 6430
3 6412 6413 6431
3 6413 6432 6431
3 6413 6414 6432
3 6414 6433 6432
3 6414 6415 6433
3 6415 6434 6433
3 6415 6416 6434
3 6416 6435 6434
3 6416 6417 6435
3 6417 6436 6435
3 6417 6418 6436
3 6418 6437 6436
3 6418 6419 6437
3 6419 6438 6437
3 6419 6420 6438
3 6420 6439 6438
3 6420 6421 6439
3 6421 6440 6439
3 6422 6423 6441
3 6423 6442 6441
3 6423 6424 6442
3 6424 6443 6442
3 6424 6425 6443
3 6425 6444 6443
3 6425 6426 6444
3 6426 6445 6444
3 6426 6427 6445
3 6427 6446 6445
3 6427 6428 6446
3 6428 6447 6446
3 6428 6429 6447
3 6429 6448 6447
3 6429 6430 6448
3 6430 6449 6448
3 6430 6431 6449
3 6431 6450 6449
3 6431 6432 6450
3 6432 6451 6450
3 6432 6433 6451
3 6433 6452 6451
3 6433 6434 6452
3 6434 6453 6452
3 6434 6435 6453
3 6435 6454 6453
3 6435 6436 6454
3 6436 6455 6454
3 6436 6437 6455
3 6437 6456 6455
3 6437 6438 6456
3 6438 6457 6456
3 6438 6439 6457
3 6439 6458 6457
3 6439 6440 6458
3 6440 6459 6458
3 6441 6442 6460
3 6442 6461 6460
3 6442 6443 6461
3 6443 6462 6461
3 6443 6444 6462
3 6444 6463 6462
3 6444 6445 6463
3 6445 6464 6463
3 6445 6446 6464
3 6446 6465 6464
3 6446 6447 6465
3 6447 6466 6465
3 6447 6448 6466
3 6448 6467 6466
3 6448 6449 6467
3 6449 6468 6467
3 6449 6450 6468
3 6450 6469 6468
3 6450 6451 6469
3 6451 6470 6469
3 6451 6452 6470
3 6452 6471 6470
3 6452 6453 6471
3 6453 6472 6471
3 6453 6454 6472
3 6454 6473 6472
3 6454 6455 6473
3 6455 6474 6473
3 6455 6456 6474
3 6456 6475 6474
3 6456 6457 6475
3 6457 6476 6475
3 6457 6458 6476
3 6458 6477 6476
3 6458 6459 6477
3 6459 6478 6477
3 6479 6480 6498
3 6480 6499 6498
3 6480 6481 6499
3 6481 6500 6499
3 6481 6482 6500
3 6482 6501 6500
3 6482 6483 6501
3 6483 6502 6501
3 6483 6484 6502
3 6484 6503 6502
3 6484 6485 6503
3 6485 6504 6503
3 6485 6486 6504
3 6486 6505 6504
3 6486 6487 6505
3 6487 6506 6505
3 6487 6488 6506
3 6488 6507 6506
3 6488 6489 6507
3 6489 6508 6507
3 6489 6490 6508
3 6490 6509 6508
3 6490 6491 6509
3 6491 6510 6509
3 6491 6492 6510
3 6492 6511 6510
3 6492 6493 6511
3 6493 6512 6511
3 6493 6494 6512
3 6494 6513 6512
3 6494 6495 6513
3 6495 6514 6513
3 6495 6496 6514
3 6496 6515 6514
3 6496 6497 6515
3 6497 6516 6515
3 6498 6499 6517
3 6499 6518 6517
3 6499 6500 6518
3 6500 6519 6518
3 6500 6501 6519
3 6501 6520 6519
3 6501 6502 6520
3 6502 6521 6520
3 6502 6503 6521
3 6503 6522 6521
3 6503 6504 6522
3 6504 6523 6522
3 6504 6505 6523
3 6505 6524 6523
3 6505 6506 6524
3 6506 6525 6524
3 6506 6507 6525
3 6507 6526 6525
3 6507 6508 6526
3 6508 6527 6526
3 6508 6509 6527
3 6509 6528 6527
3 6509 6510 6528
3 6510 6529 6528
3 6510 6511 6529
3 6511 6530 6529
3 6511 6512 6530
3 6512 6531 6530
3 6512 6513 6531
3 6513 6532 6531
3 6513 6514 6532
3 6514 6533 6532
3 6514 6515 6533
3 6515 6534 6533
3 6515 6516 6534
3 6516 6535 6534
3 6517 6518 6536
3 6518 6537 6536
3 6518 6519 6537
3 6519 6538 6537
3 6519 6520 6538
3 6520 6539 6538
3 6520 6521 6539
3 6521 6540 6539
3 6521 6522 6540
3 6522 6541 6540
3 6522 6523 6541
3 6523 6542 6541
3 6523 6524 6542
3 6524 6543 6542
3 6524 6525 6543
3 6525 6544 6543
3 6525 6526 6544
3 6526 6545 6544
3 6526 6527 6545
3 6527 6546 6545
3 6527 6528 6546
3 6528 6547 6546
3 6528 6529 6547
3 6529 6548 6547
3 6529 6530 6548
3 6530 6549 6548
3 6530 6531 6549
3 6531 6550 6549
3 6531 6532 6550
3 6532 6551 6550
3 6532 6533 6551
3 6533 6552 6551
3 6533 6534 6552
3 6534 6553 6552
3 6534 6535 6553
3 6535 6554 6553
3 6536 6537 6555
3 6537 6556 6555
3 6537 6538 6556
3 6538 6557 6556
3 6538 6539 6557
3 6539 6558 6557
3 6539 6540 6558
3 6540 6559 6558
3 6540 6541 6559
3 6541 6560 6559
3 6541 6542 6560
3 6542 6561 6560
3 6542 6543 6561
3 6543 6562 6561
3 6543 6544 6562
3 6544 6563 6562
3 6544 6545 6563
3 6545 6564 6563
3 6545 6546 6564
3 6546 6565 6564
3 6546 6547 6565
3 6547 6566 6565
3 6547 6548 6566
3 6548 6567 6566
3 6548 6549 6567
3 6549 6568 6567
3 6549 6550 6568
3 6550 6569 6568
3 6550 6551 6569
3 6551 6570 6569
3 6551 6552 6570
3 6552 6571 6570
3 6552 6553 6571
3 6553 6572 6571
3 6553 6554 6572
3 6554 6573 6572
3 6555 6556 6574
3 6556 6575 6574
3 6556 6557 6575
3 6557 6576 6575
3 6557 6558 6576
3 6558 6577 6576
3 6558 6559 6577
3 6559 6578 6577
3 6559 6560 6578
3 6560 6579 6578
3 6560 6561 6579
3 6561 6580 6579
3 6561 6562 6580
3 6562 6581 6580
3 6562 6563 6581
3 6563 6582 6581
3 6563 6564 6582
3 6564 6583 6582
3 6564 6565 6583
3 6565 6584 6583
3 6565 6566 6584
3 6566 6585 6584
3 6566 6567 6585
3 6567 6586 6585
3 6567 6568 6586
3 6568 6587 6586
3 6568 6569 6587
3 6569 6588 6587
3 6569 6570 6588
3 6570 6589 6588
3 6570 6571 6589
3 6571 6590 6589
3 6571 6572 6590
3 6572 6591 6590
3 6572 6573 6591
3 6573 6592 6591
3 6574 6575 6593
3 6575 6594 6593
3 6575 6576 6594
3 6576 6595 6594
3 6576 6577 6595
3 6577 6596 6595
3 6577 6578 6596
3 6578 6597 6596
3 6578 6579 6597
3 6579 6598 6597
3 6579 6580 6598
3 6580 6599 6598
3 6580 6581 6599
3 6581 6600 6599
3 6581 6582 6600
3 6582 6601 6600
3 6582 6583 6601
3 6583 6602 6601
3 6583 6584 6602
3 6584 6603 6602
3 6584 6585 6603
3 6585 6604 6603
3 6585 6586 6604
3 6586 6605 6604
3 6586 6587 6605
3 6587 6606 6605
3 6587 6588 6606
3 6588 6607 6606
3 6588 6589 6607
3 6589 6608 6607
3 6589 6590 6608
3 6590 6609 6608
3 6590 6591 6609
3 6591 6610 6609
3 6591 6592 6610
3 6592 6611 6610
3 6593 6594 6612
3 6594 6613 6612
3 6594 6595 6613
3 6595 6614 6613
3 6595 6596 6614
3 6596 6615 6614
3 6596 6597 6615
3 6597 6616 6615
3 6597 6598 6616
3 6598 6617 6616
3 6598 6599 6617
3 6599 6618 6617
3 6599 6600 6618
3 6600 6619 6618
3 6600 6601 6619
3 6601 6620 6619
3 6601 6602 6620
3 6602 6621 6620
3 6602 6603 6621
3 6603 6622 6621
3 6603 6604 6622
3 6604 6623 6622
3 6604 6605 6623
3 6605 6624 6623
3 6605 6606 6624
3 6606 6625 6624
3 6606 6607 6625
3 6607 6626 6625
3 6607 6608 6626
3 6608 6627 6626
3 6608 6609 6627
3 6609 6628 6627
3 6609 6610 6628
3 6610 6629 6628
3 6610 6611 6629
3 6611 6630 6629
3 6612 6613 6631
3 6613 6632 6631
3 6613 6614 6632
3 6614 6633 6632
3 6614 6615 6633
3 6615 6634 6633
3 6615 6616 6634
3 6616 6635 6634
3 6616 6617 6635
3 6617 6636 6635
3 6617 6618 6636
3 6618 6637 6636
3 6618 6619 6637
3 6619 6638 6637
3 6619 6620 6638
3 6620 6639 6638
3 6620 6621 6639
3 6621 6640 6639
3 6621 6622 6640
3 6622 6641 6640
3 6622 6623 6641
3 6623 6642 6641
3 6623 6624 6642
3 6624 6643 6642
3 6624 6625 6643
3 6625 6644 6643
3 6625 6626 6644
3 6626 6645 6644
3 6626 6627 6645
3 6627 6646 6645
3 6627 6628 6646
3 6628 6647 6646
3 6628 6629 6647
3 6629 6648 6647
3 6629 6630 6648
3 6630 6649 6648
3 6631 6632 6650
3 6632 6651 6650
3 6632 6633 6651
3 6633 6652 6651
3 6633 6634 6652
3 6634 6653 6652
3 6634 6635 6653
3 6635 6654 6653
3 6635 6636 6654
3 6636 6655 6654
3 6636 6637 6655
3 6637 6656 6655
3 6637 6638 6656
3 6638 6657 6656
3 6638 6639 6657
3 6639 6658 6657
3 6639 6640 6658
3 6640 6659 6658
3 6640 6641 6659
3 6641 6660 6659
3 6641 6642 6660
3 6642 6661 6660
3 6642 6643 6661
3 6643 6662 6661
3 6643 6644 6662
3 6644 6663 6662
3 6644 6645 6663
3 6645 6664 6663
3 6645 6646 6664
3 6646 6665 6664
3 6646 6647 6665
3 6647 6666 6665
3 6647 6648 6666
3 6648 6667 6666
3 6648 6649 6667
3 6649 6668 6667
3 6650 6651 6669
3 6651 6670 6669
3 6651 6652 6670
3 6652 6671 6670
3 6652 6653 6671
3 6653 6672 6671
3 6653 6654 6672
3 6654 6673 6672
3 6654 6655 6673
3 6655 6674 6673
3 6655 6656 6674
3 6656 6675 6674
3 6656 6657 6675
3 6657 6676 6675
3 6657 6658 6676
3 6658 6677 6676
3 6658 6659 6677
3 6659 6678 6677
3 6659 6660 6678
3 6660 6679 6678
3 6660 6661 6679
3 6661 6680 6679
3 6661 6662 6680
3 6662 6681 6680
3 6662 6663 6681
3 6663 6682 6681
3 6663 6664 6682
3 6664 6683 6682
3 6664 6665 6683
3 6665 6684 6683
3 6665 6666 6684
3 6666 6685 6684
3 6666 6667 6685
3 6667 6686 6685
3 6667 6668 6686
3 6668 6687 6686
3 6688 6689 6707
3 6689 6708 6707
3 6689 6690 6708
3 6690 6709 6708
3 6690 6691 6709
3 6691 6710 6709
3 6691 6692 6710
3 6692 6711 6710
3 6692 6693 6711
3 6693 6712 6711
3 6693 6694 6712
3 6694 6713 6712
3 6694 6695 6713
3 6695 6714 6713
3 6695 6696 6714
3 6696 6715 6714
3 6696 6697 6715
3 6697 6716 6715
3 6697 6698 6716
3 6698 6717 6716
3 6698 6699 6717
3 6699 6718 6717
3 6699 6700 6718
3 6700 6719 6718
3 6700 6701 6719
3 6701 6720 6719
3 6701 6702 6720
3 6702 6721 6720
3 6702 6703 6721
3 6703 6722 6721
3 6703 6704 6722
3 6704 6723 6722
3 6704 6705 6723
3 6705 6724 6723
3 6705 6706 6724
3 6706 6725 6724
3 6707 6708 6726
3 6708 6727 6726
3 6708 6709 6727
3 6709 6728 6727
3 6709 6710 6728
3 6710 6729 6728
3 6710 6711 6729
3 6711 6730 6729
3 6711 6712 6730
3 6712 6731 6730
3 6712 6713 6731
3 6713 6732 6731
3 6713 6714 6732
3 6714 6733 6732
3 6714 6715 6733
3 6715 6734 6733
3 6715 6716 6734
3 6716 6735 6734
3 6716 6717 6735
3 6717 6736 6735
3 6717 6718 6736
3 6718 6737 6736
3 6718 6719 6737
3 6719 6738 6737
3 6719 6720 6738
3 6720 6739 6738
3 6720 6721 6739
3 6721 6740 6739
3 6721 6722 6740
3 6722 6741 6740
3 6722 6723 6741
3 6723 6742 6741
3 6723 6724 6742
3 6724 6743 6742
3 6724 6725 6743
3 6725 6744 6743
3 6726 6727 6745
3 6727 6746 6745
3 6727 6728 6746
3 6728 6747 6746
3 6728 6729 6747
3 6729 6748 6747
3 6729 6730 6748
3 6730 6749 6748
3 6730 6731 6749
3 6731 6750 6749
3 6731 6732 6750
3 6732 6751 6750
3 6732 6733 6751
3 6733 6752 6751
3 6733 6734 6752
3 6734 6753 6752
3 6734 6735 6753
3 6735 6754 6753
3 6735 6736 6754
3 6736 6755 6754
3 6736 6737 6755
3 6737 6756 6755
3 6737 6738 6756
3 6738 6757 6756
3 6738 6739 6757
3 6739 6758 6757
3 6739 6740 6758
3 6740 6759 6758
3 6740 6741 6759
3 6741 6760 6759
3 6741 6742 6760
3 6742 6761 6760
3 6742 6743 6761
3 6743 6762 6761
3 6743 6744 6762
3 6744 6763 6762
3 6745 6746 6764
3 6746 6765 6764
3 6746 6747 6765
3 6747 6766 6765
3 6747 6748 6766
3 6748 6767 6766
3 6748 6749 6767
3 6749 6768 6767
3 6749 6750 6768
3 6750 6769 6768
3 6750 6751 6769
3 6751 6770 6769
3 6751 6752 6770
3 6752 6771 6770
3 6752 6753 6771
3 6753 6772 6771
3 6753 6754 6772
3 6754 6773 6772
3 6754 6755 6773
3 6755 6774 6773
3 6755 6756 6774
3 6756 6775 6774
3 6756 6757 6775
3 6757 6776 6775
3 6757 6758 6776
3 6758 6777 6776
3 6758 6759 6777
3 6759 6778 6777
3 6759 6760 6778
3 6760 6779 6778
3 6760 6761 6779
3 6761 6780 6779
3 6761 6762 6780
3 6762 6781 6780
3 6762 6763 6781
3 6763 6782 6781
3 6764 6765 6783
3 6765 6784 6783
3 6765 6766 6784
3 6766 6785 6784
3 6766 6767 6785
3 6767 6786 6785
3 6767 6768 6786
3 6768 6787 6786
3 6768 6769 6787
3 6769 6788 6787
3 6769 6770 6788
3 6770 6789 6788
3 6770 6771 6789
3 6771 6790 6789
3 6771 6772 6790
3 6772 6791 6790
3 6772 6773 6791
3 6773 6792 6791
3 6773 6774 6792
3 6774 6793 6792
3 6774 6775 6793
3 6775 6794 6793
3 6775 6776 6794
3 6776 6795 6794
3 6776 6777 6795
3 6777 6796 6795
3 6777 6778 6796
3 6778 6797 6796
3 6778 6779 6797
3 6779 6798 6797
3 6779 6780 6798
3 6780 6799 6798
3 6780 6781 6799
3 6781 6800 6799
3 6781 6782 6800
3 6782 6801 6800
3 6783 6784 6802
3 6784 6803 6802
3 6784 6785 6803
3 6785 6804 6803
3 6785 6786 6804
3 6786 6805 6804
3 6786 6787 6805
3 6787 6806 6805
3 6787 6788 6806
3 6788 6807 6806
3 6788 6789 6807
3 6789 6808 6807
3 6789 6790 6808
3 6790 6809 6808
3 6790 6791 6809
3 6791 6810 6809
3 6791 6792 6810
3 6792 6811 6810
3 6792 6793 6811
3 6793 6812 6811
3 6793 6794 6812
3 6794 6813 6812
3 6794 6795 6813
3 6795 6814 6813
3 6795 6796 6814
3 6796 6815 6814
3 6796 6797 6815
3 6797 6816 6815
3 6797 6798 6816
3 6798 6817 6816
3 6798 6799 6817
3 6799 6818 6817
3 6799 6800 6818
3 6800 6819 6818
3 6800 6801 6819
3 6801 6820 6819
3 6802 6803 6821
3 6803 6822 6821
3 6803 6804 6822
3 6804 6823 6822
3 6804 6805 6823
3 6805 6824 6823
3 6805 6806 6824
3 6806 6825 6824
3 6806 6807 6825
3 6807 6826 6825
3 6807 6808 6826
3 6808 6827 6826
3 6808 6809 6827
3 6809 6828 6827
3 6809 6810 6828
3 6810 6829 6828
3 6810 6811 6829
3 6811 6830 6829
3 6811 6812 6830
3 6812 6831 6830
3 6812 6813 6831
3 6813 6832 6831
3 6813 6814 6832
3 6814 6833 6832
3 6814 6815 6833
3 6815 6834 6833
3 6815 6816 6834
3 6816 6835 6834
3 6816 6817 6835
3 6817 6836 6835
3 6817 6818 6836
3 6818 6837 6836
3 6818 6819 6837
3 6819 6838 6837
3 6819 6820 6838
3 6820 6839 6838
3 6821 6822 6840
3 6822 6841 6840
3 6822 6823 6841
3 6823 6842 6841
3 6823 6824 6842
3 6824 6843 6842
3 6824 6825 6843
3 6825 6844 6843
3 6825 6826 6844
3 6826 6845 6844
3 6826 6827 6845
3 6827 6846 6845
3 6827 6828 6846
3 6828 6847 6846
3 6828 6829 6847
3 6829 6848 6847
3 6829 6830 6848
3 6830 6849 6848
3 6830 6831 6849
3 6831 6850 6849
3 6831 6832 6850
3 6832 6851 6850
3 6832 6833 6851
3 6833 6852 6851
3 6833 6834 6852
3 6834 6853 6852
3 6834 6835 6853
3 6835 6854 6853
3 6835 6836 6854
3 6836 6855 6854
3 6836 6837 6855
3 6837 6856 6855
3 6837 6838 6856
3 6838 6857 6856
3 6838 6839 6857
3 6839 6858 6857
3 6840 6841 6859
3 6841 6860 6859
3 6841 6842 6860
3 6842 6861 6860
3 6842 6843 6861
3 6843 6862 6861
3 6843 6844 6862
3 6844 6863 6862
3 6844 6845 6863
3 6845 6864 6863
3 6845 6846 6864
3 6846 6865 6864
3 6846 6847 6865
3 6847 6866 6865
3 6847 6848 6866
3 6848 6867 6866
3 6848 6849 6867
3 6849 6868 6867
3 6849 6850 6868
3 6850 6869 6868
3 6850 6851 6869
3 6851 6870 6869
3 6851 6852 6870
3 6852 6871 6870
3 6852 6853 6871
3 6853 6872 6871
3 6853 6854 6872
3 6854 6873 6872
3 6854 6855 6873
3 6855 6874 6873
3 6855 6856 6874
3 6856 6875 6874
3 6856 6857 6875
3 6857 6876 6875
3 6857 6858 6876
3 6858 6877 6876
3 6859 6860 6878
3 6860 6879 6878
3 6860 6861 6879
3 6861 6880 6879
3 6861 6862 6880
3 6862 6881 6880
3 6862 6863 6881
3 6863 6882 6881
3 6863 6864 6882
3 6864 6883 6882
3 6864 6865 6883
3 6865 6884 6883
3 6865 6866 6884
3 6866 6885 6884
3 6866 6867 6885
3 6867 6886 6885
3 6867 6868 6886
3 6868 6887 6886
3 6868 6869 6887
3 6869 6888 6887
3 6869 6870 6888
3 6870 6889 6888
3 6870 6871 6889
3 6871 6890 6889
3 6871 6872 6890
3 6872 6891 6890
3 6872 6873 6891
3 6873 6892 6891
3 6873 6874 6892
3 6874 6893 6892
3 6874 6875 6893
3 6875 6894 6893
3 6875 6876 6894
3 6876 6895 6894
3 6876 6877 6895
3 6877 6896 6895
3 6897 6898 6916
3 6898 6917 6916
3 6898 6899 6917
3 6899 6918 6917
3 6899 6900 6918
3 6900 6919 6918
3 6900 6901 6919
3 6901 6920 6919
3 6901 6902 6920
3 6902 6921 6920
3 6902 6903 6921
3 6903 6922 6921
3 6903 6904 6922
3 6904 6923 6922
3 6904 6905 6923
3 6905 6924 6923
3 6905 6906 6924
3 6906 6925 6924
3 6906 6907 6925
3 6907 6926 6925
3 6907 6908 6926
3 6908 6927 6926
3 6908 6909 6927
3 6909 6928 6927
3 6909 6910 6928
3 6910 6929 6928
3 6910 6911 6929
3 6911 6930 6929
3 6911 6912 6930
3 6912 6931 6930
3 6912 6913 6931
3 6913 6932 6931
3 6913 6914 6932
3 6914 6933 6932
3 6914 6915 6933
3 6915 6934 6933
3 6916 6917 6935
3 6917 6936 6935
3 6917 6918 6936
3 6918 6937 6936
3 6918 6919 6937
3 6919 6938 6937
3 6919 6920 6938
3 6920 6939 6938
3 6920 6921 6939
3 6921 6940 6939
3 6921 6922 6940
3 6922 6941 6940
3 6922 6923 6941
3 6923 6942 6941
3 6923 6924 6942
3 6924 6943 6942
3 6924 6925 6943
3 6925 6944 6943
3 6925 6926 6944
3 6926 6945 6944
3 6926 6927 6945
3 6927 6946 6945
3 6927 6928 6946
3 6928 6947 6946
3 6928 6929 6947
3 6929 6948 6947
3 6929 6930 6948
3 6930 6949 6948
3 6930 6931 6949
3 6931 6950 6949
3 6931 6932 6950
3 6932 6951 6950
3 6932 6933 6951
3 6933 6952 6951
3 6933 6934 6952
3 6934 6953 6952
3 6935 6936 6954
3 6936 6955 6954
3 6936 6937 6955
3 6937 6956 6955
3 6937 6938 6956
3 6938 6957 6956
3 6938 6939 6957
3 6939 6958 6957
3 6939 6940 6958
3 6940 6959 6958
3 6940 6941 6959
3 6941 6960 6959
3 6941 6942 6960
3 6942 6961 6960
3 6942 6943 6961
3 6943 6962 6961
3 6943 6944 6962
3 6944 6963 6962
3 6944 6945 6963
3 6945 6964 6963
3 6945 6946 6964
3 6946 6965 6964
3 6946 6947 6965
3 6947 6966 6965
3 6947 6948 6966
3 6948 6967 6966
3 6948 6949 6967
3 6949 6968 6967
3 6949 6950 6968
3 6950 6969 6968
3 6950 6951 6969
3 6951 6970 6969
3 6951 6952 6970
3 6952 6971 6970
3 6952 6953 6971
3 6953 6972 6971
3 6954 6955 6973
3 6955 6974 6973
3 6955 6956 6974
3 6956 6975 6974
3 6956 6957 6975
3 6957 6976 6975
3 6957 6958 6976
3 6958 6977 6976
3 6958 6959 6977
3 6959 6978 6977
3 6959 6960 6978
3 6960 6979 6978
3 6960 6961 6979
3 6961 6980 6979
3 6961 6962 6980
3 6962 6981 6980
3 6962 6963 6981
3 6963 6982 6981
3 6963 6964 6982
3 6964 6983 6982
3 6964 6965 6983
3 6965 6984 6983
3 6965 6966 6984
3 6966 6985 6984
3 6966 6967 6985
3 6967 6986 6985
3 6967 6968 6986
3 6968 6987 6986
3 6968 6969 6987
3 6969 6988 6987
3 6969 6970 6988
3 6970 6989 6988
3 6970 6971 6989
3 6971 6990 6989
3 6971 6972 6990
3 6972 6991 6990
3 6973 6974 6992
3 6974 6993 6992
3 6974 6975 6993
3 6975 6994 6993
3 6975 6976 6994
3 6976 6995 6994
3 6976 6977 6995
3 6977 6996 6995
3 6977 6978 6996
3 6978 6997 6996
3 6978 6979 6997
3 6979 6998 6997
3 6979 6980 6998
3 6980 6999 6998
3 6980 6981 6999
3 6981 7000 6999
3 6981 6982 7000
3 6982 7001 7000
3 6982 6983 7001
3 6983 7002 7001
3 6983 6984 7002
3 6984 7003 7002
3 6984 6985 7003
3 6985 7004 7003
3 6985 6986 7004
3 6986 7005 7004
3 6986 6987 7005
3 6987 7006 7005
3 6987 6988 7006
3 6988 7007 7006
3 6988 6989 7007
3 6989 7008 7007
3 6989 6990 7008
3 6990 7009 7008
3 6990 6991 7009
3 6991 7010 7009
3 6992 6993 7011
3 6993 7012 7011
3 6993 6994 7012
3 6994 7013 7012
3 6994 6995 7013
3 6995 7014 7013
3 6995 6996 7014
3 6996 7015 7014
3 6996 6997 7015
3 6997 7016 7015
3 6997 6998 7016
3 6998 7017 7016
3 6998 6999 7017
3 6999 7018 7017
3 6999 7000 7018
3 7000 7019 7018
3 7000 7001 7019
3 7001 7020 7019
3 7001 7002 7020
3 7002 7021 7020
3 7002 7003 7021
3 7003 7022 7021
3 7003 7004 7022
3 7004 7023 7022
3 7004 7005 7023
3 7005 7024 7023
3 7005 7006 7024
3 7006 7025 7024
3 7006 7007 7025
3 7007 7026 7025
3 7007 7008 7026
3 7008 7027 7026
3 7008 7009 7027
3 7009 7028 7027
3 7009 7010 7028
3 7010 7029 7028
3 7011 7012 7030
3 7012 7031 7030
3 7012 7013 7031
3 7013 7032 7031
3 7013 7014 7032
3 7014 7033 7032
3 7014 7015 7033
3 7015 7034 7033
3 7015 7016 7034
3 7016 7035 7034
3 7016 7017 7035
3 7017 7036 7035
3 7017 7018 7036
3 7018 7037 7036
3 7018 7019 7037
3 7019 7038 7037
3 7019 7020 7038
3 7020 7039 7038
3 7020 7021 7039
3 7021 7040 7039
3 7021 7022 7040
3 7022 7041 7040
3 7022 7023 7041
3 7023 7042 7041
3 7023 7024 7042
3 7024 7043 7042
3 7024 7025 7043
3 7025 7044 7043
3 7025 7026 7044
3 7026 7045 7044
3 7026 7027 7045
3 7027 7046 7045
3 7027 7028 7046
3 7028 7047 7046
3 7028 7029 7047
3 7029 7048 7047
3 7030 7031 7049
3 7031 7050 7049
3 7031 7032 7050
3 7032 7051 7050
3 7032 7033 7051
3 7033 7052 7051
3 7033 7034 7052
3 7034 7053 7052
3 7034 7035 7053
3 7035 7054 7053
3 7035 7036 7054
3 7036 7055 7054
3 7036 7037 7055
3 7037 7056 7055
3 7037 7038 7056
3 7038 7057 7056
3 7038 7039 7057
3 7039 7058 7057
3 7039 7040 7058
3 7040 7059 7058
3 7040 7041 7059
3 7041 7060 7059
3 7041 7042 7060
3 7042 7061 7060
3 7042 7043 7061
3 7043 7062 7061
3 7043 7044 7062
3 7044 7063 7062
3 7044 7045 7063
3 7045 7064 7063
3 7045 7046 7064
3 7046 7065 7064
3 7046 7047 7065
3 7047 7066 7065
3 7047 7048 7066
3 7048 7067 7066
3 7049 7050 7068
3 7050 7069 7068
3 7050 7051 7069
3 7051 7070 7069
3 7051 7052 7070
3 7052 7071 7070
3 7052 7053 7071
3 7053 7072 7071
3 7053 7054 7072
3 7054 7073 7072
3 7054 7055 7073
3 7055 7074 7073
3 7055 7056 7074
3 7056 7075 7074
3 7056 7057 7075
3 7057 7076 7075
3 7057 7058 7076
3 7058 7077 7076
3 7058 7059 7077
3 7059 7078 7077
3 7059 7060 7078
3 7060 7079 7078
3 7060 7061 7079
3 7061 7080 7079
3 7061 7062 7080
3 7062 7081 7080
3 7062 7063 7081
3 7063 7082 7081
3 7063 7064 7082
3 7064 7083 7082
3 7064 7065 7083
3 7065 7084 7083
3 7065 7066 7084
3 7066 7085 7084
3 7066 7067 7085
3 7067 7086 7085
3 7068 7069 7087
3 7069 7088 7087
3 7069 7070 7088
3 7070 7089 7088
3 7070 7071 7089
3 7071 7090 7089
3 7071 7072 7090
3 7072 7091 7090
3 7072 7073 7091
3 7073 7092 7091
3 7073 7074 7092
3 7074 7093 7092
3 7074 7075 7093
3 7075 7094 7093
3 7075 7076 7094
3 7076 7095 7094
3 7076 7077 7095
3 7077 7096 7095
3 7077 7078 7096
3 7078 7097 7096
3 7078 7079 7097
3 7079 7098 7097
3 7079 7080 7098
3 7080 7099 7098
3 7080 7081 7099
3 7081 7100 7099
3 7081 7082 7100
3 7082 7101 7100
3 7082 7083 7101
3 7083 7102 7101
3 7083 7084 7102
3 7084 7103 7102
3 7084 7085 7103
3 7085 7104 7103
3 7085 7086 7104
3 7086 7105 7104
3 7106 7107 7125
3 7107 7126 7125
3 7107 7108 7126
3 7108 7127 7126
3 7108 7109 7127
3 7109 7128 7127
3 7109 7110 7128
3 7110 7129 7128
3 7110 7111 7129
3 7111 7130 7129
3 7111 7112 7130
3 7112 7131 7130
3 7112 7113 7131
3 7113 7132 7131
3 7113 7114 7132
3 7114 7133 7132
3 7114 7115 7133
3 7115 7134 7133
3 7115 7116 7134
3 7116 7135 7134
3 7116 7117 7135
3 7117 7136 7135
3 7117 7118 7136
3 7118 7137 7136
3 7118 7119 7137
3 7119 7138 7137
3 7119 7120 7138
3 7120 7139 7138
3 7120 7121 7139
3 7121 7140 7139
3 7121 7122 7140
3 7122 7141 7140
3 7122 7123 7141
3 7123 7142 7141
3 7123 7124 7142
3 7124 7143 7142
3 7125 7126 7144
3 7126 7145 7144
3 7126 7127 7145
3 7127 7146 7145
3 7127 7128 7146
3 7128 7147 7146
3 7128 7129 7147
3 7129 7148 7147
3 7129 7130 7148
3 7130 7149 7148
3 7130 7131 7149
3 7131 7150 7149
3 7131 7132 7150
3 7132 7151 7150
3 7132 7133 7151
3 7133 7152 7151
3 7133 7134 7152
3 7134 7153 7152
3 7134 7135 7153
3 7135 7154 7153
3 7135 7136 7154
3 7136 7155 7154
3 7136 7137 7155
3 7137 7156 7155
3 7137 7138 7156
3 7138 7157 7156
3 7138 7139 7157
3 7139 7158 7157
3 7139 7140 7158
3 7140 7159 7158
3 7140 7141 7159
3 7141 7160 7159
3 7141 7142 7160
3 7142 7161 7160
3 7142 7143 7161
3 7143 7162 7161
3 7144 7145 7163
3 7145 7164 7163
3 7145 7146 7164
3 7146 7165 7164
3 7146 7147 7165
3 7147 7166 7165
3 7147 7148 7166
3 7148 7167 7166
3 7148 7149 7167
3 7149 7168 7167
3 7149 7150 7168
3 7150 7169 7168
3 7150 7151 7169
3 7151 7170 7169
3 7151 7152 7170
3 7152 7171 7170
3 7152 7153 7171
3 7153 7172 7171
3 7153 7154 7172
3 7154 7173 7172
3 7154 7155 7173
3 7155 7174 7173
3 7155 7156 7174
3 7156 7175 7174
3 7156 7157 7175
3 7157 7176 7175
3 7157 7158 7176
3 7158 7177 7176
3 7158 7159 7177
3 7159 7178 7177
3 7159 7160 7178
3 7160 7179 7178
3 7160 7161 7179
3 7161 7180 7179
3 7161 7162 7180
3 7162 7181 7180
3 7163 7164 7182
3 7164 7183 7182
3 7164 7165 7183
3 7165 7184 7183
3 7165 7166 7184
3 7166 7185 7184
3 7166 7167 7185
3 7167 7186 7185
3 7167 7168 7186
3 7168 7187 7186
3 7168 7169 7187
3 7169 7188 7187
3 7169 7170 7188
3 7170 7189 7188
3 7170 7171 7189
3 7171 7190 7189
3 7171 7172 7190
3 7172 7191 7190
3 7172 7173 7191
3 7173 7192 7191
3 7173 7174 7192
3 7174 7193 7192
3 7174 7175 7193
3 7175 7194 7193
3 7175 7176 7194
3 7176 7195 7194
3 7176 7177 7195
3 7177 7196 7195
3 7177 7178 7196
3 7178 7197 7196
3 7178 7179 7197
3 7179 7198 7197
3 7179 7180 7198
3 7180 7199 7198
3 7180 7181 7199
3 7181 7200 7199
3 7182 7183 7201
3 7183 7202 7201
3 7183 7184 7202
3 7184 7203 7202
3 7184 7185 7203
3 7185 7204 7203
3 7185 7186 7204
3 7186 7205 7204
3 7186 7187 7205
3 7187 7206 7205
3 7187 7188 7206
3 7188 7207 7206
3 7188 7189 7207
3 7189 7208 7207
3 7189 7190 7208
3 7190 7209 7208
3 7190 7191 7209
3 7191 7210 7209
3 7191 7192 7210
3 7192 7211 7210
3 7192 7193 7211
3 7193 7212 7211
3 7193 7194 7212
3 7194 7213 7212
3 7194 7195 7213
3 7195 7214 7213
3 7195 7196 7214
3 7196 7215 7214
3 7196 7197 7215
3 7197 7216 7215
3 7197 7198 7216
3 7198 7217 7216
3 7198 7199 7217
3 7199 7218 7217
3 7199 7200 7218
3 7200 7219 7218
3 7201 7202 7220
3 7202 7221 7220
3 7202 7203 7221
3 7203 7222 7221
3 7203 7204 7222
3 7204 7223 7222
3 7204 7205 7223
3 7205 7224 7223
3 7205 7206 7224
3 7206 7225 7224
3 7206 7207 7225
3 7207 7226 7225
3 7207 7208 7226
3 7208 7227 7226
3 7208 7209 7227
3 7209 7228 7227
3 7209 7210 7228
3 7210 7229 7228
3 7210 7211 7229
3 7211 7230 7229
3 7211 7212 7230
3 7212 7231 7230
3 7212 7213 7231
3 7213 7232 7231
3 7213 7214 7232
3 7214 7233 7232
3 7214 7215 7233
3 7215 7234 7233
3 7215 7216 7234
3 7216 7235 7234
3 7216 7217 7235
3 7217 7236 7235
3 7217 7218 7236
3 7218 7237 7236
3 7218 7219 7237
3 7219 7238 7237
3 7220 7221 7239
3 7221 7240 7239
3 7221 7222 7240
3 7222 7241 7240
3 7222 7223 7241
3 7223 7242 7241
3 7223 7224 7242
3 7224 7243 7242
3 7224 7225 7243
3 7225 7244 7243
3 7225 7226 7244
3 7226 7245 7244
3 7226 7227 7245
3 7227 7246 7245
3 7227 7228 7246
3 7228 7247 7246
3 7228 7229 7247
3 7229 7248 7247
3 7229 7230 7248
3 7230 7249 7248
3 7230 7231 7249
3 7231 7250 7249
3 7231 7232 7250
3 7232 7251 7250
3 7232 7233 7251
3 7233 7252 7251
3 7233 7234 7252
3 7234 7253 7252
3 7234 7235 7253
3 7235 7254 7253
3 7235 7236 7254
3 7236 7255 7254
3 7236 7237 7255
3 7237 7256 7255
3 7237 7238 7256
3 7238 7257 7256
3 7239 7240 7258
3 7240 7259 7258
3 7240 7241 7259
3 7241 7260 7259
3 7241 7242 7260
3 7242 7261 7260
3 7242 7243 7261
3 7243 7262 7261
3 7243 7244 7262
3 7244 7263 7262
3 7244 7245 7263
3 7245 7264 7263
3 7245 7246 7264
3 7246 7265 7264
3 7246 7247 7265
3 7247 7266 7265
3 7247 7248 7266
3 7248 7267 7266
3 7248 7249 7267
3 7249 7268 7267
3 7249 7250 7268
3 7250 7269 7268
3 7250 7251 7269
3 7251 7270 7269
3 7251 7252 7270
3 7252 7271 7270
3 7252 7253 7271
3 7253 7272 7271
3 7253 7254 7272
3 7254 7273 7272
3 7254 7255 7273
3 7255 7274 7273
3 7255 7256 7274
3 7256 7275 7274
3 7256 7257 7275
3 7257 7276 7275
3 7258 7259 7277
3 7259 7278 7277
3 7259 7260 7278
3 7260 7279 7278
3 7260 7261 7279
3 7261 7280 7279
3 7261 7262 7280
3 7262 7281 7280
3 7262 7263 7281
3 7263 7282 7281
3 7263 7264 7282
3 7264 7283 7282
3 7264 7265 7283
3 7265 7284 7283
3 7265 7266 7284
3 7266 7285 7284
3 7266 7267 7285
3 7267 7286 7285
3 7267 7268 7286
3 7268 7287 7286
3 7268 7269 7287
3 7269 7288 7287
3 7269 7270 7288
3 7270 7289 7288
3 7270 7271 7289
3 7271 7290 7289
3 7271 7272 7290
3 7272 7291 7290
3 7272 7273 7291
3 7273 7292 7291
3 7273 7274 7292
3 7274 7293 7292
3 7274 7275 7293
3 7275 7294 7293
3 7275 7276 7294
3 7276 7295 7294
3 7277 7278 7296
3 7278 7297 7296
3 7278 7279 7297
3 7279 7298 7297
3 7279 7280 7298
3 7280 7299 7298
3 7280 7281 7299
3 7281 7300 7299
3 7281 7282 7300
3 7282 7301 7300
3 7282 7283 7301
3 7283 7302 7301
3 7283 7284 7302
3 7284 7303 7302
3 7284 7285 7303
3 7285 7304 7303
3 7285 7286 7304
3 7286 7305 7304
3 7286 7287 7305
3 7287 7306 7305
3 7287 7288 7306
3 7288 7307 7306
3 7288 7289 7307
3 7289 7308 7307
3 7289 7290 7308
3 7290 7309 7308
3 7290 7291 7309
3 7291 7310 7309
3 7291 7292 7310
3 7292 7311 7310
3 7292 7293 7311
3 7293 7312 7311
3 7293 7294 7312
3 7294 7313 7312
3 7294 7295 7313
3 7295 7314 7313
3 7315 7316 7334
3 7316 7335 7334
3 7316 7317 7335
3 7317 7336 7335
3 7317 7318 7336
3 7318 7337 7336
3 7318 7319 7337
3 7319 7338 7337
3 7319 7320 7338
3 7320 7339 7338
3 7320 7321 7339
3 7321 7340 7339
3 7321 7322 7340
3 7322 7341 7340
3 7322 7323 7341
3 7323 7342 7341
3 7323 7324 7342
3 7324 7343 7342
3 7324 7325 7343
3 7325 7344 7343
3 7325 7326 7344
3 7326 7345 7344
3 7326 7327 7345
3 7327 7346 7345
3 7327 7328 7346
3 7328 7347 7346
3 7328 7329 7347
3 7329 7348 7347
3 7329 7330 7348
3 7330 7349 7348
3 7330 7331 7349
3 7331 7350 7349
3 7331 7332 7350
3 7332 7351 7350
3 7332 7333 7351
3 7333 7352 7351
3 7334 7335 7353
3 7335 7354 7353
3 7335 7336 7354
3 7336 7355 7354
3 7336 7337 7355
3 7337 7356 7355
3 7337 7338 7356
3 7338 7357 7356
3 7338 7339 7357
3 7339 7358 7357
3 7339 7340 7358
3 7340 7359 7358
3 7340 7341 7359
3 7341 7360 7359
3 7341 7342 7360
3 7342 7361 7360
3 7342 7343 7361
3 7343 7362 7361
3 7343 7344 7362
3 7344 7363 7362
3 7344 7345 7363
3 7345 7364 7363
3 7345 7346 7364
3 7346 7365 7364
3 7346 7347 7365
3 7347 7366 7365
3 7347 7348 7366
3 7348 7367 7366
3 7348 7349 7367
3 7349 7368 7367
3 7349 7350 7368
3 7350 7369 7368
3 7350 7351 7369
3 7351 7370 7369
3 7351 7352 7370
3 7352 7371 7370
3 7353 7354 7372
3 7354 7373 7372
3 7354 7355 7373
3 7355 7374 7373
3 7355 7356 7374
3 7356 7375 7374
3 7356 7357 7375
3 7357 7376 7375
3 7357 7358 7376
3 7358 7377 7376
3 7358 7359 7377
3 7359 7378 7377
3 7359 7360 7378
3 7360 7379 7378
3 7360 7361 7379
3 7361 7380 7379
3 7361 7362 7380
3 7362 7381 7380
3 7362 7363 7381
3 7363 7382 7381
3 7363 7364 7382
3 7364 7383 7382
3 7364 7365 7383
3 7365 7384 7383
3 7365 7366 7384
3 7366 7385 7384
3 7366 7367 7385
3 7367 7386 7385
3 7367 7368 7386
3 7368 7387 7386
3 7368 7369 7387
3 7369 7388 7387
3 7369 7370 7388
3 7370 7389 7388
3 7370 7371 7389
3 7371 7390 7389
3 7372 7373 7391
3 7373 7392 7391
3 7373 7374 7392
3 7374 7393 7392
3 7374 7375 7393
3 7375 7394 7393
3 7375 7376 7394
3 7376 7395 7394
3 7376 7377 7395
3 7377 7396 7395
3 7377 7378 7396
3 7378 7397 7396
3 7378 7379 7397
3 7379 7398 7397
3 7379 7380 7398
3 7380 7399 7398
3 7380 7381 7399
3 7381 7400 7399
3 7381 7382 7400
3 7382 7401 7400
3 7382 7383 7401
3 7383 7402 7401
3 7383 7384 7402
3 7384 7403 7402
3 7384 7385 7403
3 7385 7404 7403
3 7385 7386 7404
3 7386 7405 7404
3 7386 7387 7405
3 7387 7406 7405
3 7387 7388 7406
3 7388 7407 7406
3 7388 7389 7407
3 7389 7408 7407
3 7389 7390 7408
3 7390 7409 7408
3 7391 7392 7410
3 7392 7411 7410
3 7392 7393 7411
3 7393 7412 7411
3 7393 7394 7412
3 7394 7413 7412
3 7394 7395 7413
3 7395 7414 7413
3 7395 7396 7414
3 7396 7415 7414
3 7396 7397 7415
3 7397 7416 7415
3 7397 7398 7416
3 7398 7417 7416
3 7398 7399 7417
3 7399 7418 7417
3 7399 7400 7418
3 7400 7419 7418
3 7400 7401 7419
3 7401 7420 7419
3 7401 7402 7420
3 7402 7421 7420
3 7402 7403 7421
3 7403 7422 7421
3 7403 7404 7422
3 7404 7423 7422
3 7404 7405 7423
3 7405 7424 7423
3 7405 7406 7424
3 7406 7425 7424
3 7406 7407 7425
3 7407 7426 7425
3 7407 7408 7426
3 7408 7427 7426
3 7408 7409 7427
3 7409 7428 7427
3 7410 7411 7429
3 7411 7430 7429
3 7411 7412 7430
3 7412 7431 7430
3 7412 7413 7431
3 7413 7432 7431
3 7413 7414 7432
3 7414 7433 7432
3 7414 7415 7433
3 7415 7434 7433
3 7415 7416 7434
3 7416 7435 7434
3 7416 7417 7435
3 7417 7436 7435
3 7417 7418 7436
3 7418 7437 7436
3 7418 7419 7437
3 7419 7438 7437
3 7419 7420 7438
3 7420 7439 7438
3 7420 7421 7439
3 7421 7440 7439
3 7421 7422 7440
3 7422 7441 7440
3 7422 7423 7441
3 7423 7442 7441
3 7423 7424 7442
3 7424 7443 7442
3 7424 7425 7443
3 7425 7444 7443
3 7425 7426 7444
3 7426 7445 7444
3 7426 7427 7445
3 7427 7446 7445
3 7427 7428 7446
3 7428 7447 7446
3 7429 7430 7448
3 7430 7449 7448
3 7430 7431 7449
3 7431 7450 7449
3 7431 7432 7450
3 7432 7451 7450
3 7432 7433 7451
3 7433 7452 7451
3 7433 7434 7452
3 7434 7453 7452
3 7434 7435 7453
3 7435 7454 7453
3 7435 7436 7454
3 7436 7455 7454
3 7436 7437 7455
3 7437 7456 7455
3 7437 7438 7456
3 7438 7457 7456
3 7438 7439 7457
3 7439 7458 7457
3 7439 7440 7458
3 7440 7459 7458
3 7440 7441 7459
3 7441 7460 7459
3 7441 7442 7460
3 7442 7461 7460
3 7442 7443 7461
3 7443 7462 7461
3 7443 7444 7462
3 7444 7463 7462
3 7444 7445 7463
3 7445 7464 7463
3 7445 7446 7464
3 7446 7465 7464
3 7446 7447 7465
3 7447 7466 7465
3 7448 7449 7467
3 7449 7468 7467
3 7449 7450 7468
3 7450 7469 7468
3 7450 7451 7469
3 7451 7470 7469
3 7451 7452 7470
3 7452 7471 7470
3 7452 7453 7471
3 7453 7472 7471
3 7453 7454 7472
3 7454 7473 7472
3 7454 7455 7473
3 7455 7474 7473
3 7455 7456 7474
3 7456 7475 7474
3 7456 7457 7475
3 7457 7476 7475
3 7457 7458 7476
3 7458 7477 7476
3 7458 7459 7477
3 7459 7478 7477
3 7459 7460 7478
3 7460 7479 7478
3 7460 7461 7479
3 7461 7480 7479
3 7461 7462 7480
3 7462 7481 7480
3 7462 7463 7481
3 7463 7482 7481
3 7463 7464 7482
3 7464 7483 7482
3 7464 7465 7483
3 7465 7484 7483
3 7465 7466 7484
3 7466 7485 7484
3 7467 7468 7486
3 7468 7487 7486
3 7468 7469 7487
3 7469 7488 7487
3 7469 7470 7488
3 7470 7489 7488
3 7470 7471 7489
3 7471 7490 7489
3 7471 7472 7490
3 7472 7491 7490
3 7472 7473 7491
3 7473 7492 7491
3 7473 7474 7492
3 7474 7493 7492
3 7474 7475 7493
3 7475 7494 7493
3 7475 7476 7494
3 7476 7495 7494
3 7476 7477 7495
3 7477 7496 7495
3 7477 7478 7496
3 7478 7497 7496
3 7478 7479 7497
3 7479 7498 7497
3 7479 7480 7498
3 7480 7499 7498
3 7480 7481 7499
3 7481 7500 7499
3 7481 7482 7500
3 7482 7501 7500
3 7482 7483 7501
3 7483 7502 7501
3 7483 7484 7502
3 7484 7503 7502
3 7484 7485 7503
3 7485 7504 7503
3 7486 7487 7505
3 7487 7506 7505
3 7487 7488 7506
3 7488 7507 7506
3 7488 7489 7507
3 7489 7508 7507
3 7489 7490 7508
3 7490 7509 7508
3 7490 7491 7509
3 7491 7510 7509
3 7491 7492 7510
3 7492 7511 7510
3 7492 7493 7511
3 7493 7512 7511
3 7493 7494 7512
3 7494 7513 7512
3 7494 7495 7513
3 7495 7514 7513
3 7495 7496 7514
3 7496 7515 7514
3 7496 7497 7515
3 7497 7516 7515
3 7497 7498 7516
3 7498 7517 7516
3 7498 7499 7517
3 7499 7518 7517
3 7499 7500 7518
3 7500 7519 7518
3 7500 7501 7519
3 7501 7520 7519
3 7501 7502 7520
3 7502 7521 7520
3 7502 7503 7521
3 7503 7522 7521
3 7503 7504 7522
3 7504 7523 7522
3 7524 7525 7543
3 7525 7544 7543
3 7525 7526 7544
3 7526 7545 7544
3 7526 7527 7545
3 7527 7546 7545
3 7527 7528 7546
3 7528 7547 7546
3 7528 7529 7547
3 7529 7548 7547
3 7529 7530 7548
3 7530 7549 7548
3 7530 7531 7549
3 7531 7550 7549
3 7531 7532 7550
3 7532 7551 7550
3 7532 7533 7551
3 7533 7552 7551
3 7533 7534 7552
3 7534 7553 7552
3 7534 7535 7553
3 7535 7554 7553
3 7535 7536 7554
3 7536 7555 7554
3 7536 7537 7555
3 7537 7556 7555
3 7537 7538 7556
3 7538 7557 7556
3 7538 7539 7557
3 7539 7558 7557
3 7539 7540 7558
3 7540 7559 7558
3 7540 7541 7559
3 7541 7560 7559
3 7541 7542 7560
3 7542 7561 7560
3 7543 7544 7562
3 7544 7563 7562
3 7544 7545 7563
3 7545 7564 7563
3 7545 7546 7564
3 7546 7565 7564
3 7546 7547 7565
3 7547 7566 7565
3 7547 7548 7566
3 7548 7567 7566
3 7548 7549 7567
3 7549 7568 7567
3 7549 7550 7568
3 7550 7569 7568
3 7550 7551 7569
3 7551 7570 7569
3 7551 7552 7570
3 7552 7571 7570
3 7552 7553 7571
3 7553 7572 7571
3 7553 7554 7572
3 7554 7573 7572
3 7554 7555 7573
3 7555 7574 7573
3 7555 7556 7574
3 7556 7575 7574
3 7556 7557 7575
3 7557 7576 7575
3 7557 7558 7576
3 7558 7577 7576
3 7558 7559 7577
3 7559 7578 7577
3 7559 7560 7578
3 7560 7579 7578
3 7560 7561 7579
3 7561 7580 7579
3 7562 7563 7581
3 7563 7582 7581
3 7563 7564 7582
3 7564 7583 7582
3 7564 7565 7583
3 7565 7584 7583
3 7565 7566 7584
3 7566 7585 7584
3 7566 7567 7585
3 7567 7586 7585
3 7567 7568 7586
3 7568 7587 7586
3 7568 7569 7587
3 7569 7588 7587
3 7569 7570 7588
3 7570 7589 7588
3 7570 7571 7589
3 7571 7590 7589
3 7571 7572 7590
3 7572 7591 7590
3 7572 7573 7591
3 7573 7592 7591
3 7573 7574 7592
3 7574 7593 7592
3 7574 7575 7593
3 7575 7594 7593
3 7575 7576 7594
3 7576 7595 7594
3 7576 7577 7595
3 7577 7596 7595
3 7577 7578 7596
3 7578 7597 7596
3 7578 7579 7597
3 7579 7598 7597
3 7579 7580 7598
3 7580 7599 7598
3 7581 7582 7600
3 7582 7601 7600
3 7582 7583 7601
3 7583 7602 7601
3 7583 7584 7602
3 7584 7603 7602
3 7584 7585 7603
3 7585 7604 7603
3 7585 7586 7604
3 7586 7605 7604
3 7586 7587 7605
3 7587 7606 7605
3 7587 7588 7606
3 7588 7607 7606
3 7588 7589 7607
3 7589 7608 7607
3 7589 7590 7608
3 7590 7609 7608
3 7590 7591 7609
3 7591 7610 7609
3 7591 7592 7610
3 7592 7611 7610
3 7592 7593 7611
3 7593 7612 7611
3 7593 7594 7612
3 7594 7613 7612
3 7594 7595 7613
3 7595 7614 7613
3 7595 7596 7614
3 7596 7615 7614
3 7596 7597 7615
3 7597 7616 7615
3 7597 7598 7616
3 7598 7617 7616
3 7598 7599 7617
3 7599 7618 7617
3 7600 7601 7619
3 7601 7620 7619
3 7601 7602 7620
3 7602 7621 7620
3 7602 7603 7621
3 7603 7622 7621
3 7603 7604 7622
3 7604 7623 7622
3 7604 7605 7623
3 7605 7624 7623
3 7605 7606 7624
3 7606 7625 7624
3 7606 7607 7625
3 7607 7626 7625
3 7607 7608 7626
3 7608 7627 7626
3 7608 7609 7627
3 7609 7628 7627
3 7609 7610 7628
3 7610 7629 7628
3 7610 7611 7629
3 7611 7630 7629
3 7611 7612 7630
3 7612 7631 7630
3 7612 7613 7631
3 7613 7632 7631
3 7613 7614 7632
3 7614 7633 7632
3 7614 7615 7633
3 7615 7634 7633
3 7615 7616 7634
3 7616 7635 7634
3 7616 7617 7635
3 7617 7636 7635
3 7617 7618 7636
3 7618 7637 7636
3 7619 7620 7638
3 7620 7639 7638
3 7620 7621 7639
3 7621 7640 7639
3 7621 7622 7640
3 7622 7641 7640
3 7622 7623 7641
3 7623 7642 7641
3 7623 7624 7642
3 7624 7643 7642
3 7624 7625 7643
3 7625 7644 7643
3 7625 7626 7644
3 7626 7645 7644
3 7626 7627 7645
3 7627 7646 7645
3 7627 7628 7646
3 7628 7647 7646
3 7628 7629 7647
3 7629 7648 7647
3 7629 7630 7648
3 7630 7649 7648
3 7630 7631 7649
3 7631 7650 7649
3 7631 7632 7650
3 7632 7651 7650
3 7632 7633 7651
3 7633 7652 7651
3 7633 7634 7652
3 7634 7653 7652
3 7634 7635 7653
3 7635 7654 7653
3 7635 7636 7654
3 7636 7655 7654
3 7636 7637 7655
3 7637 7656 7655
3 7638 7639 7657
3 7639 7658 7657
3 7639 7640 7658
3 7640 7659 7658
3 7640 7641 7659
3 7641 7660 7659
3 7641 7642 7660
3 7642 7661 7660
3 7642 7643 7661
3 7643 7662 7661
3 7643 7644 7662
3 7644 7663 7662
3 7644 7645 7663
3 7645 7664 7663
3 7645 7646 7664
3 7646 7665 7664
3 7646 7647 7665
3 7647 7666 7665
3 7647 7648 7666
3 7648 7667 7666
3 7648 7649 7667
3 7649 7668 7667
3 7649 7650 7668
3 7650 7669 7668
3 7650 7651 7669
3 7651 7670 7669
3 7651 7652 7670
3 7652 7671 7670
3 7652 7653 7671
3 7653 7672 7671
3 7653 7654 7672
3 7654 7673 7672
3 7654 7655 7673
3 7655 7674 7673
3 7655 7656 7674
3 7656 7675 7674
3 7657 7658 7676
3 7658 7677 7676
3 7658 7659 7677
3 7659 7678 7677
3 7659 7660 7678
3 7660 7679 7678
3 7660 7661 7679
3 7661 7680 7679
3 7661 7662 7680
3 7662 7681 7680
3 7662 7663 7681
3 7663 7682 7681
3 7663 7664 7682
3 7664 7683 7682
3 7664 7665 7683
3 7665 7684 7683
3 7665 7666 7684
3 7666 7685 7684
3 7666 7667 7685
3 7667 7686 7685
3 7667 7668 7686
3 7668 7687 7686
3 7668 7669 7687
3 7669 7688 7687
3 7669 7670 7688
3 7670 7689 7688
3 7670 7671 7689
3 7671 7690 7689
3 7671 7672 7690
3 7672 7691 7690
3 7672 7673 7691
3 7673 7692 7691
3 7673 7674 7692
3 7674 7693 7692
3 7674 7675 7693
3 7675 7694 7693
3 7676 7677 7695
3 7677 7696 7695
3 7677 7678 7696
3 7678 7697 7696
3 7678 7679 7697
3 7679 7698 7697
3 7679 7680 7698
3 7680 7699 7698
3 7680 7681 7699
3 7681 7700 7699
3 7681 7682 7700
3 7682 7701 7700
3 7682 7683 7701
3 7683 7702 7701
3 7683 7684 7702
3 7684 7703 7702
3 7684 7685 7703
3 7685 7704 7703
3 7685 7686 7704
3 7686 7705 7704
3 7686 7687 7705
3 7687 7706 7705
3 7687 7688 7706
3 7688 7707 7706
3 7688 7689 7707
3 7689 7708 7707
3 7689 7690 7708
3 7690 7709 7708
3 7690 7691 7709
3 7691 7710 7709
3 7691 7692 7710
3 7692 7711 7710
3 7692 7693 7711
3 7693 7712 7711
3 7693 7694 7712
3 7694 7713 7712
3 7695 7696 7714
3 7696 7715 7714
3 7696 7697 7715
3 7697 7716 7715
3 7697 7698 7716
3 7698 7717 7716
3 7698 7699 7717
3 7699 7718 7717
3 7699 7700 7718
3 7700 7719 7718
3 7700 7701 7719
3 7701 7720 7719
3 7701 7702 7720
3 7702 7721 7720
3 7702 7703 7721
3 7703 7722 7721
3 7703 7704 7722
3 7704 7723 7722
3 7704 7705 7723
3 7705 7724 7723
3 7705 7706 7724
3 7706 7725 7724
3 7706 7707 7725
3 7707 7726 7725
3 7707 7708 7726
3 7708 7727 7726
3 7708 7709 7727
3 7709 7728 7727
3 7709 7710 7728
3 7710 7729 7728
3 7710 7711 7729
3 7711 7730 7729
3 7711 7712 7730
3 7712 7731 7730
3 7712 7713 7731
3 7713 7732 7731
3 7733 7734 7752
3 7734 7753 7752
3 7734 7735 7753
3 7735 7754 7753
3 7735 7736 7754
3 7736 7755 7754
3 7736 7737 7755
3 7737 7756 7755
3 7737 7738 7756
3 7738 7757 7756
3 7738 7739 7757
3 7739 7758 7757
3 7739 7740 7758
3 7740 7759 7758
3 7740 7741 7759
3 7741 7760 7759
3 7741 7742 7760
3 7742 7761 7760
3 7742 7743 7761
3 7743 7762 7761
3 7743 7744 7762
3 7744 7763 7762
3 7744 7745 7763
3 7745 7764 7763
3 7745 7746 7764
3 7746 7765 7764
3 7746 7747 7765
3 7747 7766 7765
3 7747 7748 7766
3 7748 7767 7766
3 7748 7749 7767
3 7749 7768 7767
3 7749 7750 7768
3 7750 7769 7768
3 7750 7751 7769
3 7751 7770 7769
3 7752 7753 7771
3 7753 7772 7771
3 7753 7754 7772
3 7754 7773 7772
3 7754 7755 7773
3 7755 7774 7773
3 7755 7756 7774
3 7756 7775 7774
3 7756 7757 7775
3 7757 7776 7775
3 7757 7758 7776
3 7758 7777 7776
3 7758 7759 7777
3 7759 7778 7777
3 7759 7760 7778
3 7760 7779 7778
3 7760 7761 7779
3 7761 7780 7779
3 7761 7762 7780
3 7762 7781 7780
3 7762 7763 7781
3 7763 7782 7781
3 7763 7764 7782
3 7764 7783 7782
3 7764 7765 7783
3 7765 7784 7783
3 7765 7766 7784
3 7766 7785 7784
3 7766 7767 7785
3 7767 7786 7785
3 7767 7768 7786
3 7768 7787 7786
3 7768 7769 7787
3 7769 7788 7787
3 7769 7770 7788
3 7770 7789 7788
3 7771 7772 7790
3 7772 7791 7790
3 7772 7773 7791
3 7773 7792 7791
3 7773 7774 7792
3 7774 7793 7792
3 7774 7775 7793
3 7775 7794 7793
3 7775 7776 7794
3 7776 7795 7794
3 7776 7777 7795
3 7777 7796 7795
3 7777 7778 7796
3 7778 7797 7796
3 7778 7779 7797
3 7779 7798 7797
3 7779 7780 7798
3 7780 7799 7798
3 7780 7781 7799
3 7781 7800 7799
3 7781 7782 7800
3 7782 7801 7800
3 7782 7783 7801
3 7783 7802 7801
3 7783 7784 7802
3 7784 7803 7802
3 7784 7785 7803
3 7785 7804 7803
3 7785 7786 7804
3 7786 7805 7804
3 7786 7787 7805
3 7787 7806 7805
3 7787 7788 7806
3 7788 7807 7806
3 7788 7789 7807
3 7789 7808 7807
3 7790 7791 7809
3 7791 7810 7809
3 7791 7792 7810
3 7792 7811 7810
3 7792 7793 7811
3 7793 7812 7811
3 7793 7794 7812
3 7794 7813 7812
3 7794 7795 7813
3 7795 7814 7813
3 7795 7796 7814
3 7796 7815 7814
3 7796 7797 7815
3 7797 7816 7815
3 7797 7798 7816
3 7798 7817 7816
3 7798 7799 7817
3 7799 7818 7817
3 7799 7800 7818
3 7800 7819 7818
3 7800 7801 7819
3 7801 7820 7819
3 7801 7802 7820
3 7802 7821 7820
3 7802 7803 7821
3 7803 7822 7821
3 7803 7804 7822
3 7804 7823 7822
3 7804 7805 7823
3 7805 7824 7823
3 7805 7806 7824
3 7806 7825 7824
3 7806 7807 7825
3 7807 7826 7825
3 7807 7808 7826
3 7808 7827 7826
3 7809 7810 7828
3 7810 7829 7828
3 7810 7811 7829
3 7811 7830 7829
3 7811 7812 7830
3 7812 7831 7830
3 7812 7813 7831
3 7813 7832 7831
3 7813 7814 7832
3 7814 7833 7832
3 7814 7815 7833
3 7815 7834 7833
3 7815 7816 7834
3 7816 7835 7834
3 7816 7817 7835
3 7817 7836 7835
3 7817 7818 7836
3 7818 7837 7836
3 7818 7819 7837
3 7819 7838 7837
3 7819 7820 7838
3 7820 7839 7838
3 7820 7821 7839
3 7821 7840 7839
3 7821 7822 7840
3 7822 7841 7840
3 7822 7823 7841
3 7823 7842 7841
3 7823 7824 7842
3 7824 7843 7842
3 7824 7825 7843
3 7825 7844 7843
3 7825 7826 7844
3 7826 7845 7844
3 7826 7827 7845
3 7827 7846 7845
3 7828 7829 7847
3 7829 7848 7847
3 7829 7830 7848
3 7830 7849 7848
3 7830 7831 7849
3 7831 7850 7849
3 7831 7832 7850
3 7832 7851 7850
3 7832 7833 7851
3 7833 7852 7851
3 7833 7834 7852
3 7834 7853 7852
3 7834 7835 7853
3 7835 7854 7853
3 7835 7836 7854
3 7836 7855 7854
3 7836 7837 7855
3 7837 7856 7855
3 7837 7838 7856
3 7838 7857 7856
3 7838 7839 7857
3 7839 7858 7857
3 7839 7840 7858
3 7840 7859 7858
3 7840 7841 7859
3 7841 7860 7859
3 7841 7842 7860
3 7842 7861 7860
3 7842 7843 7861
3 7843 7862 7861
3 7843 7844 7862
3 7844 7863 7862
3 7844 7845 7863
3 7845 7864 7863
3 7845 7846 7864
3 7846 7865 7864
3 7847 7848 7866
3 7848 7867 7866
3 7848 7849 7867
3 7849 7868 7867
3 7849 7850 7868
3 7850 7869 7868
3 7850 7851 7869
3 7851 7870 7869
3 7851 7852 7870
3 7852 7871 7870
3 7852 7853 7871
3 7853 7872 7871
3 7853 7854 7872
3 7854 7873 7872
3 7854 7855 7873
3 7855 7874 7873
3 7855 7856 7874
3 7856 7875 7874
3 7856 7857 7875
3 7857 7876 7875
3 7857 7858 7876
3 7858 7877 7876
3 7858 7859 7877
3 7859 7878 7877
3 7859 7860 7878
3 7860 7879 7878
3 7860 7861 7879
3 7861 7880 7879
3 7861 7862 7880
3 7862 7881 7880
3 7862 7863 7881
3 7863 7882 7881
3 7863 7864 7882
3 7864 7883 7882
3 7864 7865 7883
3 7865 7884 7883
3 7866 7867 7885
3 7867 7886 7885
3 7867 7868 7886
3 7868 7887 7886
3 7868 7869 7887
3 7869 7888 7887
3 7869 7870 7888
3 7870 7889 7888
3 7870 7871 7889
3 7871 7890 7889
3 7871 7872 7890
3 7872 7891 7890
3 7872 7873 7891
3 7873 7892 7891
3 7873 7874 7892
3 7874 7893 7892
3 7874 7875 7893
3 7875 7894 7893
3 7875 7876 7894
3 7876 7895 7894
3 7876 7877 7895
3 7877 7896 7895
3 7877 7878 7896
3 7878 7897 7896
3 7878 7879 7897
3 7879 7898 7897
3 7879 7880 7898
3 7880 7899 7898
3 7880 7881 7899
3 7881 7900 7899
3 7881 7882 7900
3 7882 7901 7900
3 7882 7883 7901
3 7883 7902 7901
3 7883 7884 7902
3 7884 7903 7902
3 7885 7886 7904
3 7886 7905 7904
3 7886 7887 7905
3 7887 7906 7905
3 7887 7888 7906
3 7888 7907 7906
3 7888 7889 7907
3 7889 7908 7907
3 7889 7890 7908
3 7890 7909 7908
3 7890 7891 7909
3 7891 7910 7909
3 7891 7892 7910
3 7892 7911 7910
3 7892 7893 7911
3 7893 7912 7911
3 7893 7894 7912
3 7894 7913 7912
3 7894 7895 7913
3 7895 7914 7913
3 7895 7896 7914
3 7896 7915 7914
3 7896 7897 7915
3 7897 7916 7915
3 7897 7898 7916
3 7898 7917 7916
3 7898 7899 7917
3 7899 7918 7917
3 7899 7900 7918
3 7900 7919 7918
3 7900 7901 7919
3 7901 7920 7919
3 7901 7902 7920
3 7902 7921 7920
3 7902 7903 7921
3 7903 7922 7921
3 7904 7905 7923
3 7905 7924 7923
3 7905 7906 7924
3 7906 7925 7924
3 7906 7907 7925
3 7907 7926 7925
3 7907 7908 7926
3 7908 7927 7926
3 7908 7909 7927
3 7909 7928 7927
3 7909 7910 7928
3 7910 7929 7928
3 7910 7911 7929
3 7911 7930 7929
3 7911 7912 7930
3 7912 7931 7930
3 7912 7913 7931
3 7913 7932 7931
3 7913 7914 7932
3 7914 7933 7932
3 7914 7915 7933
3 7915 7934 7933
3 7915 7916 7934
3 7916 7935 7934
3 7916 7917 7935
3 7917 7936 7935
3 7917 7918 7936
3 7918 7937 7936
3 7918 7919 7937
3 7919 7938 7937
3 7919 7920 7938
3 7920 7939 7938
3 7920 7921 7939
3 7921 7940 7939
3 7921 7922 7940
3 7922 7941 7940
3 7942 7943 7961
3 7943 7962 7961
3 7943 7944 7962
3 7944 7963 7962
3 7944 7945 7963
3 7945 7964 7963
3 7945 7946 7964
3 7946 7965 7964
3 7946 7947 7965
3 7947 7966 7965
3 7947 7948 7966
3 7948 7967 7966
3 7948 7949 7967
3 7949 7968 7967
3 7949 7950 7968
3 7950 7969 7968
3 7950 7951 7969
3 7951 7970 7969
3 7951 7952 7970
3 7952 7971 7970
3 7952 7953 7971
3 7953 7972 7971
3 7953 7954 7972
3 7954 7973 7972
3 7954 7955 7973
3 7955 7974 7973
3 7955 7956 7974
3 7956 7975 7974
3 7956 7957 7975
3 7957 7976 7975
3 7957 7958 7976
3 7958 7977 7976
3 7958 7959 7977
3 7959 7978 7977
3 7959 7960 7978
3 7960 7979 7978
3 7961 7962 7980
3 7962 7981 7980
3 7962 7963 7981
3 7963 7982 7981
3 7963 7964 7982
3 7964 7983 7982
3 7964 7965 7983
3 7965 7984 7983
3 7965 7966 7984
3 7966 7985 7984
3 7966 7967 7985
3 7967 7986 7985
3 7967 7968 7986
3 7968 7987 7986
3 7968 7969 7987
3 7969 7988 7987
3 7969 7970 7988
3 7970 7989 7988
3 7970 7971 7989
3 7971 7990 7989
3 7971 7972 7990
3 7972 7991 7990
3 7972 7973 7991
3 7973 7992 7991
3 7973 7974 7992
3 7974 7993 7992
3 7974 7975 7993
3 7975 7994 7993
3 7975 7976 7994
3 7976 7995 7994
3 7976 7977 7995
3 7977 7996 7995
3 7977 7978 7996
3 7978 7997 7996
3 7978 7979 7997
3 7979 7998 7997
3 7980 7981 7999
3 7981 8000 7999
3 7981 7982 8000
3 7982 8001 8000
3 7982 7983 8001
3 7983 8002 8001
3 7983 7984 8002
3 7984 8003 8002
3 7984 7985 8003
3 7985 8004 8003
3 7985 7986 8004
3 7986 8005 8004
3 7986 7987 8005
3 7987 8006 8005
3 7987 7988 8006
3 7988 8007 8006
3 7988 7989 8007
3 7989 8008 8007
3 7989 7990 8008
3 7990 8009 8008
3 7990 7991 8009
3 7991 8010 8009
3 7991 7992 8010
3 7992 8011 8010
3 7992 7993 8011
3 7993 8012 8011
3 7993 7994 8012
3 7994 8013 8012
3 7994 7995 8013
3 7995 8014 8013
3 7995 7996 8014
3 7996 8015 8014
3 7996 7997 8015
3 7997 8016 8015
3 7997 7998 8016
3 7998 8017 8016
3 7999 8000 8018
3 8000 8019 8018
3 8000 8001 8019
3 8001 8020 8019
3 8001 8002 8020
3 8002 8021 8020
3 8002 8003 8021
3 8003 8022 8021
3 8003 8004 8022
3 8004 8023 8022
3 8004 8005 8023
3 8005 8024 8023
3 8005 8006 8024
3 8006 8025 8024
3 8006 8007 8025
3 8007 8026 8025
3 8007 8008 8026
3 8008 8027 8026
3 8008 8009 8027
3 8009 8028 8027
3 8009 8010 8028
3 8010 8029 8028
3 8010 8011 8029
3 8011 8030 8029
3 8011 8012 8030
3 8012 8031 8030
3 8012 8013 8031
3 8013 8032 8031
3 8013 8014 8032
3 8014 8033 8032
3 8014 8015 8033
3 8015 8034 8033
3 8015 8016 8034
3 8016 8035 8034
3 8016 8017 8035
3 8017 8036 8035
3 8018 8019 8037
3 8019 8038 8037
3 8019 8020 8038
3 8020 8039 8038
3 8020 8021 8039
3 8021 8040 8039
3 8021 8022 8040
3 8022 8041 8040
3 8022 8023 8041
3 8023 8042 8041
3 8023 8024 8042
3 8024 8043 8042
3 8024 8025 8043
3 8025 8044 8043
3 8025 8026 8044
3 8026 8045 8044
3 8026 8027 8045
3 8027 8046 8045
3 8027 8028 8046
3 8028 8047 8046
3 8028 8029 8047
3 8029 8048 8047
3 8029 8030 8048
3 8030 8049 8048
3 8030 8031 8049
3 8031 8050 8049
3 8031 8032 8050
3 8032 8051 8050
3 8032 8033 8051
3 8033 8052 8051
3 8033 8034 8052
3 8034 8053 8052
3 8034 8035 8053
3 8035 8054 8053
3 8035 8036 8054
3 8036 8055 8054
3 8037 8038 8056
3 8038 8057 8056
3 8038 8039 8057
3 8039 8058 8057
3 8039 8040 8058
3 8040 8059 8058
3 8040 8041 8059
3 8041 8060 8059
3 8041 8042 8060
3 8042 8061 8060
3 8042 8043 8061
3 8043 8062 8061
3 8043 8044 8062
3 8044 8063 8062
3 8044 8045 8063
3 8045 8064 8063
3 8045 8046 8064
3 8046 8065 8064
3 8046 8047 8065
3 8047 8066 8065
3 8047 8048 8066
3 8048 8067 8066
3 8048 8049 8067
3 8049 8068 8067
3 8049 8050 8068
3 8050 8069 8068
3 8050 8051 8069
3 8051 8070 8069
3 8051 8052 8070
3 8052 8071 8070
3 8052 8053 8071
3 8053 8072 8071
3 8053 8054 8072
3 8054 8073 8072
3 8054 8055 8073
3 8055 8074 8073
3 8056 8057 8075
3 8057 8076 8075
3 8057 8058 8076
3 8058 8077 8076
3 8058 8059 8077
3 8059 8078 8077
3 8059 8060 8078
3 8060 8079 8078
3 8060 8061 8079
3 8061 8080 8079
3 8061 8062 8080
3 8062 8081 8080
3 8062 8063 8081
3 8063 8082 8081
3 8063 8064 8082
3 8064 8083 8082
3 8064 8065 8083
3 8065 8084 8083
3 8065 8066 8084
3 8066 8085 8084
3 8066 8067 8085
3 8067 8086 8085
3 8067 8068 8086
3 8068 8087 8086
3 8068 8069 8087
3 8069 8088 8087
3 8069 8070 8088
3 8070 8089 8088
3 8070 8071 8089
3 8071 8090 8089
3 8071 8072 8090
3 8072 8091 8090
3 8072 8073 8091
3 8073 8092 8091
3 8073 8074 8092
3 8074 8093 8092
3 8075 8076 8094
3 8076 8095 8094
3 8076 8077 8095
3 8077 8096 8095
3 8077 8078 8096
3 8078 8097 8096
3 8078 8079 8097
3 8079 8098 8097
3 8079 8080 8098
3 8080 8099 8098
3 8080 8081 8099
3 8081 8100 8099
3 8081 8082 8100
3 8082 8101 8100
3 8082 8083 8101
3 8083 8102 8101
3 8083 8084 8102
3 8084 8103 8102
3 8084 8085 8103
3 8085 8104 8103
3 8085 8086 8104
3 8086 8105 8104
3 8086 8087 8105
3 8087 8106 8105
3 8087 8088 8106
3 8088 8107 8106
3 8088 8089 8107
3 8089 8108 8107
3 8089 8090 8108
3 8090 8109 8108
3 8090 8091 8109
3 8091 8110 8109
3 8091 8092 8110
3 8092 8111 8110
3 8092 8093 8111
3 8093 8112 8111
3 8094 8095 8113
3 8095 8114 8113
3 8095 8096 8114
3 8096 8115 8114
3 8096 8097 8115
3 8097 8116 8115
3 8097 8098 8116
3 8098 8117 8116
3 8098 8099 8117
3 8099 8118 8117
3 8099 8100 8118
3 8100 8119 8118
3 8100 8101 8119
3 8101 8120 8119
3 8101 8102 8120
3 8102 8121 8120
3 8102 8103 8121
3 8103 8122 8121
3 8103 8104 8122
3 8104 8123 8122
3 8104 8105 8123
3 8105 8124 8123
3 8105 8106 8124
3 8106 8125 8124
3 8106 8107 8125
3 8107 8126 8125
3 8107 8108 8126
3 8108 8127 8126
3 8108 8109 8127
3 8109 8128 8127
3 8109 8110 8128
3 8110 8129 8128
3 8110 8111 8129
3 8111 8130 8129
3 8111 8112 8130
3 8112 8131 8130
3 8113 8114 8132
3 8114 8133 8132
3 8114 8115 8133
3 8115 8134 8133
3 8115 8116 8134
3 8116 8135 8134
3 8116 8117 8135
3 8117 8136 8135
3 8117 8118 8136
3 8118 8137 8136
3 8118 8119 8137
3 8119 8138 8137
3 8119 8120 8138
3 8120 8139 8138
3 8120 8121 8139
3 8121 8140 8139
3 8121 8122 8140
3 8122 8141 8140
3 8122 8123 8141
3 8123 8142 8141
3 8123 8124 8142
3 8124 8143 8142
3 8124 8125 8143
3 8125 8144 8143
3 8125 8126 8144
3 8126 8145 8144
3 8126 8127 8145
3 8127 8146 8145
3 8127 8128 8146
3 8128 8147 8146
3 8128 8129 8147
3 8129 8148 8147
3 8129 8130 8148
3 8130 8149 8148
3 8130 8131 8149
3 8131 8150 8149
3 8151 8152 8170
3 8152 8171 8170
3 8152 8153 8171
3 8153 8172 8171
3 8153 8154 8172
3 8154 8173 8172
3 8154 8155 8173
3 8155 8174 8173
3 8155 8156 8174
3 8156 8175 8174
3 8156 8157 8175
3 8157 8176 8175
3 8157 8158 8176
3 8158 8177 8176
3 8158 8159 8177
3 8159 8178 8177
3 8159 8160 8178
3 8160 8179 8178
3 8160 8161 8179
3 8161 8180 8179
3 8161 8162 8180
3 8162 8181 8180
3 8162 8163 8181
3 8163 8182 8181
3 8163 8164 8182
3 8164 8183 8182
3 8164 8165 8183
3 8165 8184 8183
3 8165 8166 8184
3 8166 8185 8184
3 8166 8167 8185
3 8167 8186 8185
3 8167 8168 8186
3 8168 8187 8186
3 8168 8169 8187
3 8169 8188 8187
3 8170 8171 8189
3 8171 8190 8189
3 8171 8172 8190
3 8172 8191 8190
3 8172 8173 8191
3 8173 8192 8191
3 8173 8174 8192
3 8174 8193 8192
3 8174 8175 8193
3 8175 8194 8193
3 8175 8176 8194
3 8176 8195 8194
3 8176 8177 8195
3 8177 8196 8195
3 8177 8178 8196
3 8178 8197 8196
3 8178 8179 8197
3 8179 8198 8197
3 8179 8180 8198
3 8180 8199 8198
3 8180 8181 8199
3 8181 8200 8199
3 8181 8182 8200
3 8182 8201 8200
3 8182 8183 8201
3 8183 8202 8201
3 8183 8184 8202
3 8184 8203 8202
3 8184 8185 8203
3 8185 8204 8203
3 8185 8186 8204
3 8186 8205 8204
3 8186 8187 8205
3 8187 8206 8205
3 8187 8188 8206
3 8188 8207 8206
3 8189 8190 8208
3 8190 8209 8208
3 8190 8191 8209
3 8191 8210 8209
3 8191 8192 8210
3 8192 8211 8210
3 8192 8193 8211
3 8193 8212 8211
3 8193 8194 8212
3 8194 8213 8212
3 8194 8195 8213
3 8195 8214 8213
3 8195 8196 8214
3 8196 8215 8214
3 8196 8197 8215
3 8197 8216 8215
3 8197 8198 8216
3 8198 8217 8216
3 8198 8199 8217
3 8199 8218 8217
3 8199 8200 8218
3 8200 8219 8218
3 8200 8201 8219
3 8201 8220 8219
3 8201 8202 8220
3 8202 8221 8220
3 8202 8203 8221
3 8203 8222 8221
3 8203 8204 8222
3 8204 8223 8222
3 8204 8205 8223
3 8205 8224 8223
3 8205 8206 8224
3 8206 8225 8224
3 8206 8207 8225
3 8207 8226 8225
3 8208 8209 8227
3 8209 8228 8227
3 8209 8210 8228
3 8210 8229 8228
3 8210 8211 8229
3 8211 8230 8229
3 8211 8212 8230
3 8212 8231 8230
3 8212 8213 8231
3 8213 8232 8231
3 8213 8214 8232
3 8214 8233 8232
3 8214 8215 8233
3 8215 8234 8233
3 8215 8216 8234
3 8216 8235 8234
3 8216 8217 8235
3 8217 8236 8235
3 8217 8218 8236
3 8218 8237 8236
3 8218 8219 8237
3 8219 8238 8237
3 8219 8220 8238
3 8220 8239 8238
3 8220 8221 8239
3 8221 8240 8239
3 8221 8222 8240
3 8222 8241 8240
3 8222 8223 8241
3 8223 8242 8241
3 8223 8224 8242
3 8224 8243 8242
3 8224 8225 8243
3 8225 8244 8243
3 8225 8226 8244
3 8226 8245 8244
3 8227 8228 8246
3 8228 8247 8246
3 8228 8229 8247
3 8229 8248 8247
3 8229 8230 8248
3 8230 8249 8248
3 8230 8231 8249
3 8231 8250 8249
3 8231 8232 8250
3 8232 8251 8250
3 8232 8233 8251
3 8233 8252 8251
3 8233 8234 8252
3 8234 8253 8252
3 8234 8235 8253
3 8235 8254 8253
3 8235 8236 8254
3 8236 8255 8254
3 8236 8237 8255
3 8237 8256 8255
3 8237 8238 8256
3 8238 8257 8256
3 8238 8239 8257
3 8239 8258 8257
3 8239 8240 8258
3 8240 8259 8258
3 8240 8241 8259
3 8241 8260 8259
3 8241 8242 8260
3 8242 8261 8260
3 8242 8243 8261
3 8243 8262 8261
3 8243 8244 8262
3 8244 8263 8262
3 8244 8245 8263
3 8245 8264 8263
3 8246 8247 8265
3 8247 8266 8265
3 8247 8248 8266
3 8248 8267 8266
3 8248 8249 8267
3 8249 8268 8267
3 8249 8250 8268
3 8250 8269 8268
3 8250 8251 8269
3 8251 8270 8269
3 8251 8252 8270
3 8252 8271 8270
3 8252 8253 8271
3 8253 8272 8271
3 8253 8254 8272
3 8254 8273 8272
3 8254 8255 8273
3 8255 8274 8273
3 8255 8256 8274
3 8256 8275 8274
3 8256 8257 8275
3 8257 8276 8275
3 8257 8258 8276
3 8258 8277 8276
3 8258 8259 8277
3 8259 8278 8277
3 8259 8260 8278
3 8260 8279 8278
3 8260 8261 8279
3 8261 8280 8279
3 8261 8262 8280
3 8262 8281 8280
3 8262 8263 8281
3 8263 8282 8281
3 8263 8264 8282
3 8264 8283 8282
3 8265 8266 8284
3 8266 8285 8284
3 8266 8267 8285
3 8267 8286 8285
3 8267 8268 8286
3 8268 8287 8286
3 8268 8269 8287
3 8269 8288 8287
3 8269 8270 8288
3 8270 8289 8288
3 8270 8271 8289
3 8271 8290 8289
3 8271 8272 8290
3 8272 8291 8290
3 8272 8273 8291
3 8273 8292 8291
3 8273 8274 8292
3 8274 8293 8292
3 8274 8275 8293
3 8275 8294 8293
3 8275 8276 8294
3 8276 8295 8294
3 8276 8277 8295
3 8277 8296 8295
3 8277 8278 8296
3 8278 8297 8296
3 8278 8279 8297
3 8279 8298 8297
3 8279 8280 8298
3 8280 8299 8298
3 8280 8281 8299
3 8281 8300 8299
3 8281 8282 8300
3 8282 8301 8300
3 8282 8283 8301
3 8283 8302 8301
3 8284 8285 8303
3 8285 8304 8303
3 8285 8286 8304
3 8286 8305 8304
3 8286 8287 8305
3 8287 8306 8305
3 8287 8288 8306
3 8288 8307 8306
3 8288 8289 8307
3 8289 8308 8307
3 8289 8290 8308
3 8290 8309 8308
3 8290 8291 8309
3 8291 8310 8309
3 8291 8292 8310
3 8292 8311 8310
3 8292 8293 8311
3 8293 8312 8311
3 8293 8294 8312
3 8294 8313 8312
3 8294 8295 8313
3 8295 8314 8313
3 8295 8296 8314
3 8296 8315 8314
3 8296 8297 8315
3 8297 8316 8315
3 8297 8298 8316
3 8298 8317 8316
3 8298 8299 8317
3 8299 8318 8317
3 8299 8300 8318
3 8300 8319 8318
3 8300 8301 8319
3 8301 8320 8319
3 8301 8302 8320
3 8302 8321 8320
3 8303 8304 8322
3 8304 8323 8322
3 8304 8305 8323
3 8305 8324 8323
3 8305 8306 8324
3 8306 8325 8324
3 8306 8307 8325
3 8307 8326 8325
3 8307 8308 8326
3 8308 8327 8326
3 8308 8309 8327
3 8309 8328 8327
3 8309 8310 8328
3 8310 8329 8328
3 8310 8311 8329
3 8311 8330 8329
3 8311 8312 8330
3 8312 8331 8330
3 8312 8313 8331
3 8313 8332 8331
3 8313 8314 8332
3 8314 8333 8332
3 8314 8315 8333
3 8315 8334 8333
3 8315 8316 8334
3 8316 8335 8334
3 8316 8317 8335
3 8317 8336 8335
3 8317 8318 8336
3 8318 8337 8336
3 8318 8319 8337
3 8319 8338 8337
3 8319 8320 8338
3 8320 8339 8338
3 8320 8321 8339
3 8321 8340 8339
3 8322 8323 8341
3 8323 8342 8341
3 8323 8324 8342
3 8324 8343 8342
3 8324 8325 8343
3 8325 8344 8343
3 8325 8326 8344
3 8326 8345 8344
3 8326 8327 8345
3 8327 8346 8345
3 8327 8328 8346
3 8328 8347 8346
3 8328 8329 8347
3 8329 8348 8347
3 8329 8330 8348
3 8330 8349 8348
3 8330 8331 8349
3 8331 8350 8349
3 8331 8332 8350
3 8332 8351 8350
3 8332 8333 8351
3 8333 8352 8351
3 8333 8334 8352
3 8334 8353 8352
3 8334 8335 8353
3 8335 8354 8353
3 8335 8336 8354
3 8336 8355 8354
3 8336 8337 8355
3 8337 8356 8355
3 8337 8338 8356
3 8338 8357 8356
3 8338 8339 8357
3 8339 8358 8357
3 8339 8340 8358
3 8340 8359 8358
3 8360 8361 8379
3 8361 8380 8379
3 8361 8362 8380
3 8362 8381 8380
3 8362 8363 8381
3 8363 8382 8381
3 8363 8364 8382
3 8364 8383 8382
3 8364 8365 8383
3 8365 8384 8383
3 8365 8366 8384
3 8366 8385 8384
3 8366 8367 8385
3 8367 8386 8385
3 8367 8368 8386
3 8368 8387 8386
3 8368 8369 8387
3 8369 8388 8387
3 8369 8370 8388
3 8370 8389 8388
3 8370 8371 8389
3 8371 8390 8389
3 8371 8372 8390
3 8372 8391 8390
3 8372 8373 8391
3 8373 8392 8391
3 8373 8374 8392
3 8374 8393 8392
3 8374 8375 8393
3 8375 8394 8393
3 8375 8376 8394
3 8376 8395 8394
3 8376 8377 8395
3 8377 8396 8395
3 8377 8378 8396
3 8378 8397 8396
3 8379 8380 8398
3 8380 8399 8398
3 8380 8381 8399
3 8381 8400 8399
3 8381 8382 8400
3 8382 8401 8400
3 8382 8383 8401
3 8383 8402 8401
3 8383 8384 8402
3 8384 8403 8402
3 8384 8385 8403
3 8385 8404 8403
3 8385 8386 8404
3 8386 8405 8404
3 8386 8387 8405
3 8387 8406 8405
3 8387 8388 8406
3 8388 8407 8406
3 8388 8389 8407
3 8389 8408 8407
3 8389 8390 8408
3 8390 8409 8408
3 8390 8391 8409
3 8391 8410 8409
3 8391 8392 8410
3 8392 8411 8410
3 8392 8393 8411
3 8393 8412 8411
3 8393 8394 8412
3 8394 8413 8412
3 8394 8395 8413
3 8395 8414 8413
3 8395 8396 8414
3 8396 8415 8414
3 8396 8397 8415
3 8397 8416 8415
3 8398 8399 8417
3 8399 8418 8417
3 8399 8400 8418
3 8400 8419 8418
3 8400 8401 8419
3 8401 8420 8419
3 8401 8402 8420
3 8402 8421 8420
3 8402 8403 8421
3 8403 8422 8421
3 8403 8404 8422
3 8404 8423 8422
3 8404 8405 8423
3 8405 8424 8423
3 8405 8406 8424
3 8406 8425 8424
3 8406 8407 8425
3 8407 8426 8425
3 8407 8408 8426
3 8408 8427 8426
3 8408 8409 8427
3 8409 8428 8427
3 8409 8410 8428
3 8410 8429 8428
3 8410 8411 8429
3 8411 8430 8429
3 8411 8412 8430
3 8412 8431 8430
3 8412 8413 8431
3 8413 8432 8431
3 8413 8414 8432
3 8414 8433 8432
3 8414 8415 8433
3 8415 8434 8433
3 8415 8416 8434
3 8416 8435 8434
3 8417 8418 8436
3 8418 8437 8436
3 8418 8419 8437
3 8419 8438 8437
3 8419 8420 8438
3 8420 8439 8438
3 8420 8421 8439
3 8421 8440 8439
3 8421 8422 8440
3 8422 8441 8440
3 8422 8423 8441
3 8423 8442 8441
3 8423 8424 8442
3 8424 8443 8442
3 8424 8425 8443
3 8425 8444 8443
3 8425 8426 8444
3 8426 8445 8444
3 8426 8427 8445
3 8427 8446 8445
3 8427 8428 8446
3 8428 8447 8446
3 8428 8429 8447
3 8429 8448 8447
3 8429 8430 8448
3 8430 8449 8448
3 8430 8431 8449
3 8431 8450 8449
3 8431 8432 8450
3 8432 8451 8450
3 8432 8433 8451
3 8433 8452 8451
3 8433 8434 8452
3 8434 8453 8452
3 8434 8435 8453
3 8435 8454 8453
3 8436 8437 8455
3 8437 8456 8455
3 8437 8438 8456
3 8438 8457 8456
3 8438 8439 8457
3 8439 8458 8457
3 8439 8440 8458
3 8440 8459 8458
3 8440 8441 8459
3 8441 8460 8459
3 8441 8442 8460
3 8442 8461 8460
3 8442 8443 8461
3 8443 8462 8461
3 8443 8444 8462
3 8444 8463 8462
3 8444 8445 8463
3 8445 8464 8463
3 8445 8446 8464
3 8446 8465 8464
3 8446 8447 8465
3 8447 8466 8465
3 8447 8448 8466
3 8448 8467 8466
3 8448 8449 8467
3 8449 8468 8467
3 8449 8450 8468
3 8450 8469 8468
3 8450 8451 8469
3 8451 8470 8469
3 8451 8452 8470
3 8452 8471 8470
3 8452 8453 8471
3 8453 8472 8471
3 8453 8454 8472
3 8454 8473 8472
3 8455 8456 8474
3 8456 8475 8474
3 8456 8457 8475
3 8457 8476 8475
3 8457 8458 8476
3 8458 8477 8476
3 8458 8459 8477
3 8459 8478 8477
3 8459 8460 8478
3 8460 8479 8478
3 8460 8461 8479
3 8461 8480 8479
3 8461 8462 8480
3 8462 8481 8480
3 8462 8463 8481
3 8463 8482 8481
3 8463 8464 8482
3 8464 8483 8482
3 8464 8465 8483
3 8465 8484 8483
3 8465 8466 8484
3 8466 8485 8484
3 8466 8467 8485
3 8467 8486 8485
3 8467 8468 8486
3 8468 8487 8486
3 8468 8469 8487
3 8469 8488 8487
3 8469 8470 8488
3 8470 8489 8488
3 8470 8471 8489
3 8471 8490 8489
3 8471 8472 8490
3 8472 8491 8490
3 8472 8473 8491
3 8473 8492 8491
3 8474 8475 8493
3 8475 8494 8493
3 8475 8476 8494
3 8476 8495 8494
3 8476 8477 8495
3 8477 8496 8495
3 8477 8478 8496
3 8478 8497 8496
3 8478 8479 8497
3 8479 8498 8497
3 8479 8480 8498
3 8480 8499 8498
3 8480 8481 8499
3 8481 8500 8499
3 8481 8482 8500
3 8482 8501 8500
3 8482 8483 8501
3 8483 8502 8501
3 8483 8484 8502
3 8484 8503 8502
3 8484 8485 8503
3 8485 8504 8503
3 8485 8486 8504
3 8486 8505 8504
3 8486 8487 8505
3 8487 8506 8505
3 8487 8488 8506
3 8488 8507 8506
3 8488 8489 8507
3 8489 8508 8507
3 8489 8490 8508
3 8490 8509 8508
3 8490 8491 8509
3 8491 8510 8509
3 8491 8492 8510
3 8492 8511 8510
3 8493 8494 8512
3 8494 8513 8512
3 8494 8495 8513
3 8495 8514 8513
3 8495 8496 8514
3 8496 8515 8514
3 8496 8497 8515
3 8497 8516 8515
3 8497 8498 8516
3 8498 8517 8516
3 8498 8499 8517
3 8499 8518 8517
3 8499 8500 8518
3 8500 8519 8518
3 8500 8501 8519
3 8501 8520 8519
3 8501 8502 8520
3 8502 8521 8520
3 8502 8503 8521
3 8503 8522 8521
3 8503 8504 8522
3 8504 8523 8522
3 8504 8505 8523
3 8505 8524 8523
3 8505 8506 8524
3 8506 8525 8524
3 8506 8507 8525
3 8507 8526 8525
3 8507 8508 8526
3 8508 8527 8526
3 8508 8509 8527
3 8509 8528 8527
3 8509 8510 8528
3 8510 8529 8528
3 8510 8511 8529
3 8511 8530 8529
3 8512 8513 8531
3 8513 8532 8531
3 8513 8514 8532
3 8514 8533 8532
3 8514 8515 8533
3 8515 8534 8533
3 8515 8516 8534
3 8516 8535 8534
3 8516 8517 8535
3 8517 8536 8535
3 8517 8518 8536
3 8518 8537 8536
3 8518 8519 8537
3 8519 8538 8537
3 8519 8520 8538
3 8520 8539 8538
3 8520 8521 8539
3 8521 8540 8539
3 8521 8522 8540
3 8522 8541 8540
3 8522 8523 8541
3 8523 8542 8541
3 8523 8524 8542
3 8524 8543 8542
3 8524 8525 8543
3 8525 8544 8543
3 8525 8526 8544
3 8526 8545 8544
3 8526 8527 8545
3 8527 8546 8545
3 8527 8528 8546
3 8528 8547 8546
3 8528 8529 8547
3 8529 8548 8547
3 8529 8530 8548
3 8530 8549 8548
3 8531 8532 8550
3 8532 8551 8550
3 8532 8533 8551
3 8533 8552 8551
3 8533 8534 8552
3 8534 8553 8552
3 8534 8535 8553
3 8535 8554 8553
3 8535 8536 8554
3 8536 8555 8554
3 8536 8537 8555
3 8537 8556 8555
3 8537 8538 8556
3 8538 8557 8556
3 8538 8539 8557
3 8539 8558 8557
3 8539 8540 8558
3 8540 8559 8558
3 8540 8541 8559
3 8541 8560 8559
3 8541 8542 8560
3 8542 8561 8560
3 8542 8543 8561
3 8543 8562 8561
3 8543 8544 8562
3 8544 8563 8562
3 8544 8545 8563
3 8545 8564 8563
3 8545 8546 8564
3 8546 8565 8564
3 8546 8547 8565
3 8547 8566 8565
3 8547 8548 8566
3 8548 8567 8566
3 8548 8549 8567
3 8549 8568 8567
3 8569 8570 8588
3 8570 8589 8588
3 8570 8571 8589
3 8571 8590 8589
3 8571 8572 8590
3 8572 8591 8590
3 8572 8573 8591
3 8573 8592 8591
3 8573 8574 8592
3 8574 8593 8592
3 8574 8575 8593
3 8575 8594 8593
3 8575 8576 8594
3 8576 8595 8594
3 8576 8577 8595
3 8577 8596 8595
3 8577 8578 8596
3 8578 8597 8596
3 8578 8579 8597
3 8579 8598 8597
3 8579 8580 8598
3 8580 8599 8598
3 8580 8581 8599
3 8581 8600 8599
3 8581 8582 8600
3 8582 8601 8600
3 8582 8583 8601
3 8583 8602 8601
3 8583 8584 8602
3 8584 8603 8602
3 8584 8585 8603
3 8585 8604 8603
3 8585 8586 8604
3 8586 8605 8604
3 8586 8587 8605
3 8587 8606 8605
3 8588 8589 8607
3 8589 8608 8607
3 8589 8590 8608
3 8590 8609 8608
3 8590 8591 8609
3 8591 8610 8609
3 8591 8592 8610
3 8592 8611 8610
3 8592 8593 8611
3 8593 8612 8611
3 8593 8594 8612
3 8594 8613 8612
3 8594 8595 8613
3 8595 8614 8613
3 8595 8596 8614
3 8596 8615 8614
3 8596 8597 8615
3 8597 8616 8615
3 8597 8598 8616
3 8598 8617 8616
3 8598 8599 8617
3 8599 8618 8617
3 8599 8600 8618
3 8600 8619 8618
3 8600 8601 8619
3 8601 8620 8619
3 8601 8602 8620
3 8602 8621 8620
3 8602 8603 8621
3 8603 8622 8621
3 8603 8604 8622
3 8604 8623 8622
3 8604 8605 8623
3 8605 8624 8623
3 8605 8606 8624
3 8606 8625 8624
3 8607 8608 8626
3 8608 8627 8626
3 8608 8609 8627
3 8609 8628 8627
3 8609 8610 8628
3 8610 8629 8628
3 8610 8611 8629
3 8611 8630 8629
3 8611 8612 8630
3 8612 8631 8630
3 8612 8613 8631
3 8613 8632 8631
3 8613 8614 8632
3 8614 8633 8632
3 8614 8615 8633
3 8615 8634 8633
3 8615 8616 8634
3 8616 8635 8634
3 8616 8617 8635
3 8617 8636 8635
3 8617 8618 8636
3 8618 8637 8636
3 8618 8619 8637
3 8619 8638 8637
3 8619 8620 8638
3 8620 8639 8638
3 8620 8621 8639
3 8621 8640 8639
3 8621 8622 8640
3 8622 8641 8640
3 8622 8623 8641
3 8623 8642 8641
3 8623 8624 8642
3 8624 8643 8642
3 8624 8625 8643
3 8625 8644 8643
3 8626 8627 8645
3 8627 8646 8645
3 8627 8628 8646
3 8628 8647 8646
3 8628 8629 8647
3 8629 8648 8647
3 8629 8630 8648
3 8630 8649 8648
3 8630 8631 8649
3 8631 8650 8649
3 8631 8632 8650
3 8632 8651 8650
3 8632 8633 8651
3 8633 8652 8651
3 8633 8634 8652
3 8634 8653 8652
3 8634 8635 8653
3 8635 8654 8653
3 8635 8636 8654
3 8636 8655 8654
3 8636 8637 8655
3 8637 8656 8655
3 8637 8638 8656
3 8638 8657 8656
3 8638 8639 8657
3 8639 8658 8657
3 8639 8640 8658
3 8640 8659 8658
3 8640 8641 8659
3 8641 8660 8659
3 8641 8642 8660
3 8642 8661 8660
3 8642 8643 8661
3 8643 8662 8661
3 8643 8644 8662
3 8644 8663 8662
3 8645 8646 8664
3 8646 8665 8664
3 8646 8647 8665
3 8647 8666 8665
3 8647 8648 8666
3 8648 8667 8666
3 8648 8649 8667
3 8649 8668 8667
3 8649 8650 8668
3 8650 8669 8668
3 8650 8651 8669
3 8651 8670 8669
3 8651 8652 8670
3 8652 8671 8670
3 8652 8653 8671
3 8653 8672 8671
3 8653 8654 8672
3 8654 8673 8672
3 8654 8655 8673
3 8655 8674 8673
3 8655 8656 8674
3 8656 8675 8674
3 8656 8657 8675
3 8657 8676 8675
3 8657 8658 8676
3 8658 8677 8676
3 8658 8659 8677
3 8659 8678 8677
3 8659 8660 8678
3 8660 8679 8678
3 8660 8661 8679
3 8661 8680 8679
3 8661 8662 8680
3 8662 8681 8680
3 8662 8663 8681
3 8663 8682 8681
3 8664 8665 8683
3 8665 8684 8683
3 8665 8666 8684
3 8666 8685 8684
3 8666 8667 8685
3 8667 8686 8685
3 8667 8668 8686
3 8668 8687 8686
3 8668 8669 8687
3 8669 8688 8687
3 8669 8670 8688
3 8670 8689 8688
3 8670 8671 8689
3 8671 8690 8689
3 8671 8672 8690
3 8672 8691 8690
3 8672 8673 8691
3 8673 8692 8691
3 8673 8674 8692
3 8674 8693 8692
3 8674 8675 8693
3 8675 8694 8693
3 8675 8676 8694
3 8676 8695 8694
3 8676 8677 8695
3 8677 8696 8695
3 8677 8678 8696
3 8678 8697 8696
3 8678 8679 8697
3 8679 8698 8697
3 8679 8680 8698
3 8680 8699 8698
3 8680 8681 8699
3 8681 8700 8699
3 8681 8682 8700
3 8682 8701 8700
3 8683 8684 8702
3 8684 8703 8702
3 8684 8685 8703
3 8685 8704 8703
3 8685 8686 8704
3 8686 8705 8704
3 8686 8687 8705
3 8687 8706 8705
3 8687 8688 8706
3 8688 8707 8706
3 8688 8689 8707
3 8689 8708 8707
3 8689 8690 8708
3 8690 8709 8708
3 8690 8691 8709
3 8691 8710 8709
3 8691 8692 8710
3 8692 8711 8710
3 8692 8693 8711
3 8693 8712 8711
3 8693 8694 8712
3 8694 8713 8712
3 8694 8695 8713
3 8695 8714 8713
3 8695 8696 8714
3 8696 8715 8714
3 8696 8697 8715
3 8697 8716 8715
3 8697 8698 8716
3 8698 8717 8716
3 8698 8699 8717
3 8699 8718 8717
3 8699 8700 8718
3 8700 8719 8718
3 8700 8701 8719
3 8701 8720 8719
3 8702 8703 8721
3 8703 8722 8721
3 8703 8704 8722
3 8704 8723 8722
3 8704 8705 8723
3 8705 8724 8723
3 8705 8706 8724
3 8706 8725 8724
3 8706 8707 8725
3 8707 8726 8725
3 8707 8708 8726
3 8708 8727 8726
3 8708 8709 8727
3 8709 8728 8727
3 8709 8710 8728
3 8710 8729 8728
3 8710 8711 8729
3 8711 8730 8729
3 8711 8712 8730
3 8712 8731 8730
3 8712 8713 8731
3 8713 8732 8731
3 8713 8714 8732
3 8714 8733 8732
3 8714 8715 8733
3 8715 8734 8733
3 8715 8716 8734
3 8716 8735 8734
3 8716 8717 8735
3 8717 8736 8735
3 8717 8718 8736
3 8718 8737 8736
3 8718 8719 8737
3 8719 8738 8737
3 8719 8720 8738
3 8720 8739 8738
3 8721 8722 8740
3 8722 8741 8740
3 8722 8723 8741
3 8723 8742 8741
3 8723 8724 8742
3 8724 8743 8742
3 8724 8725 8743
3 8725 8744 8743
3 8725 8726 8744
3 8726 8745 8744
3 8726 8727 8745
3 8727 8746 8745
3 8727 8728 8746
3 8728 8747 8746
3 8728 8729 8747
3 8729 8748 8747
3 8729 8730 8748
3 8730 8749 8748
3 8730 8731 8749
3 8731 8750 8749
3 8731 8732 8750
3 8732 8751 8750
3 8732 8733 8751
3 8733 8752 8751
3 8733 8734 8752
3 8734 8753 8752
3 8734 8735 8753
3 8735 8754 8753
3 8735 8736 8754
3 8736 8755 8754
3 8736 8737 8755
3 8737 8756 8755
3 8737 8738 8756
3 8738 8757 8756
3 8738 8739 8757
3 8739 8758 8757
3 8740 8741 8759
3 8741 8760 8759
3 8741 8742 8760
3 8742 8761 8760
3 8742 8743 8761
3 8743 8762 8761
3 8743 8744 8762
3 8744 8763 8762
3 8744 8745 8763
3 8745 8764 8763
3 8745 8746 8764
3 8746 8765 8764
3 8746 8747 8765
3 8747 8766 8765
3 8747 8748 8766
3 8748 8767 8766
3 8748 8749 8767
3 8749 8768 8767
3 8749 8750 8768
3 8750 8769 8768
3 8750 8751 8769
3 8751 8770 8769
3 8751 8752 8770
3 8752 8771 8770
3 8752 8753 8771
3 8753 8772 8771
3 8753 8754 8772
3 8754 8773 8772
3 8754 8755 8773
3 8755 8774 8773
3 8755 8756 8774
3 8756 8775 8774
3 8756 8757 8775
3 8757 8776 8775
3 8757 8758 8776
3 8758 8777 8776
3 8778 8779 8797
3 8779 8798 8797
3 8779 8780 8798
3 8780 8799 8798
3 8780 8781 8799
3 8781 8800 8799
3 8781 8782 8800
3 8782 8801 8800
3 8782 8783 8801
3 8783 8802 8801
3 8783 8784 8802
3 8784 8803 8802
3 8784 8785 8803
3 8785 8804 8803
3 8785 8786 8804
3 8786 8805 8804
3 8786 8787 8805
3 8787 8806 8805
3 8787 8788 8806
3 8788 8807 8806
3 8788 8789 8807
3 8789 8808 8807
3 8789 8790 8808
3 8790 8809 8808
3 8790 8791 8809
3 8791 8810 8809
3 8791 8792 8810
3 8792 8811 8810
3 8792 8793 8811
3 8793 8812 8811
3 8793 8794 8812
3 8794 8813 8812
3 8794 8795 8813
3 8795 8814 8813
3 8795 8796 8814
3 8796 8815 8814
3 8797 8798 8816
3 8798 8817 8816
3 8798 8799 8817
3 8799 8818 8817
3 8799 8800 8818
3 8800 8819 8818
3 8800 8801 8819
3 8801 8820 8819
3 8801 8802 8820
3 8802 8821 8820
3 8802 8803 8821
3 8803 8822 8821
3 8803 8804 8822
3 8804 8823 8822
3 8804 8805 8823
3 8805 8824 8823
3 8805 8806 8824
3 8806 8825 8824
3 8806 8807 8825
3 8807 8826 8825
3 8807 8808 8826
3 8808 8827 8826
3 8808 8809 8827
3 8809 8828 8827
3 8809 8810 8828
3 8810 8829 8828
3 8810 8811 8829
3 8811 8830 8829
3 8811 8812 8830
3 8812 8831 8830
3 8812 8813 8831
3 8813 8832 8831
3 8813 8814 8832
3 8814 8833 8832
3 8814 8815 8833
3 8815 8834 8833
3 8816 8817 8835
3 8817 8836 8835
3 8817 8818 8836
3 8818 8837 8836
3 8818 8819 8837
3 8819 8838 8837
3 8819 8820 8838
3 8820 8839 8838
3 8820 8821 8839
3 8821 8840 8839
3 8821 8822 8840
3 8822 8841 8840
3 8822 8823 8841
3 8823 8842 8841
3 8823 8824 8842
3 8824 8843 8842
3 8824 8825 8843
3 8825 8844 8843
3 8825 8826 8844
3 8826 8845 8844
3 8826 8827 8845
3 8827 8846 8845
3 8827 8828 8846
3 8828 8847 8846
3 8828 8829 8847
3 8829 8848 8847
3 8829 8830 8848
3 8830 8849 8848
3 8830 8831 8849
3 8831 8850 8849
3 8831 8832 8850
3 8832 8851 8850
3 8832 8833 8851
3 8833 8852 8851
3 8833 8834 8852
3 8834 8853 8852
3 8835 8836 8854
3 8836 8855 8854
3 8836 8837 8855
3 8837 8856 8855
3 8837 8838 8856
3 8838 8857 8856
3 8838 8839 8857
3 8839 8858 8857
3 8839 8840 8858
3 8840 8859 8858
3 8840 8841 8859
3 8841 8860 8859
3 8841 8842 8860
3 8842 8861 8860
3 8842 8843 8861
3 8843 8862 8861
3 8843 8844 8862
3 8844 8863 8862
3 8844 8845 8863
3 8845 8864 8863
3 8845 8846 8864
3 8846 8865 8864
3 8846 8847 8865
3 8847 8866 8865
3 8847 8848 8866
3 8848 8867 8866
3 8848 8849 8867
3 8849 8868 8867
3 8849 8850 8868
3 8850 8869 8868
3 8850 8851 8869
3 8851 8870 8869
3 8851 8852 8870
3 8852 8871 8870
3 8852 8853 8871
3 8853 8872 8871
3 8854 8855 8873
3 8855 8874 8873
3 8855 8856 8874
3 8856 8875 8874
3 8856 8857 8875
3 8857 8876 8875
3 8857 8858 8876
3 8858 8877 8876
3 8858 8859 8877
3 8859 8878 8877
3 8859 8860 8878
3 8860 8879 8878
3 8860 8861 8879
3 8861 8880 8879
3 8861 8862 8880
3 8862 8881 8880
3 8862 8863 8881
3 8863 8882 8881
3 8863 8864 8882
3 8864 8883 8882
3 8864 8865 8883
3 8865 8884 8883
3 8865 8866 8884
3 8866 8885 8884
3 8866 8867 8885
3 8867 8886 8885
3 8867 8868 8886
3 8868 8887 8886
3 8868 8869 8887
3 8869 8888 8887
3 8869 8870 8888
3 8870 8889 8888
3 8870 8871 8889
3 8871 8890 8889
3 8871 8872 8890
3 8872 8891 8890
3 8873 8874 8892
3 8874 8893 8892
3 8874 8875 8893
3 8875 8894 8893
3 8875 8876 8894
3 8876 8895 8894
3 8876 8877 8895
3 8877 8896 8895
3 8877 8878 8896
3 8878 8897 8896
3 8878 8879 8897
3 8879 8898 8897
3 8879 8880 8898
3 8880 8899 8898
3 8880 8881 8899
3 8881 8900 8899
3 8881 8882 8900
3 8882 8901 8900
3 8882 8883 8901
3 8883 8902 8901
3 8883 8884 8902
3 8884 8903 8902
3 8884 8885 8903
3 8885 8904 8903
3 8885 8886 8904
3 8886 8905 8904
3 8886 8887 8905
3 8887 8906 8905
3 8887 8888 8906
3 8888 8907 8906
3 8888 8889 8907
3 8889 8908 8907
3 8889 8890 8908
3 8890 8909 8908
3 8890 8891 8909
3 8891 8910 8909
3 8892 8893 8911
3 8893 8912 8911
3 8893 8894 8912
3 8894 8913 8912
3 8894 8895 8913
3 8895 8914 8913
3 8895 8896 8914
3 8896 8915 8914
3 8896 8897 8915
3 8897 8916 8915
3 8897 8898 8916
3 8898 8917 8916
3 8898 8899 8917
3 8899 8918 8917
3 8899 8900 8918
3 8900 8919 8918
3 8900 8901 8919
3 8901 8920 8919
3 8901 8902 8920
3 8902 8921 8920
3 8902 8903 8921
3 8903 8922 8921
3 8903 8904 8922
3 8904 8923 8922
3 8904 8905 8923
3 8905 8924 8923
3 8905 8906 8924
3 8906 8925 8924
3 8906 8907 8925
3 8907 8926 8925
3 8907 8908 8926
3 8908 8927 8926
3 8908 8909 8927
3 8909 8928 8927
3 8909 8910 8928
3 8910 8929 8928
3 8911 8912 8930
3 8912 8931 8930
3 8912 8913 8931
3 8913 8932 8931
3 8913 8914 8932
3 8914 8933 8932
3 8914 8915 8933
3 8915 8934 8933
3 8915 8916 8934
3 8916 8935 8934
3 8916 8917 8935
3 8917 8936 8935
3 8917 8918 8936
3 8918 8937 8936
3 8918 8919 8937
3 8919 8938 8937
3 8919 8920 8938
3 8920 8939 8938
3 8920 8921 8939
3 8921 8940 8939
3 8921 8922 8940
3 8922 8941 8940
3 8922 8923 8941
3 8923 8942 8941
3 8923 8924 8942
3 8924 8943 8942
3 8924 8925 8943
3 8925 8944 8943
3 8925 8926 8944
3 8926 8945 8944
3 8926 8927 8945
3 8927 8946 8945
3 8927 8928 8946
3 8928 8947 8946
3 8928 8929 8947
3 8929 8948 8947
3 8930 8931 8949
3 8931 8950 8949
3 8931 8932 8950
3 8932 8951 8950
3 8932 8933 8951
3 8933 8952 8951
3 8933 8934 8952
3 8934 8953 8952
3 8934 8935 8953
3 8935 8954 8953
3 8935 8936 8954
3 8936 8955 8954
3 8936 8937 8955
3 8937 8956 8955
3 8937 8938 8956
3 8938 8957 8956
3 8938 8939 8957
3 8939 8958 8957
3 8939 8940 8958
3 8940 8959 8958
3 8940 8941 8959
3 8941 8960 8959
3 8941 8942 8960
3 8942 8961 8960
3 8942 8943 8961
3 8943 8962 8961
3 8943 8944 8962
3 8944 8963 8962
3 8944 8945 8963
3 8945 8964 8963
3 8945 8946 8964
3 8946 8965 8964
3 8946 8947 8965
3 8947 8966 8965
3 8947 8948 8966
3 8948 8967 8966
3 8949 8950 8968
3 8950 8969 8968
3 8950 8951 8969
3 8951 8970 8969
3 8951 8952 8970
3 8952 8971 8970
3 8952 8953 8971
3 8953 8972 8971
3 8953 8954 8972
3 8954 8973 8972
3 8954 8955 8973
3 8955 8974 8973
3 8955 8956 8974
3 8956 8975 8974
3 8956 8957 8975
3 8957 8976 8975
3 8957 8958 8976
3 8958 8977 8976
3 8958 8959 8977
3 8959 8978 8977
3 8959 8960 8978
3 8960 8979 8978
3 8960 8961 8979
3 8961 8980 8979
3 8961 8962 8980
3 8962 8981 8980
3 8962 8963 8981
3 8963 8982 8981
3 8963 8964 8982
3 8964 8983 8982
3 8964 8965 8983
3 8965 8984 8983
3 8965 8966 8984
3 8966 8985 8984
3 8966 8967 8985
3 8967 8986 8985
3 8987 8988 9006
3 8988 9007 9006
3 8988 8989 9007
3 8989 9008 9007
3 8989 8990 9008
3 8990 9009 9008
3 8990 8991 9009
3 8991 9010 9009
3 8991 8992 9010
3 8992 9011 9010
3 8992 8993 9011
3 8993 9012 9011
3 8993 8994 9012
3 8994 9013 9012
3 8994 8995 9013
3 8995 9014 9013
3 8995 8996 9014
3 8996 9015 9014
3 8996 8997 9015
3 8997 9016 9015
3 8997 8998 9016
3 8998 9017 9016
3 8998 8999 9017
3 8999 9018 9017
3 8999 9000 9018
3 9000 9019 9018
3 9000 9001 9019
3 9001 9020 9019
3 9001 9002 9020
3 9002 9021 9020
3 9002 9003 9021
3 9003 9022 9021
3 9003 9004 9022
3 9004 9023 9022
3 9004 9005 9023
3 9005 9024 9023
3 9006 9007 9025
3 9007 9026 9025
3 9007 9008 9026
3 9008 9027 9026
3 9008 9009 9027
3 9009 9028 9027
3 9009 9010 9028
3 9010 9029 9028
3 9010 9011 9029
3 9011 9030 9029
3 9011 9012 9030
3 9012 9031 9030
3 9012 9013 9031
3 9013 9032 9031
3 9013 9014 9032
3 9014 9033 9032
3 9014 9015 9033
3 9015 9034 9033
3 9015 9016 9034
3 9016 9035 9034
3 9016 9017 9035
3 9017 9036 9035
3 9017 9018 9036
3 9018 9037 9036
3 9018 9019 9037
3 9019 9038 9037
3 9019 9020 9038
3 9020 9039 9038
3 9020 9021 9039
3 9021 9040 9039
3 9021 9022 9040
3 9022 9041 9040
3 9022 9023 9041
3 9023 9042 9041
3 9023 9024 9042
3 9024 9043 9042
3 9025 9026 9044
3 9026 9045 9044
3 9026 9027 9045
3 9027 9046 9045
3 9027 9028 9046
3 9028 9047 9046
3 9028 9029 9047
3 9029 9048 9047
3 9029 9030 9048
3 9030 9049 9048
3 9030 9031 9049
3 9031 9050 9049
3 9031 9032 9050
3 9032 9051 9050
3 9032 9033 9051
3 9033 9052 9051
3 9033 9034 9052
3 9034 9053 9052
3 9034 9035 9053
3 9035 9054 9053
3 9035 9036 9054
3 9036 9055 9054
3 9036 9037 9055
3 9037 9056 9055
3 9037 9038 9056
3 9038 9057 9056
3 9038 9039 9057
3 9039 9058 9057
3 9039 9040 9058
3 9040 9059 9058
3 9040 9041 9059
3 9041 9060 9059
3 9041 9042 9060
3 9042 9061 9060
3 9042 9043 9061
3 9043 9062 9061
3 9044 9045 9063
3 9045 9064 9063
3 9045 9046 9064
3 9046 9065 9064
3 9046 9047 9065
3 9047 9066 9065
3 9047 9048 9066
3 9048 9067 9066
3 9048 9049 9067
3 9049 9068 9067
3 9049 9050 9068
3 9050 9069 9068
3 9050 9051 9069
3 9051 9070 9069
3 9051 9052 9070
3 9052 9071 9070
3 9052 9053 9071
3 9053 9072 9071
3 9053 9054 9072
3 9054 9073 9072
3 9054 9055 9073
3 9055 9074 9073
3 9055 9056 9074
3 9056 9075 9074
3 9056 9057 9075
3 9057 9076 9075
3 9057 9058 9076
3 9058 9077 9076
3 9058 9059 9077
3 9059 9078 9077
3 9059 9060 9078
3 9060 9079 9078
3 9060 9061 9079
3 9061 9080 9079
3 9061 9062 9080
3 9062 9081 9080
3 9063 9064 9082
3 9064 9083 9082
3 9064 9065 9083
3 9065 9084 9083
3 9065 9066 9084
3 9066 9085 9084
3 9066 9067 9085
3 9067 9086 9085
3 9067 9068 9086
3 9068 9087 9086
3 9068 9069 9087
3 9069 9088 9087
3 9069 9070 9088
3 9070 9089 9088
3 9070 9071 9089
3 9071 9090 9089
3 9071 9072 9090
3 9072 9091 9090
3 9072 9073 9091
3 9073 9092 9091
3 9073 9074 9092
3 9074 9093 9092
3 9074 9075 9093
3 9075 9094 9093
3 9075 9076 9094
3 9076 9095 9094
3 9076 9077 9095
3 9077 9096 9095
3 9077 9078 9096
3 9078 9097 9096
3 9078 9079 9097
3 9079 9098 9097
3 9079 9080 9098
3 9080 9099 9098
3 9080 9081 9099
3 9081 9100 9099
3 9082 9083 9101
3 9083 9102 9101
3 9083 9084 9102
3 9084 9103 9102
3 9084 9085 9103
3 9085 9104 9103
3 9085 9086 9104
3 9086 9105 9104
3 9086 9087 9105
3 9087 9106 9105
3 9087 9088 9106
3 9088 9107 9106
3 9088 9089 9107
3 9089 9108 9107
3 9089 9090 9108
3 9090 9109 9108
3 9090 9091 9109
3 9091 9110 9109
3 9091 9092 9110
3 9092 9111 9110
3 9092 9093 9111
3 9093 9112 9111
3 9093 9094 9112
3 9094 9113 9112
3 9094 9095 9113
3 9095 9114 9113
3 9095 9096 9114
3 9096 9115 9114
3 9096 9097 9115
3 9097 9116 9115
3 9097 9098 9116
3 9098 9117 9116
3 9098 9099 9117
3 9099 9118 9117
3 9099 9100 9118
3 9100 9119 9118
3 9101 9102 9120
3 9102 9121 9120
3 9102 9103 9121
3 9103 9122 9121
3 9103 9104 9122
3 9104 9123 9122
3 9104 9105 9123
3 9105 9124 9123
3 9105 9106 9124
3 9106 9125 9124
3 9106 9107 9125
3 9107 9126 9125
3 9107 9108 9126
3 9108 9127 9126
3 9108 9109 9127
3 9109 9128 9127
3 9109 9110 9128
3 9110 9129 9128
3 9110 9111 9129
3 9111 9130 9129
3 9111 9112 9130
3 9112 9131 9130
3 9112 9113 9131
3 9113 9132 9131
3 9113 9114 9132
3 9114 9133 9132
3 9114 9115 9133
3 9115 9134 9133
3 9115 9116 9134
3 9116 9135 9134
3 9116 9117 9135
3 9117 9136 9135
3 9117 9118 9136
3 9118 9137 9136
3 9118 9119 9137
3 9119 9138 9137
3 9120 9121 9139
3 9121 9140 9139
3 9121 9122 9140
3 9122 9141 9140
3 9122 9123 9141
3 9123 9142 9141
3 9123 9124 9142
3 9124 9143 9142
3 9124 9125 9143
3 9125 9144 9143
3 9125 9126 9144
3 9126 9145 9144
3 9126 9127 9145
3 9127 9146 9145
3 9127 9128 9146
3 9128 9147 9146
3 9128 9129 9147
3 9129 9148 9147
3 9129 9130 9148
3 9130 9149 9148
3 9130 9131 9149
3 9131 9150 9149
3 9131 9132 9150
3 9132 9151 9150
3 9132 9133 9151
3 9133 9152 9151
3 9133 9134 9152
3 9134 9153 9152
3 9134 9135 9153
3 9135 9154 9153
3 9135 9136 9154
3 9136 9155 9154
3 9136 9137 9155
3 9137 9156 9155
3 9137 9138 9156
3 9138 9157 9156
3 9139 9140 9158
3 9140 9159 9158
3 9140 9141 9159
3 9141 9160 9159
3 9141 9142 9160
3 9142 9161 9160
3 9142 9143 9161
3 9143 9162 9161
3 9143 9144 9162
3 9144 9163 9162
3 9144 9145 9163
3 9145 9164 9163
3 9145 9146 9164
3 9146 9165 9164
3 9146 9147 9165
3 9147 9166 9165
3 9147 9148 9166
3 9148 9167 9166
3 9148 9149 9167
3 9149 9168 9167
3 9149 9150 9168
3 9150 9169 9168
3 9150 9151 9169
3 9151 9170 9169
3 9151 9152 9170
3 9152 9171 9170
3 9152 9153 9171
3 9153 9172 9171
3 9153 9154 9172
3 9154 9173 9172
3 9154 9155 9173
3 9155 9174 9173
3 9155 9156 9174
3 9156 9175 9174
3 9156 9157 9175
3 9157 9176 9175
3 9158 9159 9177
3 9159 9178 9177
3 9159 9160 9178
3 9160 9179 9178
3 9160 9161 9179
3 9161 9180 9179
3 9161 9162 9180
3 9162 9181 9180
3 9162 9163 9181
3 9163 9182 9181
3 9163 9164 9182
3 9164 9183 9182
3 9164 9165 9183
3 9165 9184 9183
3 9165 9166 9184
3 9166 9185 9184
3 9166 9167 9185
3 9167 9186 9185
3 9167 9168 9186
3 9168 9187 9186
3 9168 9169 9187
3 9169 9188 9187
3 9169 9170 9188
3 9170 9189 9188
3 9170 9171 9189
3 9171 9190 9189
3 9171 9172 9190
3 9172 9191 9190
3 9172 9173 9191
3 9173 9192 9191
3 9173 9174 9192
3 9174 9193 9192
3 9174 9175 9193
3 9175 9194 9193
3 9175 9176 9194
3 9176 9195 9194
3 9196 9197 9215
3 9197 9216 9215
3 9197 9198 9216
3 9198 9217 9216
3 9198 9199 9217
3 9199 9218 9217
3 9199 9200 9218
3 9200 9219 9218
3 9200 9201 9219
3 9201 9220 9219
3 9201 9202 9220
3 9202 9221 9220
3 9202 9203 9221
3 9203 9222 9221
3 9203 9204 9222
3 9204 9223 9222
3 9204 9205 9223
3 9205 9224 9223
3 9205 9206 9224
3 9206 9225 9224
3 9206 9207 9225
3 9207 9226 9225
3 9207 9208 9226
3 9208 9227 9226
3 9208 9209 9227
3 9209 9228 9227
3 9209 9210 9228
3 9210 9229 9228
3 9210 9211 9229
3 9211 9230 9229
3 9211 9212 9230
3 9212 9231 9230
3 9212 9213 9231
3 9213 9232 9231
3 9213 9214 9232
3 9214 9233 9232
3 9215 9216 9234
3 9216 9235 9234
3 9216 9217 9235
3 9217 9236 9235
3 9217 9218 9236
3 9218 9237 9236
3 9218 9219 9237
3 9219 9238 9237
3 9219 9220 9238
3 9220 9239 9238
3 9220 9221 9239
3 9221 9240 9239
3 9221 9222 9240
3 9222 9241 9240
3 9222 9223 9241
3 9223 9242 9241
3 9223 9224 9242
3 9224 9243 9242
3 9224 9225 9243
3 9225 9244 9243
3 9225 9226 9244
3 9226 9245 9244
3 9226 9227 9245
3 9227 9246 9245
3 9227 9228 9246
3 9228 9247 9246
3 9228 9229 9247
3 9229 9248 9247
3 9229 9230 9248
3 9230 9249 9248
3 9230 9231 9249
3 9231 9250 9249
3 9231 9232 9250
3 9232 9251 9250
3 9232 9233 9251
3 9233 9252 9251
3 9234 9235 9253
3 9235 9254 9253
3 9235 9236 9254
3 9236 9255 9254
3 9236 9237 9255
3 9237 9256 9255
3 9237 9238 9256
3 9238 9257 9256
3 9238 9239 9257
3 9239 9258 9257
3 9239 9240 9258
3 9240 9259 9258
3 9240 9241 9259
3 9241 9260 9259
3 9241 9242 9260
3 9242 9261 9260
3 9242 9243 9261
3 9243 9262 9261
3 9243 9244 9262
3 9244 9263 9262
3 9244 9245 9263
3 9245 9264 9263
3 9245 9246 9264
3 9246 9265 9264
3 9246 9247 9265
3 9247 9266 9265
3 9247 9248 9266
3 9248 9267 9266
3 9248 9249 9267
3 9249 9268 9267
3 9249 9250 9268
3 9250 9269 9268
3 9250 9251 9269
3 9251 9270 9269
3 9251 9252 9270
3 9252 9271 9270
3 9253 9254 9272
3 9254 9273 9272
3 9254 9255 9273
3 9255 9274 9273
3 9255 9256 9274
3 9256 9275 9274
3 9256 9257 9275
3 9257 9276 9275
3 9257 9258 9276
3 9258 9277 9276
3 9258 9259 9277
3 9259 9278 9277
3 9259 9260 9278
3 9260 9279 9278
3 9260 9261 9279
3 9261 9280 9279
3 9261 9262 9280
3 9262 9281 9280
3 9262 9263 9281
3 9263 9282 9281
3 9263 9264 9282
3 9264 9283 9282
3 9264 9265 9283
3 9265 9284 9283
3 9265 9266 9284
3 9266 9285 9284
3 9266 9267 9285
3 9267 9286 9285
3 9267 9268 9286
3 9268 9287 9286
3 9268 9269 9287
3 9269 9288 9287
3 9269 9270 9288
3 9270 9289 9288
3 9270 9271 9289
3 9271 9290 9289
3 9272 9273 9291
3 9273 9292 9291
3 9273 9274 9292
3 9274 9293 9292
3 9274 9275 9293
3 9275 9294 9293
3 9275 9276 9294
3 9276 9295 9294
3 9276 9277 9295
3 9277 9296 9295
3 9277 9278 9296
3 9278 9297 9296
3 9278 9279 9297
3 9279 9298 9297
3 9279 9280 9298
3 9280 9299 9298
3 9280 9281 9299
3 9281 9300 9299
3 9281 9282 9300
3 9282 9301 9300
3 9282 9283 9301
3 9283 9302 9301
3 9283 9284 9302
3 9284 9303 9302
3 9284 9285 9303
3 9285 9304 9303
3 9285 9286 9304
3 9286 9305 9304
3 9286 9287 9305
3 9287 9306 9305
3 9287 9288 9306
3 9288 9307 9306
3 9288 9289 9307
3 9289 9308 9307
3 9289 9290 9308
3 9290 9309 9308
3 9291 9292 9310
3 9292 9311 9310
3 9292 9293 9311
3 9293 9312 9311
3 9293 9294 9312
3 9294 9313 9312
3 9294 9295 9313
3 9295 9314 9313
3 9295 9296 9314
3 9296 9315 9314
3 9296 9297 9315
3 9297 9316 9315
3 9297 9298 9316
3 9298 9317 9316
3 9298 9299 9317
3 9299 9318 9317
3 9299 9300 9318
3 9300 9319 9318
3 9300 9301 9319
3 9301 9320 9319
3 9301 9302 9320
3 9302 9321 9320
3 9302 9303 9321
3 9303 9322 9321
3 9303 9304 9322
3 9304 9323 9322
3 9304 9305 9323
3 9305 9324 9323
3 9305 9306 9324
3 9306 9325 9324
3 9306 9307 9325
3 9307 9326 9325
3 9307 9308 9326
3 9308 9327 9326
3 9308 9309 9327
3 9309 9328 9327
3 9310 9311 9329
3 9311 9330 9329
3 9311 9312 9330
3 9312 9331 9330
3 9312 9313 9331
3 9313 9332 9331
3 9313 9314 9332
3 9314 9333 9332
3 9314 9315 9333
3 9315 9334 9333
3 9315 9316 9334
3 9316 9335 9334
3 9316 9317 9335
3 9317 9336 9335
3 9317 9318 9336
3 9318 9337 9336
3 9318 9319 9337
3 9319 9338 9337
3 9319 9320 9338
3 9320 9339 9338
3 9320 9321 9339
3 9321 9340 9339
3 9321 9322 9340
3 9322 9341 9340
3 9322 9323 9341
3 9323 9342 9341
3 9323 9324 9342
3 9324 9343 9342
3 9324 9325 9343
3 9325 9344 9343
3 9325 9326 9344
3 9326 9345 9344
3 9326 9327 9345
3 9327 9346 9345
3 9327 9328 9346
3 9328 9347 9346
3 9329 9330 9348
3 9330 9349 9348
3 9330 9331 9349
3 9331 9350 9349
3 9331 9332 9350
3 9332 9351 9350
3 9332 9333 9351
3 9333 9352 9351
3 9333 9334 9352
3 9334 9353 9352
3 9334 9335 9353
3 9335 9354 9353
3 9335 9336 9354
3 9336 9355 9354
3 9336 9337 9355
3 9337 9356 9355
3 9337 9338 9356
3 9338 9357 9356
3 9338 9339 9357
3 9339 9358 9357
3 9339 9340 9358
3 9340 9359 9358
3 9340 9341 9359
3 9341 9360 9359
3 9341 9342 9360
3 9342 9361 9360
3 9342 9343 9361
3 9343 9362 9361
3 9343 9344 9362
3 9344 9363 9362
3 9344 9345 9363
3 9345 9364 9363
3 9345 9346 9364
3 9346 9365 9364
3 9346 9347 9365
3 9347 9366 9365
3 9348 9349 9367
3 9349 9368 9367
3 9349 9350 9368
3 9350 9369 9368
3 9350 9351 9369
3 9351 9370 9369
3 9351 9352 9370
3 9352 9371 9370
3 9352 9353 9371
3 9353 9372 9371
3 9353 9354 9372
3 9354 9373 9372
3 9354 9355 9373
3 9355 9374 9373
3 9355 9356 9374
3 9356 9375 9374
3 9356 9357 9375
3 9357 9376 9375
3 9357 9358 9376
3 9358 9377 9376
3 9358 9359 9377
3 9359 9378 9377
3 9359 9360 9378
3 9360 9379 9378
3 9360 9361 9379
3 9361 9380 9379
3 9361 9362 9380
3 9362 9381 9380
3 9362 9363 9381
3 9363 9382 9381
3 9363 9364 9382
3 9364 9383 9382
3 9364 9365 9383
3 9365 9384 9383
3 9365 9366 9384
3 9366 9385 9384
3 9367 9368 9386
3 9368 9387 9386
3 9368 9369 9387
3 9369 9388 9387
3 9369 9370 9388
3 9370 9389 9388
3 9370 9371 9389
3 9371 9390 9389
3 9371 9372 9390
3 9372 9391 9390
3 9372 9373 9391
3 9373 9392 9391
3 9373 9374 9392
3 9374 9393 9392
3 9374 9375 9393
3 9375 9394 9393
3 9375 9376 9394
3 9376 9395 9394
3 9376 9377 9395
3 9377 9396 9395
3 9377 9378 9396
3 9378 9397 9396
3 9378 9379 9397
3 9379 9398 9397
3 9379 9380 9398
3 9380 9399 9398
3 9380 9381 9399
3 9381 9400 9399
3 9381 9382 9400
3 9382 9401 9400
3 9382 9383 9401
3 9383 9402 9401
3 9383 9384 9402
3 9384 9403 9402
3 9384 9385 9403
3 9385 9404 9403
3 9405 9406 9424
3 9406 9425 9424
3 9406 9407 9425
3 9407 9426 9425
3 9407 9408 9426
3 9408 9427 9426
3 9408 9409 9427
3 9409 9428 9427
3 9409 9410 9428
3 9410 9429 9428
3 9410 9411 9429
3 9411 9430 9429
3 9411 9412 9430
3 9412 9431 9430
3 9412 9413 9431
3 9413 9432 9431
3 9413 9414 9432
3 9414 9433 9432
3 9414 9415 9433
3 9415 9434 9433
3 9415 9416 9434
3 9416 9435 9434
3 9416 9417 9435
3 9417 9436 9435
3 9417 9418 9436
3 9418 9437 9436
3 9418 9419 9437
3 9419 9438 9437
3 9419 9420 9438
3 9420 9439 9438
3 9420 9421 9439
3 9421 9440 9439
3 9421 9422 9440
3 9422 9441 9440
3 9422 9423 9441
3 9423 9442 9441
3 9424 9425 9443
3 9425 9444 9443
3 9425 9426 9444
3 9426 9445 9444
3 9426 9427 9445
3 9427 9446 9445
3 9427 9428 9446
3 9428 9447 9446
3 9428 9429 9447
3 9429 9448 9447
3 9429 9430 9448
3 9430 9449 9448
3 9430 9431 9449
3 9431 9450 9449
3 9431 9432 9450
3 9432 9451 9450
3 9432 9433 9451
3 9433 9452 9451
3 9433 9434 9452
3 9434 9453 9452
3 9434 9435 9453
3 9435 9454 9453
3 9435 9436 9454
3 9436 9455 9454
3 9436 9437 9455
3 9437 9456 9455
3 9437 9438 9456
3 9438 9457 9456
3 9438 9439 9457
3 9439 9458 9457
3 9439 9440 9458
3 9440 9459 9458
3 9440 9441 9459
3 9441 9460 9459
3 9441 9442 9460
3 9442 9461 9460
3 9443 9444 9462
3 9444 9463 9462
3 9444 9445 9463
3 9445 9464 9463
3 9445 9446 9464
3 9446 9465 9464
3 9446 9447 9465
3 9447 9466 9465
3 9447 9448 9466
3 9448 9467 9466
3 9448 9449 9467
3 9449 9468 9467
3 9449 9450 9468
3 9450 9469 9468
3 9450 9451 9469
3 9451 9470 9469
3 9451 9452 9470
3 9452 9471 9470
3 9452 9453 9471
3 9453 9472 9471
3 9453 9454 9472
3 9454 9473 9472
3 9454 9455 9473
3 9455 9474 9473
3 9455 9456 9474
3 9456 9475 9474
3 9456 9457 9475
3 9457 9476 9475
3 9457 9458 9476
3 9458 9477 9476
3 9458 9459 9477
3 9459 9478 9477
3 9459 9460 9478
3 9460 9479 9478
3 9460 9461 9479
3 9461 9480 9479
3 9462 9463 9481
3 9463 9482 9481
3 9463 9464 9482
3 9464 9483 9482
3 9464 9465 9483
3 9465 9484 9483
3 9465 9466 9484
3 9466 9485 9484
3 9466 9467 9485
3 9467 9486 9485
3 9467 9468 9486
3 9468 9487 9486
3 9468 9469 9487
3 9469 9488 9487
3 9469 9470 9488
3 9470 9489 9488
3 9470 9471 9489
3 9471 9490 9489
3 9471 9472 9490
3 9472 9491 9490
3 9472 9473 9491
3 9473 9492 9491
3 9473 9474 9492
3 9474 9493 9492
3 9474 9475 9493
3 9475 9494 9493
3 9475 9476 9494
3 9476 9495 9494
3 9476 9477 9495
3 9477 9496 9495
3 9477 9478 9496
3 9478 9497 9496
3 9478 9479 9497
3 9479 9498 9497
3 9479 9480 9498
3 9480 9499 9498
3 9481 9482 9500
3 9482 9501 9500
3 9482 9483 9501
3 9483 9502 9501
3 9483 9484 9502
3 9484 9503 9502
3 9484 9485 9503
3 9485 9504 9503
3 9485 9486 9504
3 9486 9505 9504
3 9486 9487 9505
3 9487 9506 9505
3 9487 9488 9506
3 9488 9507 9506
3 9488 9489 9507
3 9489 9508 9507
3 9489 9490 9508
3 9490 9509 9508
3 9490 9491 9509
3 9491 9510 9509
3 9491 9492 9510
3 9492 9511 9510
3 9492 9493 9511
3 9493 9512 9511
3 9493 9494 9512
3 9494 9513 9512
3 9494 9495 9513
3 9495 9514 9513
3 9495 9496 9514
3 9496 9515 9514
3 9496 9497 9515
3 9497 9516 9515
3 9497 9498 9516
3 9498 9517 9516
3 9498 9499 9517
3 9499 9518 9517
3 9500 9501 9519
3 9501 9520 9519
3 9501 9502 9520
3 9502 9521 9520
3 9502 9503 9521
3 9503 9522 9521
3 9503 9504 9522
3 9504 9523 9522
3 9504 9505 9523
3 9505 9524 9523
3 9505 9506 9524
3 9506 9525 9524
3 9506 9507 9525
3 9507 9526 9525
3 9507 9508 9526
3 9508 9527 9526
3 9508 9509 9527
3 9509 9528 9527
3 9509 9510 9528
3 9510 9529 9528
3 9510 9511 9529
3 9511 9530 9529
3 9511 9512 9530
3 9512 9531 9530
3 9512 9513 9531
3 9513 9532 9531
3 9513 9514 9532
3 9514 9533 9532
3 9514 9515 9533
3 9515 9534 9533
3 9515 9516 9534
3 9516 9535 9534
3 9516 9517 9535
3 9517 9536 9535
3 9517 9518 9536
3 9518 9537 9536
3 9519 9520 9538
3 9520 9539 9538
3 9520 9521 9539
3 9521 9540 9539
3 9521 9522 9540
3 9522 9541 9540
3 9522 9523 9541
3 9523 9542 9541
3 9523 9524 9542
3 9524 9543 9542
3 9524 9525 9543
3 9525 9544 9543
3 9525 9526 9544
3 9526 9545 9544
3 9526 9527 9545
3 9527 9546 9545
3 9527 9528 9546
3 9528 9547 9546
3 9528 9529 9547
3 9529 9548 9547
3 9529 9530 9548
3 9530 9549 9548
3 9530 9531 9549
3 9531 9550 9549
3 9531 9532 9550
3 9532 9551 9550
3 9532 9533 9551
3 9533 9552 9551
3 9533 9534 9552
3 9534 9553 9552
3 9534 9535 9553
3 9535 9554 9553
3 9535 9536 9554
3 9536 9555 9554
3 9536 9537 9555
3 9537 9556 9555
3 9538 9539 9557
3 9539 9558 9557
3 9539 9540 9558
3 9540 9559 9558
3 9540 9541 9559
3 9541 9560 9559
3 9541 9542 9560
3 9542 9561 9560
3 9542 9543 9561
3 9543 9562 9561
3 9543 9544 9562
3 9544 9563 9562
3 9544 9545 9563
3 9545 9564 9563
3 9545 9546 9564
3 9546 9565 9564
3 9546 9547 9565
3 9547 9566 9565
3 9547 9548 9566
3 9548 9567 9566
3 9548 9549 9567
3 9549 9568 9567
3 9549 9550 9568
3 9550 9569 9568
3 9550 9551 9569
3 9551 9570 9569
3 9551 9552 9570
3 9552 9571 9570
3 9552 9553 9571
3 9553 9572 9571
3 9553 9554 9572
3 9554 9573 9572
3 9554 9555 9573
3 9555 9574 9573
3 9555 9556 9574
3 9556 9575 9574
3 9557 9558 9576
3 9558 9577 9576
3 9558 9559 9577
3 9559 9578 9577
3 9559 9560 9578
3 9560 9579 9578
3 9560 9561 9579
3 9561 9580 9579
3 9561 9562 9580
3 9562 9581 9580
3 9562 9563 9581
3 9563 9582 9581
3 9563 9564 9582
3 9564 9583 9582
3 9564 9565 9583
3 9565 9584 9583
3 9565 9566 9584
3 9566 9585 9584
3 9566 9567 9585
3 9567 9586 9585
3 9567 9568 9586
3 9568 9587 9586
3 9568 9569 9587
3 9569 9588 9587
3 9569 9570 9588
3 9570 9589 9588
3 9570 9571 9589
3 9571 9590 9589
3 9571 9572 9590
3 9572 9591 9590
3 9572 9573 9591
3 9573 9592 9591
3 9573 9574 9592
3 9574 9593 9592
3 9574 9575 9593
3 9575 9594 9593
3 9576 9577 9595
3 9577 9596 9595
3 9577 9578 9596
3 9578 9597 9596
3 9578 9579 9597
3 9579 9598 9597
3 9579 9580 9598
3 9580 9599 9598
3 9580 9581 9599
3 9581 9600 9599
3 9581 9582 9600
3 9582 9601 9600
3 9582 9583 9601
3 9583 9602 9601
3 9583 9584 9602
3 9584 9603 9602
3 9584 9585 9603
3 9585 9604 9603
3 9585 9586 9604
3 9586 9605 9604
3 9586 9587 9605
3 9587 9606 9605
3 9587 9588 9606
3 9588 9607 9606
3 9588 9589 9607
3 9589 9608 9607
3 9589 9590 9608
3 9590 9609 9608
3 9590 9591 9609
3 9591 9610 9609
3 9591 9592 9610
3 9592 9611 9610
3 9592 9593 9611
3 9593 9612 9611
3 9593 9594 9612
3 9594 9613 9612
3 9614 9615 9633
3 9615 9634 9633
3 9615 9616 9634
3 9616 9635 9634
3 9616 9617 9635
3 9617 9636 9635
3 9617 9618 9636
3 9618 9637 9636
3 9618 9619 9637
3 9619 9638 9637
3 9619 9620 9638
3 9620 9639 9638
3 9620 9621 9639
3 9621 9640 9639
3 9621 9622 9640
3 9622 9641 9640
3 9622 9623 9641
3 9623 9642 9641
3 9623 9624 9642
3 9624 9643 9642
3 9624 9625 9643
3 9625 9644 9643
3 9625 9626 9644
3 9626 9645 9644
3 9626 9627 9645
3 9627 9646 9645
3 9627 9628 9646
3 9628 9647 9646
3 9628 9629 9647
3 9629 9648 9647
3 9629 9630 9648
3 9630 9649 9648
3 9630 9631 9649
3 9631 9650 9649
3 9631 9632 9650
3 9632 9651 9650
3 9633 9634 9652
3 9634 9653 9652
3 9634 9635 9653
3 9635 9654 9653
3 9635 9636 9654
3 9636 9655 9654
3 9636 9637 9655
3 9637 9656 9655
3 9637 9638 9656
3 9638 9657 9656
3 9638 9639 9657
3 9639 9658 9657
3 9639 9640 9658
3 9640 9659 9658
3 9640 9641 9659
3 9641 9660 9659
3 9641 9642 9660
3 9642 9661 9660
3 9642 9643 9661
3 9643 9662 9661
3 9643 9644 9662
3 9644 9663 9662
3 9644 9645 9663
3 9645 9664 9663
3 9645 9646 9664
3 9646 9665 9664
3 9646 9647 9665
3 9647 9666 9665
3 9647 9648 9666
3 9648 9667 9666
3 9648 9649 9667
3 9649 9668 9667
3 9649 9650 9668
3 9650 9669 9668
3 9650 9651 9669
3 9651 9670 9669
3 9652 9653 9671
3 9653 9672 9671
3 9653 9654 9672
3 9654 9673 9672
3 9654 9655 9673
3 9655 9674 9673
3 9655 9656 9674
3 9656 9675 9674
3 9656 9657 9675
3 9657 9676 9675
3 9657 9658 9676
3 9658 9677 9676
3 9658 9659 9677
3 9659 9678 9677
3 9659 9660 9678
3 9660 9679 9678
3 9660 9661 9679
3 9661 9680 9679
3 9661 9662 9680
3 9662 9681 9680
3 9662 9663 9681
3 9663 9682 9681
3 9663 9664 9682
3 9664 9683 9682
3 9664 9665 9683
3 9665 9684 9683
3 9665 9666 9684
3 9666 9685 9684
3 9666 9667 9685
3 9667 9686 9685
3 9667 9668 9686
3 9668 9687 9686
3 9668 9669 9687
3 9669 9688 9687
3 9669 9670 9688
3 9670 9689 9688
3 9671 9672 9690
3 9672 9691 9690
3 9672 9673 9691
3 9673 9692 9691
3 9673 9674 9692
3 9674 9693 9692
3 9674 9675 9693
3 9675 9694 9693
3 9675 9676 9694
3 9676 9695 9694
3 9676 9677 9695
3 9677 9696 9695
3 9677 9678 9696
3 9678 9697 9696
3 9678 9679 9697
3 9679 9698 9697
3 9679 9680 9698
3 9680 9699 9698
3 9680 9681 9699
3 9681 9700 9699
3 9681 9682 9700
3 9682 9701 9700
3 9682 9683 9701
3 9683 9702 9701
3 9683 9684 9702
3 9684 9703 9702
3 9684 9685 9703
3 9685 9704 9703
3 9685 9686 9704
3 9686 9705 9704
3 9686 9687 9705
3 9687 9706 9705
3 9687 9688 9706
3 9688 9707 9706
3 9688 9689 9707
3 9689 9708 9707
3 9690 9691 9709
3 9691 9710 9709
3 9691 9692 9710
3 9692 9711 9710
3 9692 9693 9711
3 9693 9712 9711
3 9693 9694 9712
3 9694 9713 9712
3 9694 9695 9713
3 9695 9714 9713
3 9695 9696 9714
3 9696 9715 9714
3 9696 9697 9715
3 9697 9716 9715
3 9697 9698 9716
3 9698 9717 9716
3 9698 9699 9717
3 9699 9718 9717
3 9699 9700 9718
3 9700 9719 9718
3 9700 9701 9719
3 9701 9720 9719
3 9701 9702 9720
3 9702 9721 9720
3 9702 9703 9721
3 9703 9722 9721
3 9703 9704 9722
3 9704 9723 9722
3 9704 9705 9723
3 9705 9724 9723
3 9705 9706 9724
3 9706 9725 9724
3 9706 9707 9725
3 9707 9726 9725
3 9707 9708 9726
3 9708 9727 9726
3 9709 9710 9728
3 9710 9729 9728
3 9710 9711 9729
3 9711 9730 9729
3 9711 9712 9730
3 9712 9731 9730
3 9712 9713 9731
3 9713 9732 9731
3 9713 9714 9732
3 9714 9733 9732
3 9714 9715 9733
3 9715 9734 9733
3 9715 9716 9734
3 9716 9735 9734
3 9716 9717 9735
3 9717 9736 9735
3 9717 9718 9736
3 9718 9737 9736
3 9718 9719 9737
3 9719 9738 9737
3 9719 9720 9738
3 9720 9739 9738
3 9720 9721 9739
3 9721 9740 9739
3 9721 9722 9740
3 9722 9741 9740
3 9722 9723 9741
3 9723 9742 9741
3 9723 9724 9742
3 9724 9743 9742
3 9724 9725 9743
3 9725 9744 9743
3 9725 9726 9744
3 9726 9745 9744
3 9726 9727 9745
3 9727 9746 9745
3 9728 9729 9747
3 9729 9748 9747
3 9729 9730 9748
3 9730 9749 9748
3 9730 9731 9749
3 9731 9750 9749
3 9731 9732 9750
3 9732 9751 9750
3 9732 9733 9751
3 9733 9752 9751
3 9733 9734 9752
3 9734 9753 9752
3 9734 9735 9753
3 9735 9754 9753
3 9735 9736 9754
3 9736 9755 9754
3 9736 9737 9755
3 9737 9756 9755
3 9737 9738 9756
3 9738 9757 9756
3 9738 9739 9757
3 9739 9758 9757
3 9739 9740 9758
3 9740 9759 9758
3 9740 9741 9759
3 9741 9760 9759
3 9741 9742 9760
3 9742 9761 9760
3 9742 9743 9761
3 9743 9762 9761
3 9743 9744 9762
3 9744 9763 9762
3 9744 9745 9763
3 9745 9764 9763
3 9745 9746 9764
3 9746 9765 9764
3 9747 9748 9766
3 9748 9767 9766
3 9748 9749 9767
3 9749 9768 9767
3 9749 9750 9768
3 9750 9769 9768
3 9750 9751 9769
3 9751 9770 9769
3 9751 9752 9770
3 9752 9771 9770
3 9752 9753 9771
3 9753 9772 9771
3 9753 9754 9772
3 9754 9773 9772
3 9754 9755 9773
3 9755 9774 9773
3 9755 9756 9774
3 9756 9775 9774
3 9756 9757 9775
3 9757 9776 9775
3 9757 9758 9776
3 9758 9777 9776
3 9758 9759 9777
3 9759 9778 9777
3 9759 9760 9778
3 9760 9779 9778
3 9760 9761 9779
3 9761 9780 9779
3 9761 9762 9780
3 9762 9781 9780
3 9762 9763 9781
3 9763 9782 9781
3 9763 9764 9782
3 9764 9783 9782
3 9764 9765 9783
3 9765 9784 9783
3 9766 9767 9785
3 9767 9786 9785
3 9767 9768 9786
3 9768 9787 9786
3 9768 9769 9787
3 9769 9788 9787
3 9769 9770 9788
3 9770 9789 9788
3 9770 9771 9789
3 9771 9790 9789
3 9771 9772 9790
3 9772 9791 9790
3 9772 9773 9791
3 9773 9792 9791
3 9773 9774 9792
3 9774 9793 9792
3 9774 9775 9793
3 9775 9794 9793
3 9775 9776 9794
3 9776 9795 9794
3 9776 9777 9795
3 9777 9796 9795
3 9777 9778 9796
3 9778 9797 9796
3 9778 9779 9797
3 9779 9798 9797
3 9779 9780 9798
3 9780 9799 9798
3 9780 9781 9799
3 9781 9800 9799
3 9781 9782 9800
3 9782 9801 9800
3 9782 9783 9801
3 9783 9802 9801
3 9783 9784 9802
3 9784 9803 9802
3 9785 9786 9804
3 9786 9805 9804
3 9786 9787 9805
3 9787 9806 9805
3 9787 9788 9806
3 9788 9807 9806
3 9788 9789 9807
3 9789 9808 9807
3 9789 9790 9808
3 9790 9809 9808
3 9790 9791 9809
3 9791 9810 9809
3 9791 9792 9810
3 9792 9811 9810
3 9792 9793 9811
3 9793 9812 9811
3 9793 9794 9812
3 9794 9813 9812
3 9794 9795 9813
3 9795 9814 9813
3 9795 9796 9814
3 9796 9815 9814
3 9796 9797 9815
3 9797 9816 9815
3 9797 9798 9816
3 9798 9817 9816
3 9798 9799 9817
3 9799 9818 9817
3 9799 9800 9818
3 9800 9819 9818
3 9800 9801 9819
3 9801 9820 9819
3 9801 9802 9820
3 9802 9821 9820
3 9802 9803 9821
3 9803 9822 9821
3 9823 9824 9842
3 9824 9843 9842
3 9824 9825 9843
3 9825 9844 9843
3 9825 9826 9844
3 9826 9845 9844
3 9826 9827 9845
3 9827 9846 9845
3 9827 9828 9846
3 9828 9847 9846
3 9828 9829 9847
3 9829 9848 9847
3 9829 9830 9848
3 9830 9849 9848
3 9830 9831 9849
3 9831 9850 9849
3 9831 9832 9850
3 9832 9851 9850
3 9832 9833 9851
3 9833 9852 9851
3 9833 9834 9852
3 9834 9853 9852
3 9834 9835 9853
3 9835 9854 9853
3 9835 9836 9854
3 9836 9855 9854
3 9836 9837 9855
3 9837 9856 9855
3 9837 9838 9856
3 9838 9857 9856
3 9838 9839 9857
3 9839 9858 9857
3 9839 9840 9858
3 9840 9859 9858
3 9840 9841 9859
3 9841 9860 9859
3 9842 9843 9861
3 9843 9862 9861
3 9843 9844 9862
3 9844 9863 9862
3 9844 9845 9863
3 9845 9864 9863
3 9845 9846 9864
3 9846 9865 9864
3 9846 9847 9865
3 9847 9866 9865
3 9847 9848 9866
3 9848 9867 9866
3 9848 9849 9867
3 9849 9868 9867
3 9849 9850 9868
3 9850 9869 9868
3 9850 9851 9869
3 9851 9870 9869
3 9851 9852 9870
3 9852 9871 9870
3 9852 9853 9871
3 9853 9872 9871
3 9853 9854 9872
3 9854 9873 9872
3 9854 9855 9873
3 9855 9874 9873
3 9855 9856 9874
3 9856 9875 9874
3 9856 9857 9875
3 9857 9876 9875
3 9857 9858 9876
3 9858 9877 9876
3 9858 9859 9877
3 9859 9878 9877
3 9859 9860 9878
3 9860 9879 9878
3 9861 9862 9880
3 9862 9881 9880
3 9862 9863 9881
3 9863 9882 9881
3 9863 9864 9882
3 9864 9883 9882
3 9864 9865 9883
3 9865 9884 9883
3 9865 9866 9884
3 9866 9885 9884
3 9866 9867 9885
3 9867 9886 9885
3 9867 9868 9886
3 9868 9887 9886
3 9868 9869 9887
3 9869 9888 9887
3 9869 9870 9888
3 9870 9889 9888
3 9870 9871 9889
3 9871 9890 9889
3 9871 9872 9890
3 9872 9891 9890
3 9872 9873 9891
3 9873 9892 9891
3 9873 9874 9892
3 9874 9893 9892
3 9874 9875 9893
3 9875 9894 9893
3 9875 9876 9894
3 9876 9895 9894
3 9876 9877 9895
3 9877 9896 9895
3 9877 9878 9896
3 9878 9897 9896
3 9878 9879 9897
3 9879 9898 9897
3 9880 9881 9899
3 9881 9900 9899
3 9881 9882 9900
3 9882 9901 9900
3 9882 9883 9901
3 9883 9902 9901
3 9883 9884 9902
3 9884 9903 9902
3 9884 9885 9903
3 9885 9904 9903
3 9885 9886 9904
3 9886 9905 9904
3 9886 9887 9905
3 9887 9906 9905
3 9887 9888 9906
3 9888 9907 9906
3 9888 9889 9907
3 9889 9908 9907
3 9889 9890 9908
3 9890 9909 9908
3 9890 9891 9909
3 9891 9910 9909
3 9891 9892 9910
3 9892 9911 9910
3 9892 9893 9911
3 9893 9912 9911
3 9893 9894 9912
3 9894 9913 9912
3 9894 9895 9913
3 9895 9914 9913
3 9895 9896 9914
3 9896 9915 9914
3 9896 9897 9915
3 9897 9916 9915
3 9897 9898 9916
3 9898 9917 9916
3 9899 9900 9918
3 9900 9919 9918
3 9900 9901 9919
3 9901 9920 9919
3 9901 9902 9920
3 9902 9921 9920
3 9902 9903 9921
3 9903 9922 9921
3 9903 9904 9922
3 9904 9923 9922
3 9904 9905 9923
3 9905 9924 9923
3 9905 9906 9924
3 9906 9925 9924
3 9906 9907 9925
3 9907 9926 9925
3 9907 9908 9926
3 9908 9927 9926
3 9908 9909 9927
3 9909 9928 9927
3 9909 9910 9928
3 9910 9929 9928
3 9910 9911 9929
3 9911 9930 9929
3 9911 9912 9930
3 9912 9931 9930
3 9912 9913 9931
3 9913 9932 9931
3 9913 9914 9932
3 9914 9933 9932
3 9914 9915 9933
3 9915 9934 9933
3 9915 9916 9934
3 9916 9935 9934
3 9916 9917 9935
3 9917 9936 9935
3 9918 9919 9937
3 9919 9938 9937
3 9919 9920 9938
3 9920 9939 9938
3 9920 9921 9939
3 9921 9940 9939
3 9921 9922 9940
3 9922 9941 9940
3 9922 9923 9941
3 9923 9942 9941
3 9923 9924 9942
3 9924 9943 9942
3 9924 9925 9943
3 9925 9944 9943
3 9925 9926 9944
3 9926 9945 9944
3 9926 9927 9945
3 9927 9946 9945
3 9927 9928 9946
3 9928 9947 9946
3 9928 9929 9947
3 9929 9948 9947
3 9929 9930 9948
3 9930 9949 9948
3 9930 9931 9949
3 9931 9950 9949
3 9931 9932 9950
3 9932 9951 9950
3 9932 9933 9951
3 9933 9952 9951
3 9933 9934 9952
3 9934 9953 9952
3 9934 9935 9953
3 9935 9954 9953
3 9935 9936 9954
3 9936 9955 9954
3 9937 9938 9956
3 9938 9957 9956
3 9938 9939 9957
3 9939 9958 9957
3 9939 9940 9958
3 9940 9959 9958
3 9940 9941 9959
3 9941 9960 9959
3 9941 9942 9960
3 9942 9961 9960
3 9942 9943 9961
3 9943 9962 9961
3 9943 9944 9962
3 9944 9963 9962
3 9944 9945 9963
3 9945 9964 9963
3 9945 9946 9964
3 9946 9965 9964
3 9946 9947 9965
3 9947 9966 9965
3 9947 9948 9966
3 9948 9967 9966
3 9948 9949 9967
3 9949 9968 9967
3 9949 9950 9968
3 9950 9969 9968
3 9950 9951 9969
3 9951 9970 9969
3 9951 9952 9970
3 9952 9971 9970
3 9952 9953 9971
3 9953 9972 9971
3 9953 9954 9972
3 9954 9973 9972
3 9954 9955 9973
3 9955 9974 9973
3 9956 9957 9975
3 9957 9976 9975
3 9957 9958 9976
3 9958 9977 9976
3 9958 9959 9977
3 9959 9978 9977
3 9959 9960 9978
3 9960 9979 9978
3 9960 9961 9979
3 9961 9980 9979
3 9961 9962 9980
3 9962 9981 9980
3 9962 9963 9981
3 9963 9982 9981
3 9963 9964 9982
3 9964 9983 9982
3 9964 9965 9983
3 9965 9984 9983
3 9965 9966 9984
3 9966 9985 9984
3 9966 9967 9985
3 9967 9986 9985
3 9967 9968 9986
3 9968 9987 9986
3 9968 9969 9987
3 9969 9988 9987
3 9969 9970 9988
3 9970 9989 9988
3 9970 9971 9989
3 9971 9990 9989
3 9971 9972 9990
3 9972 9991 9990
3 9972 9973 9991
3 9973 9992 9991
3 9973 9974 9992
3 9974 9993 9992
3 9975 9976 9994
3 9976 9995 9994
3 9976 9977 9995
3 9977 9996 9995
3 9977 9978 9996
3 9978 9997 9996
3 9978 9979 9997
3 9979 9998 9997
3 9979 9980 9998
3 9980 9999 9998
3 9980 9981 9999
3 9981 10000 9999
3 9981 9982 10000
3 9982 10001 10000
3 9982 9983 10001
3 9983 10002 10001
3 9983 9984 10002
3 9984 10003 10002
3 9984 9985 10003
3 9985 10004 10003
3 9985 9986 10004
3 9986 10005 10004
3 9986 9987 10005
3 9987 10006 10005
3 9987 9988 10006
3 9988 10007 10006
3 9988 9989 10007
3 9989 10008 10007
3 9989 9990 10008
3 9990 10009 10008
3 9990 9991 10009
3 9991 10010 10009
3 9991 9992 10010
3 9992 10011 10010
3 9992 9993 10011
3 9993 10012 10011
3 9994 9995 10013
3 9995 10014 10013
3 9995 9996 10014
3 9996 10015 10014
3 9996 9997 10015
3 9997 10016 10015
3 9997 9998 10016
3 9998 10017 10016
3 9998 9999 10017
3 9999 10018 10017
3 9999 10000 10018
3 10000 10019 10018
3 10000 10001 10019
3 10001 10020 10019
3 10001 10002 10020
3 10002 10021 10020
3 10002 10003 10021
3 10003 10022 10021
3 10003 10004 10022
3 10004 10023 10022
3 10004 10005 10023
3 10005 10024 10023
3 10005 10006 10024
3 10006 10025 10024
3 10006 10007 10025
3 10007 10026 10025
3 10007 10008 10026
3 10008 10027 10026
3 10008 10009 10027
3 10009 10028 10027
3 10009 10010 10028
3 10010 10029 10028
3 10010 10011 10029
3 10011 10030 10029
3 10011 10012 10030
3 10012 10031 10030
3 10032 10033 10051
3 10033 10052 10051
3 10033 10034 10052
3 10034 10053 10052
3 10034 10035 10053
3 10035 10054 10053
3 10035 10036 10054
3 10036 10055 10054
3 10036 10037 10055
3 10037 10056 10055
3 10037 10038 10056
3 10038 10057 10056
3 10038 10039 10057
3 10039 10058 10057
3 10039 10040 10058
3 10040 10059 10058
3 10040 10041 10059
3 10041 10060 10059
3 10041 10042 10060
3 10042 10061 10060
3 10042 10043 10061
3 10043 10062 10061
3 10043 10044 10062
3 10044 10063 10062
3 10044 10045 10063
3 10045 10064 10063
3 10045 10046 10064
3 10046 10065 10064
3 10046 10047 10065
3 10047 10066 10065
3 10047 10048 10066
3 10048 10067 10066
3 10048 10049 10067
3 10049 10068 10067
3 10049 10050 10068
3 10050 10069 10068
3 10051 10052 10070
3 10052 10071 10070
3 10052 10053 10071
3 10053 10072 10071
3 10053 10054 10072
3 10054 10073 10072
3 10054 10055 10073
3 10055 10074 10073
3 10055 10056 10074
3 10056 10075 10074
3 10056 10057 10075
3 10057 10076 10075
3 10057 10058 10076
3 10058 10077 10076
3 10058 10059 10077
3 10059 10078 10077
3 10059 10060 10078
3 10060 10079 10078
3 10060 10061 10079
3 10061 10080 10079
3 10061 10062 10080
3 10062 10081 10080
3 10062 10063 10081
3 10063 10082 10081
3 10063 10064 10082
3 10064 10083 10082
3 10064 10065 10083
3 10065 10084 10083
3 10065 10066 10084
3 10066 10085 10084
3 10066 10067 10085
3 10067 10086 10085
3 10067 10068 10086
3 10068 10087 10086
3 10068 10069 10087
3 10069 10088 10087
3 10070 10071 10089
3 10071 10090 10089
3 10071 10072 10090
3 10072 10091 10090
3 10072 10073 10091
3 10073 10092 10091
3 10073 10074 10092
3 10074 10093 10092
3 10074 10075 10093
3 10075 10094 10093
3 10075 10076 10094
3 10076 10095 10094
3 10076 10077 10095
3 10077 10096 10095
3 10077 10078 10096
3 10078 10097 10096
3 10078 10079 10097
3 10079 10098 10097
3 10079 10080 10098
3 10080 10099 10098
3 10080 10081 10099
3 10081 10100 10099
3 10081 10082 10100
3 10082 10101 10100
3 10082 10083 10101
3 10083 10102 10101
3 10083 10084 10102
3 10084 10103 10102
3 10084 10085 10103
3 10085 10104 10103
3 10085 10086 10104
3 10086 10105 10104
3 10086 10087 10105
3 10087 10106 10105
3 10087 10088 10106
3 10088 10107 10106
3 10089 10090 10108
3 10090 10109 10108
3 10090 10091 10109
3 10091 10110 10109
3 10091 10092 10110
3 10092 10111 10110
3 10092 10093 10111
3 10093 10112 10111
3 10093 10094 10112
3 10094 10113 10112
3 10094 10095 10113
3 10095 10114 10113
3 10095 10096 10114
3 10096 10115 10114
3 10096 10097 10115
3 10097 10116 10115
3 10097 10098 10116
3 10098 10117 10116
3 10098 10099 10117
3 10099 10118 10117
3 10099 10100 10118
3 10100 10119 10118
3 10100 10101 10119
3 10101 10120 10119
3 10101 10102 10120
3 10102 10121 10120
3 10102 10103 10121
3 10103 10122 10121
3 10103 10104 10122
3 10104 10123 10122
3 10104 10105 10123
3 10105 10124 10123
3 10105 10106 10124
3 10106 10125 10124
3 10106 10107 10125
3 10107 10126 10125
3 10108 10109 10127
3 10109 10128 10127
3 10109 10110 10128
3 10110 10129 10128
3 10110 10111 10129
3 10111 10130 10129
3 10111 10112 10130
3 10112 10131 10130
3 10112 10113 10131
3 10113 10132 10131
3 10113 10114 10132
3 10114 10133 10132
3 10114 10115 10133
3 10115 10134 10133
3 10115 10116 10134
3 10116 10135 10134
3 10116 10117 10135
3 10117 10136 10135
3 10117 10118 10136
3 10118 10137 10136
3 10118 10119 10137
3 10119 10138 10137
3 10119 10120 10138
3 10120 10139 10138
3 10120 10121 10139
3 10121 10140 10139
3 10121 10122 10140
3 10122 10141 10140
3 10122 10123 10141
3 10123 10142 10141
3 10123 10124 10142
3 10124 10143 10142
3 10124 10125 10143
3 10125 10144 10143
3 10125 10126 10144
3 10126 10145 10144
3 10127 10128 10146
3 10128 10147 10146
3 10128 10129 10147
3 10129 10148 10147
3 10129 10130 10148
3 10130 10149 10148
3 10130 10131 10149
3 10131 10150 10149
3 10131 10132 10150
3 10132 10151 10150
3 10132 10133 10151
3 10133 10152 10151
3 10133 10134 10152
3 10134 10153 10152
3 10134 10135 10153
3 10135 10154 10153
3 10135 10136 10154
3 10136 10155 10154
3 10136 10137 10155
3 10137 10156 10155
3 10137 10138 10156
3 10138 10157 10156
3 10138 10139 10157
3 10139 10158 10157
3 10139 10140 10158
3 10140 10159 10158
3 10140 10141 10159
3 10141 10160 10159
3 10141 10142 10160
3 10142 10161 10160
3 10142 10143 10161
3 10143 10162 10161
3 10143 10144 10162
3 10144 10163 10162
3 10144 10145 10163
3 10145 10164 10163
3 10146 10147 10165
3 10147 10166 10165
3 10147 10148 10166
3 10148 10167 10166
3 10148 10149 10167
3 10149 10168 10167
3 10149 10150 10168
3 10150 10169 10168
3 10150 10151 10169
3 10151 10170 10169
3 10151 10152 10170
3 10152 10171 10170
3 10152 10153 10171
3 10153 10172 10171
3 10153 10154 10172
3 10154 10173 10172
3 10154 10155 10173
3 10155 10174 10173
3 10155 10156 10174
3 10156 10175 10174
3 10156 10157 10175
3 10157 10176 10175
3 10157 10158 10176
3 10158 10177 10176
3 10158 10159 10177
3 10159 10178 10177
3 10159 10160 10178
3 10160 10179 10178
3 10160 10161 10179
3 10161 10180 10179
3 10161 10162 10180
3 10162 10181 10180
3 10162 10163 10181
3 10163 10182 10181
3 10163 10164 10182
3 10164 10183 10182
3 10165 10166 10184
3 10166 10185 10184
3 10166 10167 10185
3 10167 10186 10185
3 10167 10168 10186
3 10168 10187 10186
3 10168 10169 10187
3 10169 10188 10187
3 10169 10170 10188
3 10170 10189 10188
3 10170 10171 10189
3 10171 10190 10189
3 10171 10172 10190
3 10172 10191 10190
3 10172 10173 10191
3 10173 10192 10191
3 10173 10174 10192
3 10174 10193 10192
3 10174 10175 10193
3 10175 10194 10193
3 10175 10176 10194
3 10176 10195 10194
3 10176 10177 10195
3 10177 10196 10195
3 10177 10178 10196
3 10178 10197 10196
3 10178 10179 10197
3 10179 10198 10197
3 10179 10180 10198
3 10180 10199 10198
3 10180 10181 10199
3 10181 10200 10199
3 10181 10182 10200
3 10182 10201 10200
3 10182 10183 10201
3 10183 10202 10201
3 10184 10185 10203
3 10185 10204 10203
3 10185 10186 10204
3 10186 10205 10204
3 10186 10187 10205
3 10187 10206 10205
3 10187 10188 10206
3 10188 10207 10206
3 10188 10189 10207
3 10189 10208 10207
3 10189 10190 10208
3 10190 10209 10208
3 10190 10191 10209
3 10191 10210 10209
3 10191 10192 10210
3 10192 10211 10210
3 10192 10193 10211
3 10193 10212 10211
3 10193 10194 10212
3 10194 10213 10212
3 10194 10195 10213
3 10195 10214 10213
3 10195 10196 10214
3 10196 10215 10214
3 10196 10197 10215
3 10197 10216 10215
3 10197 10198 10216
3 10198 10217 10216
3 10198 10199 10217
3 10199 10218 10217
3 10199 10200 10218
3 10200 10219 10218
3 10200 10201 10219
3 10201 10220 10219
3 10201 10202 10220
3 10202 10221 10220
3 10203 10204 10222
3 10204 10223 10222
3 10204 10205 10223
3 10205 10224 10223
3 10205 10206 10224
3 10206 10225 10224
3 10206 10207 10225
3 10207 10226 10225
3 10207 10208 10226
3 10208 10227 10226
3 10208 10209 10227
3 10209 10228 10227
3 10209 10210 10228
3 10210 10229 10228
3 10210 10211 10229
3 10211 10230 10229
3 10211 10212 10230
3 10212 10231 10230
3 10212 10213 10231
3 10213 10232 10231
3 10213 10214 10232
3 10214 10233 10232
3 10214 10215 10233
3 10215 10234 10233
3 10215 10216 10234
3 10216 10235 10234
3 10216 10217 10235
3 10217 10236 10235
3 10217 10218 10236
3 10218 10237 10236
3 10218 10219 10237
3 10219 10238 10237
3 10219 10220 10238
3 10220 10239 10238
3 10220 10221 10239
3 10221 10240 10239
3 10241 10242 10260
3 10242 10261 10260
3 10242 10243 10261
3 10243 10262 10261
3 10243 10244 10262
3 10244 10263 10262
3 10244 10245 10263
3 10245 10264 10263
3 10245 10246 10264
3 10246 10265 10264
3 10246 10247 10265
3 10247 10266 10265
3 10247 10248 10266
3 10248 10267 10266
3 10248 10249 10267
3 10249 10268 10267
3 10249 10250 10268
3 10250 10269 10268
3 10250 10251 10269
3 10251 10270 10269
3 10251 10252 10270
3 10252 10271 10270
3 10252 10253 10271
3 10253 10272 10271
3 10253 10254 10272
3 10254 10273 10272
3 10254 10255 10273
3 10255 10274 10273
3 10255 10256 10274
3 10256 10275 10274
3 10256 10257 10275
3 10257 10276 10275
3 10257 10258 10276
3 10258 10277 10276
3 10258 10259 10277
3 10259 10278 10277
3 10260 10261 10279
3 10261 10280 10279
3 10261 10262 10280
3 10262 10281 10280
3 10262 10263 10281
3 10263 10282 10281
3 10263 10264 10282
3 10264 10283 10282
3 10264 10265 10283
3 10265 10284 10283
3 10265 10266 10284
3 10266 10285 10284
3 10266 10267 10285
3 10267 10286 10285
3 10267 10268 10286
3 10268 10287 10286
3 10268 10269 10287
3 10269 10288 10287
3 10269 10270 10288
3 10270 10289 10288
3 10270 10271 10289
3 10271 10290 10289
3 10271 10272 10290
3 10272 10291 10290
3 10272 10273 10291
3 10273 10292 10291
3 10273 10274 10292
3 10274 10293 10292
3 10274 10275 10293
3 10275 10294 10293
3 10275 10276 10294
3 10276 10295 10294
3 10276 10277 10295
3 10277 10296 10295
3 10277 10278 10296
3 10278 10297 10296
3 10279 10280 10298
3 10280 10299 10298
3 10280 10281 10299
3 10281 10300 10299
3 10281 10282 10300
3 10282 10301 10300
3 10282 10283 10301
3 10283 10302 10301
3 10283 10284 10302
3 10284 10303 10302
3 10284 10285 10303
3 10285 10304 10303
3 10285 10286 10304
3 10286 10305 10304
3 10286 10287 10305
3 10287 10306 10305
3 10287 10288 10306
3 10288 10307 10306
3 10288 10289 10307
3 10289 10308 10307
3 10289 10290 10308
3 10290 10309 10308
3 10290 10291 10309
3 10291 10310 10309
3 10291 10292 10310
3 10292 10311 10310
3 10292 10293 10311
3 10293 10312 10311
3 10293 10294 10312
3 10294 10313 10312
3 10294 10295 10313
3 10295 10314 10313
3 10295 10296 10314
3 10296 10315 10314
3 10296 10297 10315
3 10297 10316 10315
3 10298 10299 10317
3 10299 10318 10317
3 10299 10300 10318
3 10300 10319 10318
3 10300 10301 10319
3 10301 10320 10319
3 10301 10302 10320
3 10302 10321 10320
3 10302 10303 10321
3 10303 10322 10321
3 10303 10304 10322
3 10304 10323 10322
3 10304 10305 10323
3 10305 10324 10323
3 10305 10306 10324
3 10306 10325 10324
3 10306 10307 10325
3 10307 10326 10325
3 10307 10308 10326
3 10308 10327 10326
3 10308 10309 10327
3 10309 10328 10327
3 10309 10310 10328
3 10310 10329 10328
3 10310 10311 10329
3 10311 10330 10329
3 10311 10312 10330
3 10312 10331 10330
3 10312 10313 10331
3 10313 10332 10331
3 10313 10314 10332
3 10314 10333 10332
3 10314 10315 10333
3 10315 10334 10333
3 10315 10316 10334
3 10316 10335 10334
3 10317 10318 10336
3 10318 10337 10336
3 10318 10319 10337
3 10319 10338 10337
3 10319 10320 10338
3 10320 10339 10338
3 10320 10321 10339
3 10321 10340 10339
3 10321 10322 10340
3 10322 10341 10340
3 10322 10323 10341
3 10323 10342 10341
3 10323 10324 10342
3 10324 10343 10342
3 10324 10325 10343
3 10325 10344 10343
3 10325 10326 10344
3 10326 10345 10344
3 10326 10327 10345
3 10327 10346 10345
3 10327 10328 10346
3 10328 10347 10346
3 10328 10329 10347
3 10329 10348 10347
3 10329 10330 10348
3 10330 10349 10348
3 10330 10331 10349
3 10331 10350 10349
3 10331 10332 10350
3 10332 10351 10350
3 10332 10333 10351
3 10333 10352 10351
3 10333 10334 10352
3 10334 10353 10352
3 10334 10335 10353
3 10335 10354 10353
3 10336 10337 10355
3 10337 10356 10355
3 10337 10338 10356
3 10338 10357 10356
3 10338 10339 10357
3 10339 10358 10357
3 10339 10340 10358
3 10340 10359 10358
3 10340 10341 10359
3 10341 10360 10359
3 10341 10342 10360
3 10342 10361 10360
3 10342 10343 10361
3 10343 10362 10361
3 10343 10344 10362
3 10344 10363 10362
3 10344 10345 10363
3 10345 10364 10363
3 10345 10346 10364
3 10346 10365 10364
3 10346 10347 10365
3 10347 10366 10365
3 10347 10348 10366
3 10348 10367 10366
3 10348 10349 10367
3 10349 10368 10367
3 10349 10350 10368
3 10350 10369 10368
3 10350 10351 10369
3 10351 10370 10369
3 10351 10352 10370
3 10352 10371 10370
3 10352 10353 10371
3 10353 10372 10371
3 10353 10354 10372
3 10354 10373 10372
3 10355 10356 10374
3 10356 10375 10374
3 10356 10357 10375
3 10357 10376 10375
3 10357 10358 10376
3 10358 10377 10376
3 10358 10359 10377
3 10359 10378 10377
3 10359 10360 10378
3 10360 10379 10378
3 10360 10361 10379
3 10361 10380 10379
3 10361 10362 10380
3 10362 10381 10380
3 10362 10363 10381
3 10363 10382 10381
3 10363 10364 10382
3 10364 10383 10382
3 10364 10365 10383
3 10365 10384 10383
3 10365 10366 10384
3 10366 10385 10384
3 10366 10367 10385
3 10367 10386 10385
3 10367 10368 10386
3 10368 10387 10386
3 10368 10369 10387
3 10369 10388 10387
3 10369 10370 10388
3 10370 10389 10388
3 10370 10371 10389
3 10371 10390 10389
3 10371 10372 10390
3 10372 10391 10390
3 10372 10373 10391
3 10373 10392 10391
3 10374 10375 10393
3 10375 10394 10393
3 10375 10376 10394
3 10376 10395 10394
3 10376 10377 10395
3 10377 10396 10395
3 10377 10378 10396
3 10378 10397 10396
3 10378 10379 10397
3 10379 10398 10397
3 10379 10380 10398
3 10380 10399 10398
3 10380 10381 10399
3 10381 10400 10399
3 10381 10382 10400
3 10382 10401 10400
3 10382 10383 10401
3 10383 10402 10401
3 10383 10384 10402
3 10384 10403 10402
3 10384 10385 10403
3 10385 10404 10403
3 10385 10386 10404
3 10386 10405 10404
3 10386 10387 10405
3 10387 10406 10405
3 10387 10388 10406
3 10388 10407 10406
3 10388 10389 10407
3 10389 10408 10407
3 10389 10390 10408
3 10390 10409 10408
3 10390 10391 10409
3 10391 10410 10409
3 10391 10392 10410
3 10392 10411 10410
3 10393 10394 10412
3 10394 10413 10412
3 10394 10395 10413
3 10395 10414 10413
3 10395 10396 10414
3 10396 10415 10414
3 10396 10397 10415
3 10397 10416 10415
3 10397 10398 10416
3 10398 10417 10416
3 10398 10399 10417
3 10399 10418 10417
3 10399 10400 10418
3 10400 10419 10418
3 10400 10401 10419
3 10401 10420 10419
3 10401 10402 10420
3 10402 10421 10420
3 10402 10403 10421
3 10403 10422 10421
3 10403 10404 10422
3 10404 10423 10422
3 10404 10405 10423
3 10405 10424 10423
3 10405 10406 10424
3 10406 10425 10424
3 10406 10407 10425
3 10407 10426 10425
3 10407 10408 10426
3 10408 10427 10426
3 10408 10409 10427
3 10409 10428 10427
3 10409 10410 10428
3 10410 10429 10428
3 10410 10411 10429
3 10411 10430 10429
3 10412 10413 10431
3 10413 10432 10431
3 10413 10414 10432
3 10414 10433 10432
3 10414 10415 10433
3 10415 10434 10433
3 10415 10416 10434
3 10416 10435 10434
3 10416 10417 10435
3 10417 10436 10435
3 10417 10418 10436
3 10418 10437 10436
3 10418 10419 10437
3 10419 10438 10437
3 10419 10420 10438
3 10420 10439 10438
3 10420 10421 10439
3 10421 10440 10439
3 10421 10422 10440
3 10422 10441 10440
3 10422 10423 10441
3 10423 10442 10441
3 10423 10424 10442
3 10424 10443 10442
3 10424 10425 10443
3 10425 10444 10443
3 10425 10426 10444
3 10426 10445 10444
3 10426 10427 10445
3 10427 10446 10445
3 10427 10428 10446
3 10428 10447 10446
3 10428 10429 10447
3 10429 10448 10447
3 10429 10430 10448
3 10430 10449 10448
3 10450 10451 10469
3 10451 10470 10469
3 10451 10452 10470
3 10452 10471 10470
3 10452 10453 10471
3 10453 10472 10471
3 10453 10454 10472
3 10454 10473 10472
3 10454 10455 10473
3 10455 10474 10473
3 10455 10456 10474
3 10456 10475 10474
3 10456 10457 10475
3 10457 10476 10475
3 10457 10458 10476
3 10458 10477 10476
3 10458 10459 10477
3 10459 10478 10477
3 10459 10460 10478
3 10460 10479 10478
3 10460 10461 10479
3 10461 10480 10479
3 10461 10462 10480
3 10462 10481 10480
3 10462 10463 10481
3 10463 10482 10481
3 10463 10464 10482
3 10464 10483 10482
3 10464 10465 10483
3 10465 10484 10483
3 10465 10466 10484
3 10466 10485 10484
3 10466 10467 10485
3 10467 10486 10485
3 10467 10468 10486
3 10468 10487 10486
3 10469 10470 10488
3 10470 10489 10488
3 10470 10471 10489
3 10471 10490 10489
3 10471 10472 10490
3 10472 10491 10490
3 10472 10473 10491
3 10473 10492 10491
3 10473 10474 10492
3 10474 10493 10492
3 10474 10475 10493
3 10475 10494 10493
3 10475 10476 10494
3 10476 10495 10494
3 10476 10477 10495
3 10477 10496 10495
3 10477 10478 10496
3 10478 10497 10496
3 10478 10479 10497
3 10479 10498 10497
3 10479 10480 10498
3 10480 10499 10498
3 10480 10481 10499
3 10481 10500 10499
3 10481 10482 10500
3 10482 10501 10500
3 10482 10483 10501
3 10483 10502 10501
3 10483 10484 10502
3 10484 10503 10502
3 10484 10485 10503
3 10485 10504 10503
3 10485 10486 10504
3 10486 10505 10504
3 10486 10487 10505
3 10487 10506 10505
3 10488 10489 10507
3 10489 10508 10507
3 10489 10490 10508
3 10490 10509 10508
3 10490 10491 10509
3 10491 10510 10509
3 10491 10492 10510
3 10492 10511 10510
3 10492 10493 10511
3 10493 10512 10511
3 10493 10494 10512
3 10494 10513 10512
3 10494 10495 10513
3 10495 10514 10513
3 10495 10496 10514
3 10496 10515 10514
3 10496 10497 10515
3 10497 10516 10515
3 10497 10498 10516
3 10498 10517 10516
3 10498 10499 10517
3 10499 10518 10517
3 10499 10500 10518
3 10500 10519 10518
3 10500 10501 10519
3 10501 10520 10519
3 10501 10502 10520
3 10502 10521 10520
3 10502 10503 10521
3 10503 10522 10521
3 10503 10504 10522
3 10504 10523 10522
3 10504 10505 10523
3 10505 10524 10523
3 10505 10506 10524
3 10506 10525 10524
3 10507 10508 10526
3 10508 10527 10526
3 10508 10509 10527
3 10509 10528 10527
3 10509 10510 10528
3 10510 10529 10528
3 10510 10511 10529
3 10511 10530 10529
3 10511 10512 10530
3 10512 10531 10530
3 10512 10513 10531
3 10513 10532 10531
3 10513 10514 10532
3 10514 10533 10532
3 10514 10515 10533
3 10515 10534 10533
3 10515 10516 10534
3 10516 10535 10534
3 10516 10517 10535
3 10517 10536 10535
3 10517 10518 10536
3 10518 10537 10536
3 10518 10519 10537
3 10519 10538 10537
3 10519 10520 10538
3 10520 10539 10538
3 10520 10521 10539
3 10521 10540 10539
3 10521 10522 10540
3 10522 10541 10540
3 10522 10523 10541
3 10523 10542 10541
3 10523 10524 10542
3 10524 10543 10542
3 10524 10525 10543
3 10525 10544 10543
3 10526 10527 10545
3 10527 10546 10545
3 10527 10528 10546
3 10528 10547 10546
3 10528 10529 10547
3 10529 10548 10547
3 10529 10530 10548
3 10530 10549 10548
3 10530 10531 10549
3 10531 10550 10549
3 10531 10532 10550
3 10532 10551 10550
3 10532 10533 10551
3 10533 10552 10551
3 10533 10534 10552
3 10534 10553 10552
3 10534 10535 10553
3 10535 10554 10553
3 10535 10536 10554
3 10536 10555 10554
3 10536 10537 10555
3 10537 10556 10555
3 10537 10538 10556
3 10538 10557 10556
3 10538 10539 10557
3 10539 10558 10557
3 10539 10540 10558
3 10540 10559 10558
3 10540 10541 10559
3 10541 10560 10559
3 10541 10542 10560
3 10542 10561 10560
3 10542 10543 10561
3 10543 10562 10561
3 10543 10544 10562
3 10544 10563 10562
3 10545 10546 10564
3 10546 10565 10564
3 10546 10547 10565
3 10547 10566 10565
3 10547 10548 10566
3 10548 10567 10566
3 10548 10549 10567
3 10549 10568 10567
3 10549 10550 10568
3 10550 10569 10568
3 10550 10551 10569
3 10551 10570 10569
3 10551 10552 10570
3 10552 10571 10570
3 10552 10553 10571
3 10553 10572 10571
3 10553 10554 10572
3 10554 10573 10572
3 10554 10555 10573
3 10555 10574 10573
3 10555 10556 10574
3 10556 10575 10574
3 10556 10557 10575
3 10557 10576 10575
3 10557 10558 10576
3 10558 10577 10576
3 10558 10559 10577
3 10559 10578 10577
3 10559 10560 10578
3 10560 10579 10578
3 10560 10561 10579
3 10561 10580 10579
3 10561 10562 10580
3 10562 10581 10580
3 10562 10563 10581
3 10563 10582 10581
3 10564 10565 10583
3 10565 10584 10583
3 10565 10566 10584
3 10566 10585 10584
3 10566 10567 10585
3 10567 10586 10585
3 10567 10568 10586
3 10568 10587 10586
3 10568 10569 10587
3 10569 10588 10587
3 10569 10570 10588
3 10570 10589 10588
3 10570 10571 10589
3 10571 10590 10589
3 10571 10572 10590
3 10572 10591 10590
3 10572 10573 10591
3 10573 10592 10591
3 10573 10574 10592
3 10574 10593 10592
3 10574 10575 10593
3 10575 10594 10593
3 10575 10576 10594
3 10576 10595 10594
3 10576 10577 10595
3 10577 10596 10595
3 10577 10578 10596
3 10578 10597 10596
3 10578 10579 10597
3 10579 10598 10597
3 10579 10580 10598
3 10580 10599 10598
3 10580 10581 10599
3 10581 10600 10599
3 10581 10582 10600
3 10582 10601 10600
3 10583 10584 10602
3 10584 10603 10602
3 10584 10585 10603
3 10585 10604 10603
3 10585 10586 10604
3 10586 10605 10604
3 10586 10587 10605
3 10587 10606 10605
3 10587 10588 10606
3 10588 10607 10606
3 10588 10589 10607
3 10589 10608 10607
3 10589 10590 10608
3 10590 10609 10608
3 10590 10591 10609
3 10591 10610 10609
3 10591 10592 10610
3 10592 10611 10610
3 10592 10593 10611
3 10593 10612 10611
3 10593 10594 10612
3 10594 10613 10612
3 10594 10595 10613
3 10595 10614 10613
3 10595 10596 10614
3 10596 10615 10614
3 10596 10597 10615
3 10597 10616 10615
3 10597 10598 10616
3 10598 10617 10616
3 10598 10599 10617
3 10599 10618 10617
3 10599 10600 10618
3 10600 10619 10618
3 10600 10601 10619
3 10601 10620 10619
3 10602 10603 10621
3 10603 10622 10621
3 10603 10604 10622
3 10604 10623 10622
3 10604 10605 10623
3 10605 10624 10623
3 10605 10606 10624
3 10606 10625 10624
3 10606 10607 10625
3 10607 10626 10625
3 10607 10608 10626
3 10608 10627 10626
3 10608 10609 10627
3 10609 10628 10627
3 10609 10610 10628
3 10610 10629 10628
3 10610 10611 10629
3 10611 10630 10629
3 10611 10612 10630
3 10612 10631 10630
3 10612 10613 10631
3 10613 10632 10631
3 10613 10614 10632
3 10614 10633 10632
3 10614 10615 10633
3 10615 10634 10633
3 10615 10616 10634
3 10616 10635 10634
3 10616 10617 10635
3 10617 10636 10635
3 10617 10618 10636
3 10618 10637 10636
3 10618 10619 10637
3 10619 10638 10637
3 10619 10620 10638
3 10620 10639 10638
3 10621 10622 10640
3 10622 10641 10640
3 10622 10623 10641
3 10623 10642 10641
3 10623 10624 10642
3 10624 10643 10642
3 10624 10625 10643
3 10625 10644 10643
3 10625 10626 10644
3 10626 10645 10644
3 10626 10627 10645
3 10627 10646 10645
3 10627 10628 10646
3 10628 10647 10646
3 10628 10629 10647
3 10629 10648 10647
3 10629 10630 10648
3 10630 10649 10648
3 10630 10631 10649
3 10631 10650 10649
3 10631 10632 10650
3 10632 10651 10650
3 10632 10633 10651
3 10633 10652 10651
3 10633 10634 10652
3 10634 10653 10652
3 10634 10635 10653
3 10635 10654 10653
3 10635 10636 10654
3 10636 10655 10654
3 10636 10637 10655
3 10637 10656 10655
3 10637 10638 10656
3 10638 10657 10656
3 10638 10639 10657
3 10639 10658 10657
3 10659 10660 10678
3 10660 10679 10678
3 10660 10661 10679
3 10661 10680 10679
3 10661 10662 10680
3 10662 10681 10680
3 10662 10663 10681
3 10663 10682 10681
3 10663 10664 10682
3 10664 10683 10682
3 10664 10665 10683
3 10665 10684 10683
3 10665 10666 10684
3 10666 10685 10684
3 10666 10667 10685
3 10667 10686 10685
3 10667 10668 10686
3 10668 10687 10686
3 10668 10669 10687
3 10669 10688 10687
3 10669 10670 10688
3 10670 10689 10688
3 10670 10671 10689
3 10671 10690 10689
3 10671 10672 10690
3 10672 10691 10690
3 10672 10673 10691
3 10673 10692 10691
3 10673 10674 10692
3 10674 10693 10692
3 10674 10675 10693
3 10675 10694 10693
3 10675 10676 10694
3 10676 10695 10694
3 10676 10677 10695
3 10677 10696 10695
3 10678 10679 10697
3 10679 10698 10697
3 10679 10680 10698
3 10680 10699 10698
3 10680 10681 10699
3 10681 10700 10699
3 10681 10682 10700
3 10682 10701 10700
3 10682 10683 10701
3 10683 10702 10701
3 10683 10684 10702
3 10684 10703 10702
3 10684 10685 10703
3 10685 10704 10703
3 10685 10686 10704
3 10686 10705 10704
3 10686 10687 10705
3 10687 10706 10705
3 10687 10688 10706
3 10688 10707 10706
3 10688 10689 10707
3 10689 10708 10707
3 10689 10690 10708
3 10690 10709 10708
3 10690 10691 10709
3 10691 10710 10709
3 10691 10692 10710
3 10692 10711 10710
3 10692 10693 10711
3 10693 10712 10711
3 10693 10694 10712
3 10694 10713 10712
3 10694 10695 10713
3 10695 10714 10713
3 10695 10696 10714
3 10696 10715 10714
3 10697 10698 10716
3 10698 10717 10716
3 10698 10699 10717
3 10699 10718 10717
3 10699 10700 10718
3 10700 10719 10718
3 10700 10701 10719
3 10701 10720 10719
3 10701 10702 10720
3 10702 10721 10720
3 10702 10703 10721
3 10703 10722 10721
3 10703 10704 10722
3 10704 10723 10722
3 10704 10705 10723
3 10705 10724 10723
3 10705 10706 10724
3 10706 10725 10724
3 10706 10707 10725
3 10707 10726 10725
3 10707 10708 10726
3 10708 10727 10726
3 10708 10709 10727
3 10709 10728 10727
3 10709 10710 10728
3 10710 10729 10728
3 10710 10711 10729
3 10711 10730 10729
3 10711 10712 10730
3 10712 10731 10730
3 10712 10713 10731
3 10713 10732 10731
3 10713 10714 10732
3 10714 10733 10732
3 10714 10715 10733
3 10715 10734 10733
3 10716 10717 10735
3 10717 10736 10735
3 10717 10718 10736
3 10718 10737 10736
3 10718 10719 10737
3 10719 10738 10737
3 10719 10720 10738
3 10720 10739 10738
3 10720 10721 10739
3 10721 10740 10739
3 10721 10722 10740
3 10722 10741 10740
3 10722 10723 10741
3 10723 10742 10741
3 10723 10724 10742
3 10724 10743 10742
3 10724 10725 10743
3 10725 10744 10743
3 10725 10726 10744
3 10726 10745 10744
3 10726 10727 10745
3 10727 10746 10745
3 10727 10728 10746
3 10728 10747 10746
3 10728 10729 10747
3 10729 10748 10747
3 10729 10730 10748
3 10730 10749 10748
3 10730 10731 10749
3 10731 10750 10749
3 10731 10732 10750
3 10732 10751 10750
3 10732 10733 10751
3 10733 10752 10751
3 10733 10734 10752
3 10734 10753 10752
3 10735 10736 10754
3 10736 10755 10754
3 10736 10737 10755
3 10737 10756 10755
3 10737 10738 10756
3 10738 10757 10756
3 10738 10739 10757
3 10739 10758 10757
3 10739 10740 10758
3 10740 10759 10758
3 10740 10741 10759
3 10741 10760 10759
3 10741 10742 10760
3 10742 10761 10760
3 10742 10743 10761
3 10743 10762 10761
3 10743 10744 10762
3 10744 10763 10762
3 10744 10745 10763
3 10745 10764 10763
3 10745 10746 10764
3 10746 10765 10764
3 10746 10747 10765
3 10747 10766 10765
3 10747 10748 10766
3 10748 10767 10766
3 10748 10749 10767
3 10749 10768 10767
3 10749 10750 10768
3 10750 10769 10768
3 10750 10751 10769
3 10751 10770 10769
3 10751 10752 10770
3 10752 10771 10770
3 10752 10753 10771
3 10753 10772 10771
3 10754 10755 10773
3 10755 10774 10773
3 10755 10756 10774
3 10756 10775 10774
3 10756 10757 10775
3 10757 10776 10775
3 10757 10758 10776
3 10758 10777 10776
3 10758 10759 10777
3 10759 10778 10777
3 10759 10760 10778
3 10760 10779 10778
3 10760 10761 10779
3 10761 10780 10779
3 10761 10762 10780
3 10762 10781 10780
3 10762 10763 10781
3 10763 10782 10781
3 10763 10764 10782
3 10764 10783 10782
3 10764 10765 10783
3 10765 10784 10783
3 10765 10766 10784
3 10766 10785 10784
3 10766 10767 10785
3 10767 10786 10785
3 10767 10768 10786
3 10768 10787 10786
3 10768 10769 10787
3 10769 10788 10787
3 10769 10770 10788
3 10770 10789 10788
3 10770 10771 10789
3 10771 10790 10789
3 10771 10772 10790
3 10772 10791 10790
3 10773 10774 10792
3 10774 10793 10792
3 10774 10775 10793
3 10775 10794 10793
3 10775 10776 10794
3 10776 10795 10794
3 10776 10777 10795
3 10777 10796 10795
3 10777 10778 10796
3 10778 10797 10796
3 10778 10779 10797
3 10779 10798 10797
3 10779 10780 10798
3 10780 10799 10798
3 10780 10781 10799
3 10781 10800 10799
3 10781 10782 10800
3 10782 10801 10800
3 10782 10783 10801
3 10783 10802 10801
3 10783 10784 10802
3 10784 10803 10802
3 10784 10785 10803
3 10785 10804 10803
3 10785 10786 10804
3 10786 10805 10804
3 10786 10787 10805
3 10787 10806 10805
3 10787 10788 10806
3 10788 10807 10806
3 10788 10789 10807
3 10789 10808 10807
3 10789 10790 10808
3 10790 10809 10808
3 10790 10791 10809
3 10791 10810 10809
3 10792 10793 10811
3 10793 10812 10811
3 10793 10794 10812
3 10794 10813 10812
3 10794 10795 10813
3 10795 10814 10813
3 10795 10796 10814
3 10796 10815 10814
3 10796 10797 10815
3 10797 10816 10815
3 10797 10798 10816
3 10798 10817 10816
3 10798 10799 10817
3 10799 10818 10817
3 10799 10800 10818
3 10800 10819 10818
3 10800 10801 10819
3 10801 10820 10819
3 10801 10802 10820
3 10802 10821 10820
3 10802 10803 10821
3 10803 10822 10821
3 10803 10804 10822
3 10804 10823 10822
3 10804 10805 10823
3 10805 10824 10823
3 10805 10806 10824
3 10806 10825 10824
3 10806 10807 10825
3 10807 10826 10825
3 10807 10808 10826
3 10808 10827 10826
3 10808 10809 10827
3 10809 10828 10827
3 10809 10810 10828
3 10810 10829 10828
3 10811 10812 10830
3 10812 10831 10830
3 10812 10813 10831
3 10813 10832 10831
3 10813 10814 10832
3 10814 10833 10832
3 10814 10815 10833
3 10815 10834 10833
3 10815 10816 10834
3 10816 10835 10834
3 10816 10817 10835
3 10817 10836 10835
3 10817 10818 10836
3 10818 10837 10836
3 10818 10819 10837
3 10819 10838 10837
3 10819 10820 10838
3 10820 10839 10838
3 10820 10821 10839
3 10821 10840 10839
3 10821 10822 10840
3 10822 10841 10840
3 10822 10823 10841
3 10823 10842 10841
3 10823 10824 10842
3 10824 10843 10842
3 10824 10825 10843
3 10825 10844 10843
3 10825 10826 10844
3 10826 10845 10844
3 10826 10827 10845
3 10827 10846 10845
3 10827 10828 10846
3 10828 10847 10846
3 10828 10829 10847
3 10829 10848 10847
3 10830 10831 10849
3 10831 10850 10849
3 10831 10832 10850
3 10832 10851 10850
3 10832 10833 10851
3 10833 10852 10851
3 10833 10834 10852
3 10834 10853 10852
3 10834 10835 10853
3 10835 10854 10853
3 10835 10836 10854
3 10836 10855 10854
3 10836 10837 10855
3 10837 10856 10855
3 10837 10838 10856
3 10838 10857 10856
3 10838 10839 10857
3 10839 10858 10857
3 10839 10840 10858
3 10840 10859 10858
3 10840 10841 10859
3 10841 10860 10859
3 10841 10842 10860
3 10842 10861 10860
3 10842 10843 10861
3 10843 10862 10861
3 10843 10844 10862
3 10844 10863 10862
3 10844 10845 10863
3 10845 10864 10863
3 10845 10846 10864
3 10846 10865 10864
3 10846 10847 10865
3 10847 10866 10865
3 10847 10848 10866
3 10848 10867 10866
3 10868 10869 10887
3 10869 10888 10887
3 10869 10870 10888
3 10870 10889 10888
3 10870 10871 10889
3 10871 10890 10889
3 10871 10872 10890
3 10872 10891 10890
3 10872 10873 10891
3 10873 10892 10891
3 10873 10874 10892
3 10874 10893 10892
3 10874 10875 10893
3 10875 10894 10893
3 10875 10876 10894
3 10876 10895 10894
3 10876 10877 10895
3 10877 10896 10895
3 10877 10878 10896
3 10878 10897 10896
3 10878 10879 10897
3 10879 10898 10897
3 10879 10880 10898
3 10880 10899 10898
3 10880 10881 10899
3 10881 10900 10899
3 10881 10882 10900
3 10882 10901 10900
3 10882 10883 10901
3 10883 10902 10901
3 10883 10884 10902
3 10884 10903 10902
3 10884 10885 10903
3 10885 10904 10903
3 10885 10886 10904
3 10886 10905 10904
3 10887 10888 10906
3 10888 10907 10906
3 10888 10889 10907
3 10889 10908 10907
3 10889 10890 10908
3 10890 10909 10908
3 10890 10891 10909
3 10891 10910 10909
3 10891 10892 10910
3 10892 10911 10910
3 10892 10893 10911
3 10893 10912 10911
3 10893 10894 10912
3 10894 10913 10912
3 10894 10895 10913
3 10895 10914 10913
3 10895 10896 10914
3 10896 10915 10914
3 10896 10897 10915
3 10897 10916 10915
3 10897 10898 10916
3 10898 10917 10916
3 10898 10899 10917
3 10899 10918 10917
3 10899 10900 10918
3 10900 10919 10918
3 10900 10901 10919
3 10901 10920 10919
3 10901 10902 10920
3 10902 10921 10920
3 10902 10903 10921
3 10903 10922 10921
3 10903 10904 10922
3 10904 10923 10922
3 10904 10905 10923
3 10905 10924 10923
3 10906 10907 10925
3 10907 10926 10925
3 10907 10908 10926
3 10908 10927 10926
3 10908 10909 10927
3 10909 10928 10927
3 10909 10910 10928
3 10910 10929 10928
3 10910 10911 10929
3 10911 10930 10929
3 10911 10912 10930
3 10912 10931 10930
3 10912 10913 10931
3 10913 10932 10931
3 10913 10914 10932
3 10914 10933 10932
3 10914 10915 10933
3 10915 10934 10933
3 10915 10916 10934
3 10916 10935 10934
3 10916 10917 10935
3 10917 10936 10935
3 10917 10918 10936
3 10918 10937 10936
3 10918 10919 10937
3 10919 10938 10937
3 10919 10920 10938
3 10920 10939 10938
3 10920 10921 10939
3 10921 10940 10939
3 10921 10922 10940
3 10922 10941 10940
3 10922 10923 10941
3 10923 10942 10941
3 10923 10924 10942
3 10924 10943 10942
3 10925 10926 10944
3 10926 10945 10944
3 10926 10927 10945
3 10927 10946 10945
3 10927 10928 10946
3 10928 10947 10946
3 10928 10929 10947
3 10929 10948 10947
3 10929 10930 10948
3 10930 10949 10948
3 10930 10931 10949
3 10931 10950 10949
3 10931 10932 10950
3 10932 10951 10950
3 10932 10933 10951
3 10933 10952 10951
3 10933 10934 10952
3 10934 10953 10952
3 10934 10935 10953
3 10935 10954 10953
3 10935 10936 10954
3 10936 10955 10954
3 10936 10937 10955
3 10937 10956 10955
3 10937 10938 10956
3 10938 10957 10956
3 10938 10939 10957
3 10939 10958 10957
3 10939 10940 10958
3 10940 10959 10958
3 10940 10941 10959
3 10941 10960 10959
3 10941 10942 10960
3 10942 10961 10960
3 10942 10943 10961
3 10943 10962 10961
3 10944 10945 10963
3 10945 10964 10963
3 10945 10946 10964
3 10946 10965 10964
3 10946 10947 10965
3 10947 10966 10965
3 10947 10948 10966
3 10948 10967 10966
3 10948 10949 10967
3 10949 10968 10967
3 10949 10950 10968
3 10950 10969 10968
3 10950 10951 10969
3 10951 10970 10969
3 10951 10952 10970
3 10952 10971 10970
3 10952 10953 10971
3 10953 10972 10971
3 10953 10954 10972
3 10954 10973 10972
3 10954 10955 10973
3 10955 10974 10973
3 10955 10956 10974
3 10956 10975 10974
3 10956 10957 10975
3 10957 10976 10975
3 10957 10958 10976
3 10958 10977 10976
3 10958 10959 10977
3 10959 10978 10977
3 10959 10960 10978
3 10960 10979 10978
3 10960 10961 10979
3 10961 10980 10979
3 10961 10962 10980
3 10962 10981 10980
3 10963 10964 10982
3 10964 10983 10982
3 10964 10965 10983
3 10965 10984 10983
3 10965 10966 10984
3 10966 10985 10984
3 10966 10967 10985
3 10967 10986 10985
3 10967 10968 10986
3 10968 10987 10986
3 10968 10969 10987
3 10969 10988 10987
3 10969 10970 10988
3 10970 10989 10988
3 10970 10971 10989
3 10971 10990 10989
3 10971 10972 10990
3 10972 10991 10990
3 10972 10973 10991
3 10973 10992 10991
3 10973 10974 10992
3 10974 10993 10992
3 10974 10975 10993
3 10975 10994 10993
3 10975 10976 10994
3 10976 10995 10994
3 10976 10977 10995
3 10977 10996 10995
3 10977 10978 10996
3 10978 10997 10996
3 10978 10979 10997
3 10979 10998 10997
3 10979 10980 10998
3 10980 10999 10998
3 10980 10981 10999
3 10981 11000 10999
3 10982 10983 11001
3 10983 11002 11001
3 10983 10984 11002
3 10984 11003 11002
3 10984 10985 11003
3 10985 11004 11003
3 10985 10986 11004
3 10986 11005 11004
3 10986 10987 11005
3 10987 11006 11005
3 10987 10988 11006
3 10988 11007 11006
3 10988 10989 11007
3 10989 11008 11007
3 10989 10990 11008
3 10990 11009 11008
3 10990 10991 11009
3 10991 11010 11009
3 10991 10992 11010
3 10992 11011 11010
3 10992 10993 11011
3 10993 11012 11011
3 10993 10994 11012
3 10994 11013 11012
3 10994 10995 11013
3 10995 11014 11013
3 10995 10996 11014
3 10996 11015 11014
3 10996 10997 11015
3 10997 11016 11015
3 10997 10998 11016
3 10998 11017 11016
3 10998 10999 11017
3 10999 11018 11017
3 10999 11000 11018
3 11000 11019 11018
3 11001 11002 11020
3 11002 11021 11020
3 11002 11003 11021
3 11003 11022 11021
3 11003 11004 11022
3 11004 11023 11022
3 11004 11005 11023
3 11005 11024 11023
3 11005 11006 11024
3 11006 11025 11024
3 11006 11007 11025
3 11007 11026 11025
3 11007 11008 11026
3 11008 11027 11026
3 11008 11009 11027
3 11009 11028 11027
3 11009 11010 11028
3 11010 11029 11028
3 11010 11011 11029
3 11011 11030 11029
3 11011 11012 11030
3 11012 11031 11030
3 11012 11013 11031
3 11013 11032 11031
3 11013 11014 11032
3 11014 11033 11032
3 11014 11015 11033
3 11015 11034 11033
3 11015 11016 11034
3 11016 11035 11034
3 11016 11017 11035
3 11017 11036 11035
3 11017 11018 11036
3 11018 11037 11036
3 11018 11019 11037
3 11019 11038 11037
3 11020 11021 11039
3 11021 11040 11039
3 11021 11022 11040
3 11022 11041 11040
3 11022 11023 11041
3 11023 11042 11041
3 11023 11024 11042
3 11024 11043 11042
3 11024 11025 11043
3 11025 11044 11043
3 11025 11026 11044
3 11026 11045 11044
3 11026 11027 11045
3 11027 11046 11045
3 11027 11028 11046
3 11028 11047 11046
3 11028 11029 11047
3 11029 11048 11047
3 11029 11030 11048
3 11030 11049 11048
3 11030 11031 11049
3 11031 11050 11049
3 11031 11032 11050
3 11032 11051 11050
3 11032 11033 11051
3 11033 11052 11051
3 11033 11034 11052
3 11034 11053 11052
3 11034 11035 11053
3 11035 11054 11053
3 11035 11036 11054
3 11036 11055 11054
3 11036 11037 11055
3 11037 11056 11055
3 11037 11038 11056
3 11038 11057 11056
3 11039 11040 11058
3 11040 11059 11058
3 11040 11041 11059
3 11041 11060 11059
3 11041 11042 11060
3 11042 11061 11060
3 11042 11043 11061
3 11043 11062 11061
3 11043 11044 11062
3 11044 11063 11062
3 11044 11045 11063
3 11045 11064 11063
3 11045 11046 11064
3 11046 11065 11064
3 11046 11047 11065
3 11047 11066 11065
3 11047 11048 11066
3 11048 11067 11066
3 11048 11049 11067
3 11049 11068 11067
3 11049 11050 11068
3 11050 11069 11068
3 11050 11051 11069
3 11051 11070 11069
3 11051 11052 11070
3 11052 11071 11070
3 11052 11053 11071
3 11053 11072 11071
3 11053 11054 11072
3 11054 11073 11072
3 11054 11055 11073
3 11055 11074 11073
3 11055 11056 11074
3 11056 11075 11074
3 11056 11057 11075
3 11057 11076 11075
3 11077 11078 11096
3 11078 11097 11096
3 11078 11079 11097
3 11079 11098 11097
3 11079 11080 11098
3 11080 11099 11098
3 11080 11081 11099
3 11081 11100 11099
3 11081 11082 11100
3 11082 11101 11100
3 11082 11083 11101
3 11083 11102 11101
3 11083 11084 11102
3 11084 11103 11102
3 11084 11085 11103
3 11085 11104 11103
3 11085 11086 11104
3 11086 11105 11104
3 11086 11087 11105
3 11087 11106 11105
3 11087 11088 11106
3 11088 11107 11106
3 11088 11089 11107
3 11089 11108 11107
3 11089 11090 11108
3 11090 11109 11108
3 11090 11091 11109
3 11091 11110 11109
3 11091 11092 11110
3 11092 11111 11110
3 11092 11093 11111
3 11093 11112 11111
3 11093 11094 11112
3 11094 11113 11112
3 11094 11095 11113
3 11095 11114 11113
3 11096 11097 11115
3 11097 11116 11115
3 11097 11098 11116
3 11098 11117 11116
3 11098 11099 11117
3 11099 11118 11117
3 11099 11100 11118
3 11100 11119 11118
3 11100 11101 11119
3 11101 11120 11119
3 11101 11102 11120
3 11102 11121 11120
3 11102 11103 11121
3 11103 11122 11121
3 11103 11104 11122
3 11104 11123 11122
3 11104 11105 11123
3 11105 11124 11123
3 11105 11106 11124
3 11106 11125 11124
3 11106 11107 11125
3 11107 11126 11125
3 11107 11108 11126
3 11108 11127 11126
3 11108 11109 11127
3 11109 11128 11127
3 11109 11110 11128
3 11110 11129 11128
3 11110 11111 11129
3 11111 11130 11129
3 11111 11112 11130
3 11112 11131 11130
3 11112 11113 11131
3 11113 11132 11131
3 11113 11114 11132
3 11114 11133 11132
3 11115 11116 11134
3 11116 11135 11134
3 11116 11117 11135
3 11117 11136 11135
3 11117 11118 11136
3 11118 11137 11136
3 11118 11119 11137
3 11119 11138 11137
3 11119 11120 11138
3 11120 11139 11138
3 11120 11121 11139
3 11121 11140 11139
3 11121 11122 11140
3 11122 11141 11140
3 11122 11123 11141
3 11123 11142 11141
3 11123 11124 11142
3 11124 11143 11142
3 11124 11125 11143
3 11125 11144 11143
3 11125 11126 11144
3 11126 11145 11144
3 11126 11127 11145
3 11127 11146 11145
3 11127 11128 11146
3 11128 11147 11146
3 11128 11129 11147
3 11129 11148 11147
3 11129 11130 11148
3 11130 11149 11148
3 11130 11131 11149
3 11131 11150 11149
3 11131 11132 11150
3 11132 11151 11150
3 11132 11133 11151
3 11133 11152 11151
3 11134 11135 11153
3 11135 11154 11153
3 11135 11136 11154
3 11136 11155 11154
3 11136 11137 11155
3 11137 11156 11155
3 11137 11138 11156
3 11138 11157 11156
3 11138 11139 11157
3 11139 11158 11157
3 11139 11140 11158
3 11140 11159 11158
3 11140 11141 11159
3 11141 11160 11159
3 11141 11142 11160
3 11142 11161 11160
3 11142 11143 11161
3 11143 11162 11161
3 11143 11144 11162
3 11144 11163 11162
3 11144 11145 11163
3 11145 11164 11163
3 11145 11146 11164
3 11146 11165 11164
3 11146 11147 11165
3 11147 11166 11165
3 11147 11148 11166
3 11148 11167 11166
3 11148 11149 11167
3 11149 11168 11167
3 11149 11150 11168
3 11150 11169 11168
3 11150 11151 11169
3 11151 11170 11169
3 11151 11152 11170
3 11152 11171 11170
3 11153 11154 11172
3 11154 11173 11172
3 11154 11155 11173
3 11155 11174 11173
3 11155 11156 11174
3 11156 11175 11174
3 11156 11157 11175
3 11157 11176 11175
3 11157 11158 11176
3 11158 11177 11176
3 11158 11159 11177
3 11159 11178 11177
3 11159 11160 11178
3 11160 11179 11178
3 11160 11161 11179
3 11161 11180 11179
3 11161 11162 11180
3 11162 11181 11180
3 11162 11163 11181
3 11163 11182 11181
3 11163 11164 11182
3 11164 11183 11182
3 11164 11165 11183
3 11165 11184 11183
3 11165 11166 11184
3 11166 11185 11184
3 11166 11167 11185
3 11167 11186 11185
3 11167 11168 11186
3 11168 11187 11186
3 11168 11169 11187
3 11169 11188 11187
3 11169 11170 11188
3 11170 11189 11188
3 11170 11171 11189
3 11171 11190 11189
3 11172 11173 11191
3 11173 11192 11191
3 11173 11174 11192
3 11174 11193 11192
3 11174 11175 11193
3 11175 11194 11193
3 11175 11176 11194
3 11176 11195 11194
3 11176 11177 11195
3 11177 11196 11195
3 11177 11178 11196
3 11178 11197 11196
3 11178 11179 11197
3 11179 11198 11197
3 11179 11180 11198
3 11180 11199 11198
3 11180 11181 11199
3 11181 11200 11199
3 11181 11182 11200
3 11182 11201 11200
3 11182 11183 11201
3 11183 11202 11201
3 11183 11184 11202
3 11184 11203 11202
3 11184 11185 11203
3 11185 11204 11203
3 11185 11186 11204
3 11186 11205 11204
3 11186 11187 11205
3 11187 11206 11205
3 11187 11188 11206
3 11188 11207 11206
3 11188 11189 11207
3 11189 11208 11207
3 11189 11190 11208
3 11190 11209 11208
3 11191 11192 11210
3 11192 11211 11210
3 11192 11193 11211
3 11193 11212 11211
3 11193 11194 11212
3 11194 11213 11212
3 11194 11195 11213
3 11195 11214 11213
3 11195 11196 11214
3 11196 11215 11214
3 11196 11197 11215
3 11197 11216 11215
3 11197 11198 11216
3 11198 11217 11216
3 11198 11199 11217
3 11199 11218 11217
3 11199 11200 11218
3 11200 11219 11218
3 11200 11201 11219
3 11201 11220 11219
3 11201 11202 11220
3 11202 11221 11220
3 11202 11203 11221
3 11203 11222 11221
3 11203 11204 11222
3 11204 11223 11222
3 11204 11205 11223
3 11205 11224 11223
3 11205 11206 11224
3 11206 11225 11224
3 11206 11207 11225
3 11207 11226 11225
3 11207 11208 11226
3 11208 11227 11226
3 11208 11209 11227
3 11209 11228 11227
3 11210 11211 11229
3 11211 11230 11229
3 11211 11212 11230
3 11212 11231 11230
3 11212 11213 11231
3 11213 11232 11231
3 11213 11214 11232
3 11214 11233 11232
3 11214 11215 11233
3 11215 11234 11233
3 11215 11216 11234
3 11216 11235 11234
3 11216 11217 11235
3 11217 11236 11235
3 11217 11218 11236
3 11218 11237 11236
3 11218 11219 11237
3 11219 11238 11237
3 11219 11220 11238
3 11220 11239 11238
3 11220 11221 11239
3 11221 11240 11239
3 11221 11222 11240
3 11222 11241 11240
3 11222 11223 11241
3 11223 11242 11241
3 11223 11224 11242
3 11224 11243 11242
3 11224 11225 11243
3 11225 11244 11243
3 11225 11226 11244
3 11226 11245 11244
3 11226 11227 11245
3 11227 11246 11245
3 11227 11228 11246
3 11228 11247 11246
3 11229 11230 11248
3 11230 11249 11248
3 11230 11231 11249
3 11231 11250 11249
3 11231 11232 11250
3 11232 11251 11250
3 11232 11233 11251
3 11233 11252 11251
3 11233 11234 11252
3 11234 11253 11252
3 11234 11235 11253
3 11235 11254 11253
3 11235 11236 11254
3 11236 11255 11254
3 11236 11237 11255
3 11237 11256 11255
3 11237 11238 11256
3 11238 11257 11256
3 11238 11239 11257
3 11239 11258 11257
3 11239 11240 11258
3 11240 11259 11258
3 11240 11241 11259
3 11241 11260 11259
3 11241 11242 11260
3 11242 11261 11260
3 11242 11243 11261
3 11243 11262 11261
3 11243 11244 11262
3 11244 11263 11262
3 11244 11245 11263
3 11245 11264 11263
3 11245 11246 11264
3 11246 11265 11264
3 11246 11247 11265
3 11247 11266 11265
3 11248 11249 11267
3 11249 11268 11267
3 11249 11250 11268
3 11250 11269 11268
3 11250 11251 11269
3 11251 11270 11269
3 11251 11252 11270
3 11252 11271 11270
3 11252 11253 11271
3 11253 11272 11271
3 11253 11254 11272
3 11254 11273 11272
3 11254 11255 11273
3 11255 11274 11273
3 11255 11256 11274
3 11256 11275 11274
3 11256 11257 11275
3 11257 11276 11275
3 11257 11258 11276
3 11258 11277 11276
3 11258 11259 11277
3 11259 11278 11277
3 11259 11260 11278
3 11260 11279 11278
3 11260 11261 11279
3 11261 11280 11279
3 11261 11262 11280
3 11262 11281 11280
3 11262 11263 11281
3 11263 11282 11281
3 11263 11264 11282
3 11264 11283 11282
3 11264 11265 11283
3 11265 11284 11283
3 11265 11266 11284
3 11266 11285 11284
3 11286 11287 11305
3 11287 11306 11305
3 11287 11288 11306
3 11288 11307 11306
3 11288 11289 11307
3 11289 11308 11307
3 11289 11290 11308
3 11290 11309 11308
3 11290 11291 11309
3 11291 11310 11309
3 11291 11292 11310
3 11292 11311 11310
3 11292 11293 11311
3 11293 11312 11311
3 11293 11294 11312
3 11294 11313 11312
3 11294 11295 11313
3 11295 11314 11313
3 11295 11296 11314
3 11296 11315 11314
3 11296 11297 11315
3 11297 11316 11315
3 11297 11298 11316
3 11298 11317 11316
3 11298 11299 11317
3 11299 11318 11317
3 11299 11300 11318
3 11300 11319 11318
3 11300 11301 11319
3 11301 11320 11319
3 11301 11302 11320
3 11302 11321 11320
3 11302 11303 11321
3 11303 11322 11321
3 11303 11304 11322
3 11304 11323 11322
3 11305 11306 11324
3 11306 11325 11324
3 11306 11307 11325
3 11307 11326 11325
3 11307 11308 11326
3 11308 11327 11326
3 11308 11309 11327
3 11309 11328 11327
3 11309 11310 11328
3 11310 11329 11328
3 11310 11311 11329
3 11311 11330 11329
3 11311 11312 11330
3 11312 11331 11330
3 11312 11313 11331
3 11313 11332 11331
3 11313 11314 11332
3 11314 11333 11332
3 11314 11315 11333
3 11315 11334 11333
3 11315 11316 11334
3 11316 11335 11334
3 11316 11317 11335
3 11317 11336 11335
3 11317 11318 11336
3 11318 11337 11336
3 11318 11319 11337
3 11319 11338 11337
3 11319 11320 11338
3 11320 11339 11338
3 11320 11321 11339
3 11321 11340 11339
3 11321 11322 11340
3 11322 11341 11340
3 11322 11323 11341
3 11323 11342 11341
3 11324 11325 11343
3 11325 11344 11343
3 11325 11326 11344
3 11326 11345 11344
3 11326 11327 11345
3 11327 11346 11345
3 11327 11328 11346
3 11328 11347 11346
3 11328 11329 11347
3 11329 11348 11347
3 11329 11330 11348
3 11330 11349 11348
3 11330 11331 11349
3 11331 11350 11349
3 11331 11332 11350
3 11332 11351 11350
3 11332 11333 11351
3 11333 11352 11351
3 11333 11334 11352
3 11334 11353 11352
3 11334 11335 11353
3 11335 11354 11353
3 11335 11336 11354
3 11336 11355 11354
3 11336 11337 11355
3 11337 11356 11355
3 11337 11338 11356
3 11338 11357 11356
3 11338 11339 11357
3 11339 11358 11357
3 11339 11340 11358
3 11340 11359 11358
3 11340 11341 11359
3 11341 11360 11359
3 11341 11342 11360
3 11342 11361 11360
3 11343 11344 11362
3 11344 11363 11362
3 11344 11345 11363
3 11345 11364 11363
3 11345 11346 11364
3 11346 11365 11364
3 11346 11347 11365
3 11347 11366 11365
3 11347 11348 11366
3 11348 11367 11366
3 11348 11349 11367
3 11349 11368 11367
3 11349 11350 11368
3 11350 11369 11368
3 11350 11351 11369
3 11351 11370 11369
3 11351 11352 11370
3 11352 11371 11370
3 11352 11353 11371
3 11353 11372 11371
3 11353 11354 11372
3 11354 11373 11372
3 11354 11355 11373
3 11355 11374 11373
3 11355 11356 11374
3 11356 11375 11374
3 11356 11357 11375
3 11357 11376 11375
3 11357 11358 11376
3 11358 11377 11376
3 11358 11359 11377
3 11359 11378 11377
3 11359 11360 11378
3 11360 11379 11378
3 11360 11361 11379
3 11361 11380 11379
3 11362 11363 11381
3 11363 11382 11381
3 11363 11364 11382
3 11364 11383 11382
3 11364 11365 11383
3 11365 11384 11383
3 11365 11366 11384
3 11366 11385 11384
3 11366 11367 11385
3 11367 11386 11385
3 11367 11368 11386
3 11368 11387 11386
3 11368 11369 11387
3 11369 11388 11387
3 11369 11370 11388
3 11370 11389 11388
3 11370 11371 11389
3 11371 11390 11389
3 11371 11372 11390
3 11372 11391 11390
3 11372 11373 11391
3 11373 11392 11391
3 11373 11374 11392
3 11374 11393 11392
3 11374 11375 11393
3 11375 11394 11393
3 11375 11376 11394
3 11376 11395 11394
3 11376 11377 11395
3 11377 11396 11395
3 11377 11378 11396
3 11378 11397 11396
3 11378 11379 11397
3 11379 11398 11397
3 11379 11380 11398
3 11380 11399 11398
3 11381 11382 11400
3 11382 11401 11400
3 11382 11383 11401
3 11383 11402 11401
3 11383 11384 11402
3 11384 11403 11402
3 11384 11385 11403
3 11385 11404 11403
3 11385 11386 11404
3 11386 11405 11404
3 11386 11387 11405
3 11387 11406 11405
3 11387 11388 11406
3 11388 11407 11406
3 11388 11389 11407
3 11389 11408 11407
3 11389 11390 11408
3 11390 11409 11408
3 11390 11391 11409
3 11391 11410 11409
3 11391 11392 11410
3 11392 11411 11410
3 11392 11393 11411
3 11393 11412 11411
3 11393 11394 11412
3 11394 11413 11412
3 11394 11395 11413
3 11395 11414 11413
3 11395 11396 11414
3 11396 11415 11414
3 11396 11397 11415
3 11397 11416 11415
3 11397 11398 11416
3 11398 11417 11416
3 11398 11399 11417
3 11399 11418 11417
3 11400 11401 11419
3 11401 11420 11419
3 11401 11402 11420
3 11402 11421 11420
3 11402 11403 11421
3 11403 11422 11421
3 11403 11404 11422
3 11404 11423 11422
3 11404 11405 11423
3 11405 11424 11423
3 11405 11406 11424
3 11406 11425 11424
3 11406 11407 11425
3 11407 11426 11425
3 11407 11408 11426
3 11408 11427 11426
3 11408 11409 11427
3 11409 11428 11427
3 11409 11410 11428
3 11410 11429 11428
3 11410 11411 11429
3 11411 11430 11429
3 11411 11412 11430
3 11412 11431 11430
3 11412 11413 11431
3 11413 11432 11431
3 11413 11414 11432
3 11414 11433 11432
3 11414 11415 11433
3 11415 11434 11433
3 11415 11416 11434
3 11416 11435 11434
3 11416 11417 11435
3 11417 11436 11435
3 11417 11418 11436
3 11418 11437 11436
3 11419 11420 11438
3 11420 11439 11438
3 11420 11421 11439
3 11421 11440 11439
3 11421 11422 11440
3 11422 11441 11440
3 11422 11423 11441
3 11423 11442 11441
3 11423 11424 11442
3 11424 11443 11442
3 11424 11425 11443
3 11425 11444 11443
3 11425 11426 11444
3 11426 11445 11444
3 11426 11427 11445
3 11427 11446 11445
3 11427 11428 11446
3 11428 11447 11446
3 11428 11429 11447
3 11429 11448 11447
3 11429 11430 11448
3 11430 11449 11448
3 11430 11431 11449
3 11431 11450 11449
3 11431 11432 11450
3 11432 11451 11450
3 11432 11433 11451
3 11433 11452 11451
3 11433 11434 11452
3 11434 11453 11452
3 11434 11435 11453
3 11435 11454 11453
3 11435 11436 11454
3 11436 11455 11454
3 11436 11437 11455
3 11437 11456 11455
3 11438 11439 11457
3 11439 11458 11457
3 11439 11440 11458
3 11440 11459 11458
3 11440 11441 11459
3 11441 11460 11459
3 11441 11442 11460
3 11442 11461 11460
3 11442 11443 11461
3 11443 11462 11461
3 11443 11444 11462
3 11444 11463 11462
3 11444 11445 11463
3 11445 11464 11463
3 11445 11446 11464
3 11446 11465 11464
3 11446 11447 11465
3 11447 11466 11465
3 11447 11448 11466
3 11448 11467 11466
3 11448 11449 11467
3 11449 11468 11467
3 11449 11450 11468
3 11450 11469 11468
3 11450 11451 11469
3 11451 11470 11469
3 11451 11452 11470
3 11452 11471 11470
3 11452 11453 11471
3 11453 11472 11471
3 11453 11454 11472
3 11454 11473 11472
3 11454 11455 11473
3 11455 11474 11473
3 11455 11456 11474
3 11456 11475 11474
3 11457 11458 11476
3 11458 11477 11476
3 11458 11459 11477
3 11459 11478 11477
3 11459 11460 11478
3 11460 11479 11478
3 11460 11461 11479
3 11461 11480 11479
3 11461 11462 11480
3 11462 11481 11480
3 11462 11463 11481
3 11463 11482 11481
3 11463 11464 11482
3 11464 11483 11482
3 11464 11465 11483
3 11465 11484 11483
3 11465 11466 11484
3 11466 11485 11484
3 11466 11467 11485
3 11467 11486 11485
3 11467 11468 11486
3 11468 11487 11486
3 11468 11469 11487
3 11469 11488 11487
3 11469 11470 11488
3 11470 11489 11488
3 11470 11471 11489
3 11471 11490 11489
3 11471 11472 11490
3 11472 11491 11490
3 11472 11473 11491
3 11473 11492 11491
3 11473 11474 11492
3 11474 11493 11492
3 11474 11475 11493
3 11475 11494 11493
3 11495 11496 11514
3 11496 11515 11514
3 11496 11497 11515
3 11497 11516 11515
3 11497 11498 11516
3 11498 11517 11516
3 11498 11499 11517
3 11499 11518 11517
3 11499 11500 11518
3 11500 11519 11518
3 11500 11501 11519
3 11501 11520 11519
3 11501 11502 11520
3 11502 11521 11520
3 11502 11503 11521
3 11503 11522 11521
3 11503 11504 11522
3 11504 11523 11522
3 11504 11505 11523
3 11505 11524 11523
3 11505 11506 11524
3 11506 11525 11524
3 11506 11507 11525
3 11507 11526 11525
3 11507 11508 11526
3 11508 11527 11526
3 11508 11509 11527
3 11509 11528 11527
3 11509 11510 11528
3 11510 11529 11528
3 11510 11511 11529
3 11511 11530 11529
3 11511 11512 11530
3 11512 11531 11530
3 11512 11513 11531
3 11513 11532 11531
3 11514 11515 11533
3 11515 11534 11533
3 11515 11516 11534
3 11516 11535 11534
3 11516 11517 11535
3 11517 11536 11535
3 11517 11518 11536
3 11518 11537 11536
3 11518 11519 11537
3 11519 11538 11537
3 11519 11520 11538
3 11520 11539 11538
3 11520 11521 11539
3 11521 11540 11539
3 11521 11522 11540
3 11522 11541 11540
3 11522 11523 11541
3 11523 11542 11541
3 11523 11524 11542
3 11524 11543 11542
3 11524 11525 11543
3 11525 11544 11543
3 11525 11526 11544
3 11526 11545 11544
3 11526 11527 11545
3 11527 11546 11545
3 11527 11528 11546
3 11528 11547 11546
3 11528 11529 11547
3 11529 11548 11547
3 11529 11530 11548
3 11530 11549 11548
3 11530 11531 11549
3 11531 11550 11549
3 11531 11532 11550
3 11532 11551 11550
3 11533 11534 11552
3 11534 11553 11552
3 11534 11535 11553
3 11535 11554 11553
3 11535 11536 11554
3 11536 11555 11554
3 11536 11537 11555
3 11537 11556 11555
3 11537 11538 11556
3 11538 11557 11556
3 11538 11539 11557
3 11539 11558 11557
3 11539 11540 11558
3 11540 11559 11558
3 11540 11541 11559
3 11541 11560 11559
3 11541 11542 11560
3 11542 11561 11560
3 11542 11543 11561
3 11543 11562 11561
3 11543 11544 11562
3 11544 11563 11562
3 11544 11545 11563
3 11545 11564 11563
3 11545 11546 11564
3 11546 11565 11564
3 11546 11547 11565
3 11547 11566 11565
3 11547 11548 11566
3 11548 11567 11566
3 11548 11549 11567
3 11549 11568 11567
3 11549 11550 11568
3 11550 11569 11568
3 11550 11551 11569
3 11551 11570 11569
3 11552 11553 11571
3 11553 11572 11571
3 11553 11554 11572
3 11554 11573 11572
3 11554 11555 11573
3 11555 11574 11573
3 11555 11556 11574
3 11556 11575 11574
3 11556 11557 11575
3 11557 11576 11575
3 11557 11558 11576
3 11558 11577 11576
3 11558 11559 11577
3 11559 11578 11577
3 11559 11560 11578
3 11560 11579 11578
3 11560 11561 11579
3 11561 11580 11579
3 11561 11562 11580
3 11562 11581 11580
3 11562 11563 11581
3 11563 11582 11581
3 11563 11564 11582
3 11564 11583 11582
3 11564 11565 11583
3 11565 11584 11583
3 11565 11566 11584
3 11566 11585 11584
3 11566 11567 11585
3 11567 11586 11585
3 11567 11568 11586
3 11568 11587 11586
3 11568 11569 11587
3 11569 11588 11587
3 11569 11570 11588
3 11570 11589 11588
3 11571 11572 11590
3 11572 11591 11590
3 11572 11573 11591
3 11573 11592 11591
3 11573 11574 11592
3 11574 11593 11592
3 11574 11575 11593
3 11575 11594 11593
3 11575 11576 11594
3 11576 11595 11594
3 11576 11577 11595
3 11577 11596 11595
3 11577 11578 11596
3 11578 11597 11596
3 11578 11579 11597
3 11579 11598 11597
3 11579 11580 11598
3 11580 11599 11598
3 11580 11581 11599
3 11581 11600 11599
3 11581 11582 11600
3 11582 11601 11600
3 11582 11583 11601
3 11583 11602 11601
3 11583 11584 11602
3 11584 11603 11602
3 11584 11585 11603
3 11585 11604 11603
3 11585 11586 11604
3 11586 11605 11604
3 11586 11587 11605
3 11587 11606 11605
3 11587 11588 11606
3 11588 11607 11606
3 11588 11589 11607
3 11589 11608 11607
3 11590 11591 11609
3 11591 11610 11609
3 11591 11592 11610
3 11592 11611 11610
3 11592 11593 11611
3 11593 11612 11611
3 11593 11594 11612
3 11594 11613 11612
3 11594 11595 11613
3 11595 11614 11613
3 11595 11596 11614
3 11596 11615 11614
3 11596 11597 11615
3 11597 11616 11615
3 11597 11598 11616
3 11598 11617 11616
3 11598 11599 11617
3 11599 11618 11617
3 11599 11600 11618
3 11600 11619 11618
3 11600 11601 11619
3 11601 11620 11619
3 11601 11602 11620
3 11602 11621 11620
3 11602 11603 11621
3 11603 11622 11621
3 11603 11604 11622
3 11604 11623 11622
3 11604 11605 11623
3 11605 11624 11623
3 11605 11606 11624
3 11606 11625 11624
3 11606 11607 11625
3 11607 11626 11625
3 11607 11608 11626
3 11608 11627 11626
3 11609 11610 11628
3 11610 11629 11628
3 11610 11611 11629
3 11611 11630 11629
3 11611 11612 11630
3 11612 11631 11630
3 11612 11613 11631
3 11613 11632 11631
3 11613 11614 11632
3 11614 11633 11632
3 11614 11615 11633
3 11615 11634 11633
3 11615 11616 11634
3 11616 11635 11634
3 11616 11617 11635
3 11617 11636 11635
3 11617 11618 11636
3 11618 11637 11636
3 11618 11619 11637
3 11619 11638 11637
3 11619 11620 11638
3 11620 11639 11638
3 11620 11621 11639
3 11621 11640 11639
3 11621 11622 11640
3 11622 11641 11640
3 11622 11623 11641
3 11623 11642 11641
3 11623 11624 11642
3 11624 11643 11642
3 11624 11625 11643
3 11625 11644 11643
3 11625 11626 11644
3 11626 11645 11644
3 11626 11627 11645
3 11627 11646 11645
3 11628 11629 11647
3 11629 11648 11647
3 11629 11630 11648
3 11630 11649 11648
3 11630 11631 11649
3 11631 11650 11649
3 11631 11632 11650
3 11632 11651 11650
3 11632 11633 11651
3 11633 11652 11651
3 11633 11634 11652
3 11634 11653 11652
3 11634 11635 11653
3 11635 11654 11653
3 11635 11636 11654
3 11636 11655 11654
3 11636 11637 11655
3 11637 11656 11655
3 11637 11638 11656
3 11638 11657 11656
3 11638 11639 11657
3 11639 11658 11657
3 11639 11640 11658
3 11640 11659 11658
3 11640 11641 11659
3 11641 11660 11659
3 11641 11642 11660
3 11642 11661 11660
3 11642 11643 11661
3 11643 11662 11661
3 11643 11644 11662
3 11644 11663 11662
3 11644 11645 11663
3 11645 11664 11663
3 11645 11646 11664
3 11646 11665 11664
3 11647 11648 11666
3 11648 11667 11666
3 11648 11649 11667
3 11649 11668 11667
3 11649 11650 11668
3 11650 11669 11668
3 11650 11651 11669
3 11651 11670 11669
3 11651 11652 11670
3 11652 11671 11670
3 11652 11653 11671
3 11653 11672 11671
3 11653 11654 11672
3 11654 11673 11672
3 11654 11655 11673
3 11655 11674 11673
3 11655 11656 11674
3 11656 11675 11674
3 11656 11657 11675
3 11657 11676 11675
3 11657 11658 11676
3 11658 11677 11676
3 11658 11659 11677
3 11659 11678 11677
3 11659 11660 11678
3 11660 11679 11678
3 11660 11661 11679
3 11661 11680 11679
3 11661 11662 11680
3 11662 11681 11680
3 11662 11663 11681
3 11663 11682 11681
3 11663 11664 11682
3 11664 11683 11682
3 11664 11665 11683
3 11665 11684 11683
3 11666 11667 11685
3 11667 11686 11685
3 11667 11668 11686
3 11668 11687 11686
3 11668 11669 11687
3 11669 11688 11687
3 11669 11670 11688
3 11670 11689 11688
3 11670 11671 11689
3 11671 11690 11689
3 11671 11672 11690
3 11672 11691 11690
3 11672 11673 11691
3 11673 11692 11691
3 11673 11674 11692
3 11674 11693 11692
3 11674 11675 11693
3 11675 11694 11693
3 11675 11676 11694
3 11676 11695 11694
3 11676 11677 11695
3 11677 11696 11695
3 11677 11678 11696
3 11678 11697 11696
3 11678 11679 11697
3 11679 11698 11697
3 11679 11680 11698
3 11680 11699 11698
3 11680 11681 11699
3 11681 11700 11699
3 11681 11682 11700
3 11682 11701 11700
3 11682 11683 11701
3 11683 11702 11701
3 11683 11684 11702
3 11684 11703 11702
3 11704 11705 11723
3 11705 11724 11723
3 11705 11706 11724
3 11706 11725 11724
3 11706 11707 11725
3 11707 11726 11725
3 11707 11708 11726
3 11708 11727 11726
3 11708 11709 11727
3 11709 11728 11727
3 11709 11710 11728
3 11710 11729 11728
3 11710 11711 11729
3 11711 11730 11729
3 11711 11712 11730
3 11712 11731 11730
3 11712 11713 11731
3 11713 11732 11731
3 11713 11714 11732
3 11714 11733 11732
3 11714 11715 11733
3 11715 11734 11733
3 11715 11716 11734
3 11716 11735 11734
3 11716 11717 11735
3 11717 11736 11735
3 11717 11718 11736
3 11718 11737 11736
3 11718 11719 11737
3 11719 11738 11737
3 11719 11720 11738
3 11720 11739 11738
3 11720 11721 11739
3 11721 11740 11739
3 11721 11722 11740
3 11722 11741 11740
3 11723 11724 11742
3 11724 11743 11742
3 11724 11725 11743
3 11725 11744 11743
3 11725 11726 11744
3 11726 11745 11744
3 11726 11727 11745
3 11727 11746 11745
3 11727 11728 11746
3 11728 11747 11746
3 11728 11729 11747
3 11729 11748 11747
3 11729 11730 11748
3 11730 11749 11748
3 11730 11731 11749
3 11731 11750 11749
3 11731 11732 11750
3 11732 11751 11750
3 11732 11733 11751
3 11733 11752 11751
3 11733 11734 11752
3 11734 11753 11752
3 11734 11735 11753
3 11735 11754 11753
3 11735 11736 11754
3 11736 11755 11754
3 11736 11737 11755
3 11737 11756 11755
3 11737 11738 11756
3 11738 11757 11756
3 11738 11739 11757
3 11739 11758 11757
3 11739 11740 11758
3 11740 11759 11758
3 11740 11741 11759
3 11741 11760 11759
3 11742 11743 11761
3 11743 11762 11761
3 11743 11744 11762
3 11744 11763 11762
3 11744 11745 11763
3 11745 11764 11763
3 11745 11746 11764
3 11746 11765 11764
3 11746 11747 11765
3 11747 11766 11765
3 11747 11748 11766
3 11748 11767 11766
3 11748 11749 11767
3 11749 11768 11767
3 11749 11750 11768
3 11750 11769 11768
3 11750 11751 11769
3 11751 11770 11769
3 11751 11752 11770
3 11752 11771 11770
3 11752 11753 11771
3 11753 11772 11771
3 11753 11754 11772
3 11754 11773 11772
3 11754 11755 11773
3 11755 11774 11773
3 11755 11756 11774
3 11756 11775 11774
3 11756 11757 11775
3 11757 11776 11775
3 11757 11758 11776
3 11758 11777 11776
3 11758 11759 11777
3 11759 11778 11777
3 11759 11760 11778
3 11760 11779 11778
3 11761 11762 11780
3 11762 11781 11780
3 11762 11763 11781
3 11763 11782 11781
3 11763 11764 11782
3 11764 11783 11782
3 11764 11765 11783
3 11765 11784 11783
3 11765 11766 11784
3 11766 11785 11784
3 11766 11767 11785
3 11767 11786 11785
3 11767 11768 11786
3 11768 11787 11786
3 11768 11769 11787
3 11769 11788 11787
3 11769 11770 11788
3 11770 11789 11788
3 11770 11771 11789
3 11771 11790 11789
3 11771 11772 11790
3 11772 11791 11790
3 11772 11773 11791
3 11773 11792 11791
3 11773 11774 11792
3 11774 11793 11792
3 11774 11775 11793
3 11775 11794 11793
3 11775 11776 11794
3 11776 11795 11794
3 11776 11777 11795
3 11777 11796 11795
3 11777 11778 11796
3 11778 11797 11796
3 11778 11779 11797
3 11779 11798 11797
3 11780 11781 11799
3 11781 11800 11799
3 11781 11782 11800
3 11782 11801 11800
3 11782 11783 11801
3 11783 11802 11801
3 11783 11784 11802
3 11784 11803 11802
3 11784 11785 11803
3 11785 11804 11803
3 11785 11786 11804
3 11786 11805 11804
3 11786 11787 11805
3 11787 11806 11805
3 11787 11788 11806
3 11788 11807 11806
3 11788 11789 11807
3 11789 11808 11807
3 11789 11790 11808
3 11790 11809 11808
3 11790 11791 11809
3 11791 11810 11809
3 11791 11792 11810
3 11792 11811 11810
3 11792 11793 11811
3 11793 11812 11811
3 11793 11794 11812
3 11794 11813 11812
3 11794 11795 11813
3 11795 11814 11813
3 11795 11796 11814
3 11796 11815 11814
3 11796 11797 11815
3 11797 11816 11815
3 11797 11798 11816
3 11798 11817 11816
3 11799 11800 11818
3 11800 11819 11818
3 11800 11801 11819
3 11801 11820 11819
3 11801 11802 11820
3 11802 11821 11820
3 11802 11803 11821
3 11803 11822 11821
3 11803 11804 11822
3 11804 11823 11822
3 11804 11805 11823
3 11805 11824 11823
3 11805 11806 11824
3 11806 11825 11824
3 11806 11807 11825
3 11807 11826 11825
3 11807 11808 11826
3 11808 11827 11826
3 11808 11809 11827
3 11809 11828 11827
3 11809 11810 11828
3 11810 11829 11828
3 11810 11811 11829
3 11811 11830 11829
3 11811 11812 11830
3 11812 11831 11830
3 11812 11813 11831
3 11813 11832 11831
3 11813 11814 11832
3 11814 11833 11832
3 11814 11815 11833
3 11815 11834 11833
3 11815 11816 11834
3 11816 11835 11834
3 11816 11817 11835
3 11817 11836 11835
3 11818 11819 11837
3 11819 11838 11837
3 11819 11820 11838
3 11820 11839 11838
3 11820 11821 11839
3 11821 11840 11839
3 11821 11822 11840
3 11822 11841 11840
3 11822 11823 11841
3 11823 11842 11841
3 11823 11824 11842
3 11824 11843 11842
3 11824 11825 11843
3 11825 11844 11843
3 11825 11826 11844
3 11826 11845 11844
3 11826 11827 11845
3 11827 11846 11845
3 11827 11828 11846
3 11828 11847 11846
3 11828 11829 11847
3 11829 11848 11847
3 11829 11830 11848
3 11830 11849 11848
3 11830 11831 11849
3 11831 11850 11849
3 11831 11832 11850
3 11832 11851 11850
3 11832 11833 11851
3 11833 11852 11851
3 11833 11834 11852
3 11834 11853 11852
3 11834 11835 11853
3 11835 11854 11853
3 11835 11836 11854
3 11836 11855 11854
3 11837 11838 11856
3 11838 11857 11856
3 11838 11839 11857
3 11839 11858 11857
3 11839 11840 11858
3 11840 11859 11858
3 11840 11841 11859
3 11841 11860 11859
3 11841 11842 11860
3 11842 11861 11860
3 11842 11843 11861
3 11843 11862 11861
3 11843 11844 11862
3 11844 11863 11862
3 11844 11845 11863
3 11845 11864 11863
3 11845 11846 11864
3 11846 11865 11864
3 11846 11847 11865
3 11847 11866 11865
3 11847 11848 11866
3 11848 11867 11866
3 11848 11849 11867
3 11849 11868 11867
3 11849 11850 11868
3 11850 11869 11868
3 11850 11851 11869
3 11851 11870 11869
3 11851 11852 11870
3 11852 11871 11870
3 11852 11853 11871
3 11853 11872 11871
3 11853 11854 11872
3 11854 11873 11872
3 11854 11855 11873
3 11855 11874 11873
3 11856 11857 11875
3 11857 11876 11875
3 11857 11858 11876
3 11858 11877 11876
3 11858 11859 11877
3 11859 11878 11877
3 11859 11860 11878
3 11860 11879 11878
3 11860 11861 11879
3 11861 11880 11879
3 11861 11862 11880
3 11862 11881 11880
3 11862 11863 11881
3 11863 11882 11881
3 11863 11864 11882
3 11864 11883 11882
3 11864 11865 11883
3 11865 11884 11883
3 11865 11866 11884
3 11866 11885 11884
3 11866 11867 11885
3 11867 11886 11885
3 11867 11868 11886
3 11868 11887 11886
3 11868 11869 11887
3 11869 11888 11887
3 11869 11870 11888
3 11870 11889 11888
3 11870 11871 11889
3 11871 11890 11889
3 11871 11872 11890
3 11872 11891 11890
3 11872 11873 11891
3 11873 11892 11891
3 11873 11874 11892
3 11874 11893 11892
3 11875 11876 11894
3 11876 11895 11894
3 11876 11877 11895
3 11877 11896 11895
3 11877 11878 11896
3 11878 11897 11896
3 11878 11879 11897
3 11879 11898 11897
3 11879 11880 11898
3 11880 11899 11898
3 11880 11881 11899
3 11881 11900 11899
3 11881 11882 11900
3 11882 11901 11900
3 11882 11883 11901
3 11883 11902 11901
3 11883 11884 11902
3 11884 11903 11902
3 11884 11885 11903
3 11885 11904 11903
3 11885 11886 11904
3 11886 11905 11904
3 11886 11887 11905
3 11887 11906 11905
3 11887 11888 11906
3 11888 11907 11906
3 11888 11889 11907
3 11889 11908 11907
3 11889 11890 11908
3 11890 11909 11908
3 11890 11891 11909
3 11891 11910 11909
3 11891 11892 11910
3 11892 11911 11910
3 11892 11893 11911
3 11893 11912 11911
3 11913 11914 11932
3 11914 11933 11932
3 11914 11915 11933
3 11915 11934 11933
3 11915 11916 11934
3 11916 11935 11934
3 11916 11917 11935
3 11917 11936 11935
3 11917 11918 11936
3 11918 11937 11936
3 11918 11919 11937
3 11919 11938 11937
3 11919 11920 11938
3 11920 11939 11938
3 11920 11921 11939
3 11921 11940 11939
3 11921 11922 11940
3 11922 11941 11940
3 11922 11923 11941
3 11923 11942 11941
3 11923 11924 11942
3 11924 11943 11942
3 11924 11925 11943
3 11925 11944 11943
3 11925 11926 11944
3 11926 11945 11944
3 11926 11927 11945
3 11927 11946 11945
3 11927 11928 11946
3 11928 11947 11946
3 11928 11929 11947
3 11929 11948 11947
3 11929 11930 11948
3 11930 11949 11948
3 11930 11931 11949
3 11931 11950 11949
3 11932 11933 11951
3 11933 11952 11951
3 11933 11934 11952
3 11934 11953 11952
3 11934 11935 11953
3 11935 11954 11953
3 11935 11936 11954
3 11936 11955 11954
3 11936 11937 11955
3 11937 11956 11955
3 11937 11938 11956
3 11938 11957 11956
3 11938 11939 11957
3 11939 11958 11957
3 11939 11940 11958
3 11940 11959 11958
3 11940 11941 11959
3 11941 11960 11959
3 11941 11942 11960
3 11942 11961 11960
3 11942 11943 11961
3 11943 11962 11961
3 11943 11944 11962
3 11944 11963 11962
3 11944 11945 11963
3 11945 11964 11963
3 11945 11946 11964
3 11946 11965 11964
3 11946 11947 11965
3 11947 11966 11965
3 11947 11948 11966
3 11948 11967 11966
3 11948 11949 11967
3 11949 11968 11967
3 11949 11950 11968
3 11950 11969 11968
3 11951 11952 11970
3 11952 11971 11970
3 11952 11953 11971
3 11953 11972 11971
3 11953 11954 11972
3 11954 11973 11972
3 11954 11955 11973
3 11955 11974 11973
3 11955 11956 11974
3 11956 11975 11974
3 11956 11957 11975
3 11957 11976 11975
3 11957 11958 11976
3 11958 11977 11976
3 11958 11959 11977
3 11959 11978 11977
3 11959 11960 11978
3 11960 11979 11978
3 11960 11961 11979
3 11961 11980 11979
3 11961 11962 11980
3 11962 11981 11980
3 11962 11963 11981
3 11963 11982 11981
3 11963 11964 11982
3 11964 11983 11982
3 11964 11965 11983
3 11965 11984 11983
3 11965 11966 11984
3 11966 11985 11984
3 11966 11967 11985
3 11967 11986 11985
3 11967 11968 11986
3 11968 11987 11986
3 11968 11969 11987
3 11969 11988 11987
3 11970 11971 11989
3 11971 11990 11989
3 11971 11972 11990
3 11972 11991 11990
3 11972 11973 11991
3 11973 11992 11991
3 11973 11974 11992
3 11974 11993 11992
3 11974 11975 11993
3 11975 11994 11993
3 11975 11976 11994
3 11976 11995 11994
3 11976 11977 11995
3 11977 11996 11995
3 11977 11978 11996
3 11978 11997 11996
3 11978 11979 11997
3 11979 11998 11997
3 11979 11980 11998
3 11980 11999 11998
3 11980 11981 11999
3 11981 12000 11999
3 11981 11982 12000
3 11982 12001 12000
3 11982 11983 12001
3 11983 12002 12001
3 11983 11984 12002
3 11984 12003 12002
3 11984 11985 12003
3 11985 12004 12003
3 11985 11986 12004
3 11986 12005 12004
3 11986 11987 12005
3 11987 12006 12005
3 11987 11988 12006
3 11988 12007 12006
3 11989 11990 12008
3 11990 12009 12008
3 11990 11991 12009
3 11991 12010 12009
3 11991 11992 12010
3 11992 12011 12010
3 11992 11993 12011
3 11993 12012 12011
3 11993 11994 12012
3 11994 12013 12012
3 11994 11995 12013
3 11995 12014 12013
3 11995 11996 12014
3 11996 12015 12014
3 11996 11997 12015
3 11997 12016 12015
3 11997 11998 12016
3 11998 12017 12016
3 11998 11999 12017
3 11999 12018 12017
3 11999 12000 12018
3 12000 12019 12018
3 12000 12001 12019
3 12001 12020 12019
3 12001 12002 12020
3 12002 12021 12020
3 12002 12003 12021
3 12003 12022 12021
3 12003 12004 12022
3 12004 12023 12022
3 12004 12005 12023
3 12005 12024 12023
3 12005 12006 12024
3 12006 12025 12024
3 12006 12007 12025
3 12007 12026 12025
3 12008 12009 12027
3 12009 12028 12027
3 12009 12010 12028
3 12010 12029 12028
3 12010 12011 12029
3 12011 12030 12029
3 12011 12012 12030
3 12012 12031 12030
3 12012 12013 12031
3 12013 12032 12031
3 12013 12014 12032
3 12014 12033 12032
3 12014 12015 12033
3 12015 12034 12033
3 12015 12016 12034
3 12016 12035 12034
3 12016 12017 12035
3 12017 12036 12035
3 12017 12018 12036
3 12018 12037 12036
3 12018 12019 12037
3 12019 12038 12037
3 12019 12020 12038
3 12020 12039 12038
3 12020 12021 12039
3 12021 12040 12039
3 12021 12022 12040
3 12022 12041 12040
3 12022 12023 12041
3 12023 12042 12041
3 12023 12024 12042
3 12024 12043 12042
3 12024 12025 12043
3 12025 12044 12043
3 12025 12026 12044
3 12026 12045 12044
3 12027 12028 12046
3 12028 12047 12046
3 12028 12029 12047
3 12029 12048 12047
3 12029 12030 12048
3 12030 12049 12048
3 12030 12031 12049
3 12031 12050 12049
3 12031 12032 12050
3 12032 12051 12050
3 12032 12033 12051
3 12033 12052 12051
3 12033 12034 12052
3 12034 12053 12052
3 12034 12035 12053
3 12035 12054 12053
3 12035 12036 12054
3 12036 12055 12054
3 12036 12037 12055
3 12037 12056 12055
3 12037 12038 12056
3 12038 12057 12056
3 12038 12039 12057
3 12039 12058 12057
3 12039 12040 12058
3 12040 12059 12058
3 12040 12041 12059
3 12041 12060 12059
3 12041 12042 12060
3 12042 12061 12060
3 12042 12043 12061
3 12043 12062 12061
3 12043 12044 12062
3 12044 12063 12062
3 12044 12045 12063
3 12045 12064 12063
3 12046 12047 12065
3 12047 12066 12065
3 12047 12048 12066
3 12048 12067 12066
3 12048 12049 12067
3 12049 12068 12067
3 12049 12050 12068
3 12050 12069 12068
3 12050 12051 12069
3 12051 12070 12069
3 12051 12052 12070
3 12052 12071 12070
3 12052 12053 12071
3 12053 12072 12071
3 12053 12054 12072
3 12054 12073 12072
3 12054 12055 12073
3 12055 12074 12073
3 12055 12056 12074
3 12056 12075 12074
3 12056 12057 12075
3 12057 12076 12075
3 12057 12058 12076
3 12058 12077 12076
3 12058 12059 12077
3 12059 12078 12077
3 12059 12060 12078
3 12060 12079 12078
3 12060 12061 12079
3 12061 12080 12079
3 12061 12062 12080
3 12062 12081 12080
3 12062 12063 12081
3 12063 12082 12081
3 12063 12064 12082
3 12064 12083 12082
3 12065 12066 12084
3 12066 12085 12084
3 12066 12067 12085
3 12067 12086 12085
3 12067 12068 12086
3 12068 12087 12086
3 12068 12069 12087
3 12069 12088 12087
3 12069 12070 12088
3 12070 12089 12088
3 12070 12071 12089
3 12071 12090 12089
3 12071 12072 12090
3 12072 12091 12090
3 12072 12073 12091
3 12073 12092 12091
3 12073 12074 12092
3 12074 12093 12092
3 12074 12075 12093
3 12075 12094 12093
3 12075 12076 12094
3 12076 12095 12094
3 12076 12077 12095
3 12077 12096 12095
3 12077 12078 12096
3 12078 12097 12096
3 12078 12079 12097
3 12079 12098 12097
3 12079 12080 12098
3 12080 12099 12098
3 12080 12081 12099
3 12081 12100 12099
3 12081 12082 12100
3 12082 12101 12100
3 12082 12083 12101
3 12083 12102 12101
3 12084 12085 12103
3 12085 12104 12103
3 12085 12086 12104
3 12086 12105 12104
3 12086 12087 12105
3 12087 12106 12105
3 12087 12088 12106
3 12088 12107 12106
3 12088 12089 12107
3 12089 12108 12107
3 12089 12090 12108
3 12090 12109 12108
3 12090 12091 12109
3 12091 12110 12109
3 12091 12092 12110
3 12092 12111 12110
3 12092 12093 12111
3 12093 12112 12111
3 12093 12094 12112
3 12094 12113 12112
3 12094 12095 12113
3 12095 12114 12113
3 12095 12096 12114
3 12096 12115 12114
3 12096 12097 12115
3 12097 12116 12115
3 12097 12098 12116
3 12098 12117 12116
3 12098 12099 12117
3 12099 12118 12117
3 12099 12100 12118
3 12100 12119 12118
3 12100 12101 12119
3 12101 12120 12119
3 12101 12102 12120
3 12102 12121 12120
3 12122 12123 12141
3 12123 12142 12141
3 12123 12124 12142
3 12124 12143 12142
3 12124 12125 12143
3 12125 12144 12143
3 12125 12126 12144
3 12126 12145 12144
3 12126 12127 12145
3 12127 12146 12145
3 12127 12128 12146
3 12128 12147 12146
3 12128 12129 12147
3 12129 12148 12147
3 12129 12130 12148
3 12130 12149 12148
3 12130 12131 12149
3 12131 12150 12149
3 12131 12132 12150
3 12132 12151 12150
3 12132 12133 12151
3 12133 12152 12151
3 12133 12134 12152
3 12134 12153 12152
3 12134 12135 12153
3 12135 12154 12153
3 12135 12136 12154
3 12136 12155 12154
3 12136 12137 12155
3 12137 12156 12155
3 12137 12138 12156
3 12138 12157 12156
3 12138 12139 12157
3 12139 12158 12157
3 12139 12140 12158
3 12140 12159 12158
3 12141 12142 12160
3 12142 12161 12160
3 12142 12143 12161
3 12143 12162 12161
3 12143 12144 12162
3 12144 12163 12162
3 12144 12145 12163
3 12145 12164 12163
3 12145 12146 12164
3 12146 12165 12164
3 12146 12147 12165
3 12147 12166 12165
3 12147 12148 12166
3 12148 12167 12166
3 12148 12149 12167
3 12149 12168 12167
3 12149 12150 12168
3 12150 12169 12168
3 12150 12151 12169
3 12151 12170 12169
3 12151 12152 12170
3 12152 12171 12170
3 12152 12153 12171
3 12153 12172 12171
3 12153 12154 12172
3 12154 12173 12172
3 12154 12155 12173
3 12155 12174 12173
3 12155 12156 12174
3 12156 12175 12174
3 12156 12157 12175
3 12157 12176 12175
3 12157 12158 12176
3 12158 12177 12176
3 12158 12159 12177
3 12159 12178 12177
3 12160 12161 12179
3 12161 12180 12179
3 12161 12162 12180
3 12162 12181 12180
3 12162 12163 12181
3 12163 12182 12181
3 12163 12164 12182
3 12164 12183 12182
3 12164 12165 12183
3 12165 12184 12183
3 12165 12166 12184
3 12166 12185 12184
3 12166 12167 12185
3 12167 12186 12185
3 12167 12168 12186
3 12168 12187 12186
3 12168 12169 12187
3 12169 12188 12187
3 12169 12170 12188
3 12170 12189 12188
3 12170 12171 12189
3 12171 12190 12189
3 12171 12172 12190
3 12172 12191 12190
3 12172 12173 12191
3 12173 12192 12191
3 12173 12174 12192
3 12174 12193 12192
3 12174 12175 12193
3 12175 12194 12193
3 12175 12176 12194
3 12176 12195 12194
3 12176 12177 12195
3 12177 12196 12195
3 12177 12178 12196
3 12178 12197 12196
3 12179 12180 12198
3 12180 12199 12198
3 12180 12181 12199
3 12181 12200 12199
3 12181 12182 12200
3 12182 12201 12200
3 12182 12183 12201
3 12183 12202 12201
3 12183 12184 12202
3 12184 12203 12202
3 12184 12185 12203
3 12185 12204 12203
3 12185 12186 12204
3 12186 12205 12204
3 12186 12187 12205
3 12187 12206 12205
3 12187 12188 12206
3 12188 12207 12206
3 12188 12189 12207
3 12189 12208 12207
3 12189 12190 12208
3 12190 12209 12208
3 12190 12191 12209
3 12191 12210 12209
3 12191 12192 12210
3 12192 12211 12210
3 12192 12193 12211
3 12193 12212 12211
3 12193 12194 12212
3 12194 12213 12212
3 12194 12195 12213
3 12195 12214 12213
3 12195 12196 12214
3 12196 12215 12214
3 12196 12197 12215
3 12197 12216 12215
3 12198 12199 12217
3 12199 12218 12217
3 12199 12200 12218
3 12200 12219 12218
3 12200 12201 12219
3 12201 12220 12219
3 12201 12202 12220
3 12202 12221 12220
3 12202 12203 12221
3 12203 12222 12221
3 12203 12204 12222
3 12204 12223 12222
3 12204 12205 12223
3 12205 12224 12223
3 12205 12206 12224
3 12206 12225 12224
3 12206 12207 12225
3 12207 12226 12225
3 12207 12208 12226
3 12208 12227 12226
3 12208 12209 12227
3 12209 12228 12227
3 12209 12210 12228
3 12210 12229 12228
3 12210 12211 12229
3 12211 12230 12229
3 12211 12212 12230
3 12212 12231 12230
3 12212 12213 12231
3 12213 12232 12231
3 12213 12214 12232
3 12214 12233 12232
3 12214 12215 12233
3 12215 12234 12233
3 12215 12216 12234
3 12216 12235 12234
3 12217 12218 12236
3 12218 12237 12236
3 12218 12219 12237
3 12219 12238 12237
3 12219 12220 12238
3 12220 12239 12238
3 12220 12221 12239
3 12221 12240 12239
3 12221 12222 12240
3 12222 12241 12240
3 12222 12223 12241
3 12223 12242 12241
3 12223 12224 12242
3 12224 12243 12242
3 12224 12225 12243
3 12225 12244 12243
3 12225 12226 12244
3 12226 12245 12244
3 12226 12227 12245
3 12227 12246 12245
3 12227 12228 12246
3 12228 12247 12246
3 12228 12229 12247
3 12229 12248 12247
3 12229 12230 12248
3 12230 12249 12248
3 12230 12231 12249
3 12231 12250 12249
3 12231 12232 12250
3 12232 12251 12250
3 12232 12233 12251
3 12233 12252 12251
3 12233 12234 12252
3 12234 12253 12252
3 12234 12235 12253
3 12235 12254 12253
3 12236 12237 12255
3 12237 12256 12255
3 12237 12238 12256
3 12238 12257 12256
3 12238 12239 12257
3 12239 12258 12257
3 12239 12240 12258
3 12240 12259 12258
3 12240 12241 12259
3 12241 12260 12259
3 12241 12242 12260
3 12242 12261 12260
3 12242 12243 12261
3 12243 12262 12261
3 12243 12244 12262
3 12244 12263 12262
3 12244 12245 12263
3 12245 12264 12263
3 12245 12246 12264
3 12246 12265 12264
3 12246 12247 12265
3 12247 12266 12265
3 12247 12248 12266
3 12248 12267 12266
3 12248 12249 12267
3 12249 12268 12267
3 12249 12250 12268
3 12250 12269 12268
3 12250 12251 12269
3 12251 12270 12269
3 12251 12252 12270
3 12252 12271 12270
3 12252 12253 12271
3 12253 12272 12271
3 12253 12254 12272
3 12254 12273 12272
3 12255 12256 12274
3 12256 12275 12274
3 12256 12257 12275
3 12257 12276 12275
3 12257 12258 12276
3 12258 12277 12276
3 12258 12259 12277
3 12259 12278 12277
3 12259 12260 12278
3 12260 12279 12278
3 12260 12261 12279
3 12261 12280 12279
3 12261 12262 12280
3 12262 12281 12280
3 12262 12263 12281
3 12263 12282 12281
3 12263 12264 12282
3 12264 12283 12282
3 12264 12265 12283
3 12265 12284 12283
3 12265 12266 12284
3 12266 12285 12284
3 12266 12267 12285
3 12267 12286 12285
3 12267 12268 12286
3 12268 12287 12286
3 12268 12269 12287
3 12269 12288 12287
3 12269 12270 12288
3 12270 12289 12288
3 12270 12271 12289
3 12271 12290 12289
3 12271 12272 12290
3 12272 12291 12290
3 12272 12273 12291
3 12273 12292 12291
3 12274 12275 12293
3 12275 12294 12293
3 12275 12276 12294
3 12276 12295 12294
3 12276 12277 12295
3 12277 12296 12295
3 12277 12278 12296
3 12278 12297 12296
3 12278 12279 12297
3 12279 12298 12297
3 12279 12280 12298
3 12280 12299 12298
3 12280 12281 12299
3 12281 12300 12299
3 12281 12282 12300
3 12282 12301 12300
3 12282 12283 12301
3 12283 12302 12301
3 12283 12284 12302
3 12284 12303 12302
3 12284 12285 12303
3 12285 12304 12303
3 12285 12286 12304
3 12286 12305 12304
3 12286 12287 12305
3 12287 12306 12305
3 12287 12288 12306
3 12288 12307 12306
3 12288 12289 12307
3 12289 12308 12307
3 12289 12290 12308
3 12290 12309 12308
3 12290 12291 12309
3 12291 12310 12309
3 12291 12292 12310
3 12292 12311 12310
3 12293 12294 12312
3 12294 12313 12312
3 12294 12295 12313
3 12295 12314 12313
3 12295 12296 12314
3 12296 12315 12314
3 12296 12297 12315
3 12297 12316 12315
3 12297 12298 12316
3 12298 12317 12316
3 12298 12299 12317
3 12299 12318 12317
3 12299 12300 12318
3 12300 12319 12318
3 12300 12301 12319
3 12301 12320 12319
3 12301 12302 12320
3 12302 12321 12320
3 12302 12303 12321
3 12303 12322 12321
3 12303 12304 12322
3 12304 12323 12322
3 12304 12305 12323
3 12305 12324 12323
3 12305 12306 12324
3 12306 12325 12324
3 12306 12307 12325
3 12307 12326 12325
3 12307 12308 12326
3 12308 12327 12326
3 12308 12309 12327
3 12309 12328 12327
3 12309 12310 12328
3 12310 12329 12328
3 12310 12311 12329
3 12311 12330 12329
3 12331 12332 12350
3 12332 12351 12350
3 12332 12333 12351
3 12333 12352 12351
3 12333 12334 12352
3 12334 12353 12352
3 12334 12335 12353
3 12335 12354 12353
3 12335 12336 12354
3 12336 12355 12354
3 12336 12337 12355
3 12337 12356 12355
3 12337 12338 12356
3 12338 12357 12356
3 12338 12339 12357
3 12339 12358 12357
3 12339 12340 12358
3 12340 12359 12358
3 12340 12341 12359
3 12341 12360 12359
3 12341 12342 12360
3 12342 12361 12360
3 12342 12343 12361
3 12343 12362 12361
3 12343 12344 12362
3 12344 12363 12362
3 12344 12345 12363
3 12345 12364 12363
3 12345 12346 12364
3 12346 12365 12364
3 12346 12347 12365
3 12347 12366 12365
3 12347 12348 12366
3 12348 12367 12366
3 12348 12349 12367
3 12349 12368 12367
3 12350 12351 12369
3 12351 12370 12369
3 12351 12352 12370
3 12352 12371 12370
3 12352 12353 12371
3 12353 12372 12371
3 12353 12354 12372
3 12354 12373 12372
3 12354 12355 12373
3 12355 12374 12373
3 12355 12356 12374
3 12356 12375 12374
3 12356 12357 12375
3 12357 12376 12375
3 12357 12358 12376
3 12358 12377 12376
3 12358 12359 12377
3 12359 12378 12377
3 12359 12360 12378
3 12360 12379 12378
3 12360 12361 12379
3 12361 12380 12379
3 12361 12362 12380
3 12362 12381 12380
3 12362 12363 12381
3 12363 12382 12381
3 12363 12364 12382
3 12364 12383 12382
3 12364 12365 12383
3 12365 12384 12383
3 12365 12366 12384
3 12366 12385 12384
3 12366 12367 12385
3 12367 12386 12385
3 12367 12368 12386
3 12368 12387 12386
3 12369 12370 12388
3 12370 12389 12388
3 12370 12371 12389
3 12371 12390 12389
3 12371 12372 12390
3 12372 12391 12390
3 12372 12373 12391
3 12373 12392 12391
3 12373 12374 12392
3 12374 12393 12392
3 12374 12375 12393
3 12375 12394 12393
3 12375 12376 12394
3 12376 12395 12394
3 12376 12377 12395
3 12377 12396 12395
3 12377 12378 12396
3 12378 12397 12396
3 12378 12379 12397
3 12379 12398 12397
3 12379 12380 12398
3 12380 12399 12398
3 12380 12381 12399
3 12381 12400 12399
3 12381 12382 12400
3 12382 12401 12400
3 12382 12383 12401
3 12383 12402 12401
3 12383 12384 12402
3 12384 12403 12402
3 12384 12385 12403
3 12385 12404 12403
3 12385 12386 12404
3 12386 12405 12404
3 12386 12387 12405
3 12387 12406 12405
3 12388 12389 12407
3 12389 12408 12407
3 12389 12390 12408
3 12390 12409 12408
3 12390 12391 12409
3 12391 12410 12409
3 12391 12392 12410
3 12392 12411 12410
3 12392 12393 12411
3 12393 12412 12411
3 12393 12394 12412
3 12394 12413 12412
3 12394 12395 12413
3 12395 12414 12413
3 12395 12396 12414
3 12396 12415 12414
3 12396 12397 12415
3 12397 12416 12415
3 12397 12398 12416
3 12398 12417 12416
3 12398 12399 12417
3 12399 12418 12417
3 12399 12400 12418
3 12400 12419 12418
3 12400 12401 12419
3 12401 12420 12419
3 12401 12402 12420
3 12402 12421 12420
3 12402 12403 12421
3 12403 12422 12421
3 12403 12404 12422
3 12404 12423 12422
3 12404 12405 12423
3 12405 12424 12423
3 12405 12406 12424
3 12406 12425 12424
3 12407 12408 12426
3 12408 12427 12426
3 12408 12409 12427
3 12409 12428 12427
3 12409 12410 12428
3 12410 12429 12428
3 12410 12411 12429
3 12411 12430 12429
3 12411 12412 12430
3 12412 12431 12430
3 12412 12413 12431
3 12413 12432 12431
3 12413 12414 12432
3 12414 12433 12432
3 12414 12415 12433
3 12415 12434 12433
3 12415 12416 12434
3 12416 12435 12434
3 12416 12417 12435
3 12417 12436 12435
3 12417 12418 12436
3 12418 12437 12436
3 12418 12419 12437
3 12419 12438 12437
3 12419 12420 12438
3 12420 12439 12438
3 12420 12421 12439
3 12421 12440 12439
3 12421 12422 12440
3 12422 12441 12440
3 12422 12423 12441
3 12423 12442 12441
3 12423 12424 12442
3 12424 12443 12442
3 12424 12425 12443
3 12425 12444 12443
3 12426 12427 12445
3 12427 12446 12445
3 12427 12428 12446
3 12428 12447 12446
3 12428 12429 12447
3 12429 12448 12447
3 12429 12430 12448
3 12430 12449 12448
3 12430 12431 12449
3 12431 12450 12449
3 12431 12432 12450
3 12432 12451 12450
3 12432 12433 12451
3 12433 12452 12451
3 12433 12434 12452
3 12434 12453 12452
3 12434 12435 12453
3 12435 12454 12453
3 12435 12436 12454
3 12436 12455 12454
3 12436 12437 12455
3 12437 12456 12455
3 12437 12438 12456
3 12438 12457 12456
3 12438 12439 12457
3 12439 12458 12457
3 12439 12440 12458
3 12440 12459 12458
3 12440 12441 12459
3 12441 12460 12459
3 12441 12442 12460
3 12442 12461 12460
3 12442 12443 12461
3 12443 12462 12461
3 12443 12444 12462
3 12444 12463 12462
3 12445 12446 12464
3 12446 12465 12464
3 12446 12447 12465
3 12447 12466 12465
3 12447 12448 12466
3 12448 12467 12466
3 12448 12449 12467
3 12449 12468 12467
3 12449 12450 12468
3 12450 12469 12468
3 12450 12451 12469
3 12451 12470 12469
3 12451 12452 12470
3 12452 12471 12470
3 12452 12453 12471
3 12453 12472 12471
3 12453 12454 12472
3 12454 12473 12472
3 12454 12455 12473
3 12455 12474 12473
3 12455 12456 12474
3 12456 12475 12474
3 12456 12457 12475
3 12457 12476 12475
3 12457 12458 12476
3 12458 12477 12476
3 12458 12459 12477
3 12459 12478 12477
3 12459 12460 12478
3 12460 12479 12478
3 12460 12461 12479
3 12461 12480 12479
3 12461 12462 12480
3 12462 12481 12480
3 12462 12463 12481
3 12463 12482 12481
3 12464 12465 12483
3 12465 12484 12483
3 12465 12466 12484
3 12466 12485 12484
3 12466 12467 12485
3 12467 12486 12485
3 12467 12468 12486
3 12468 12487 12486
3 12468 12469 12487
3 12469 12488 12487
3 12469 12470 12488
3 12470 12489 12488
3 12470 12471 12489
3 12471 12490 12489
3 12471 12472 12490
3 12472 12491 12490
3 12472 12473 12491
3 12473 12492 12491
3 12473 12474 12492
3 12474 12493 12492
3 12474 12475 12493
3 12475 12494 12493
3 12475 12476 12494
3 12476 12495 12494
3 12476 12477 12495
3 12477 12496 12495
3 12477 12478 12496
3 12478 12497 12496
3 12478 12479 12497
3 12479 12498 12497
3 12479 12480 12498
3 12480 12499 12498
3 12480 12481 12499
3 12481 12500 12499
3 12481 12482 12500
3 12482 12501 12500
3 12483 12484 12502
3 12484 12503 12502
3 12484 12485 12503
3 12485 12504 12503
3 12485 12486 12504
3 12486 12505 12504
3 12486 12487 12505
3 12487 12506 12505
3 12487 12488 12506
3 12488 12507 12506
3 12488 12489 12507
3 12489 12508 12507
3 12489 12490 12508
3 12490 12509 12508
3 12490 12491 12509
3 12491 12510 12509
3 12491 12492 12510
3 12492 12511 12510
3 12492 12493 12511
3 12493 12512 12511
3 12493 12494 12512
3 12494 12513 12512
3 12494 12495 12513
3 12495 12514 12513
3 12495 12496 12514
3 12496 12515 12514
3 12496 12497 12515
3 12497 12516 12515
3 12497 12498 12516
3 12498 12517 12516
3 12498 12499 12517
3 12499 12518 12517
3 12499 12500 12518
3 12500 12519 12518
3 12500 12501 12519
3 12501 12520 12519
3 12502 12503 12521
3 12503 12522 12521
3 12503 12504 12522
3 12504 12523 12522
3 12504 12505 12523
3 12505 12524 12523
3 12505 12506 12524
3 12506 12525 12524
3 12506 12507 12525
3 12507 12526 12525
3 12507 12508 12526
3 12508 12527 12526
3 12508 12509 12527
3 12509 12528 12527
3 12509 12510 12528
3 12510 12529 12528
3 12510 12511 12529
3 12511 12530 12529
3 12511 12512 12530
3 12512 12531 12530
3 12512 12513 12531
3 12513 12532 12531
3 12513 12514 12532
3 12514 12533 12532
3 12514 12515 12533
3 12515 12534 12533
3 12515 12516 12534
3 12516 12535 12534
3 12516 12517 12535
3 12517 12536 12535
3 12517 12518 12536
3 12518 12537 12536
3 12518 12519 12537
3 12519 12538 12537
3 12519 12520 12538
3 12520 12539 12538
3 12540 12541 12560
3 12541 12561 12560
3 12541 12542 12561
3 12542 12562 12561
3 12542 12543 12562
3 12543 12563 12562
3 12543 12544 12563
3 12544 12564 12563
3 12544 12545 12564
3 12545 12565 12564
3 12545 12546 12565
3 12546 12566 12565
3 12546 12547 12566
3 12547 12567 12566
3 12547 12548 12567
3 12548 12568 12567
3 12548 12549 12568
3 12549 12569 12568
3 12549 12550 12569
3 12550 12570 12569
3 12550 12551 12570
3 12551 12571 12570
3 12551 12552 12571
3 12552 12572 12571
3 12552 12553 12572
3 12553 12573 12572
3 12553 12554 12573
3 12554 12574 12573
3 12554 12555 12574
3 12555 12575 12574
3 12555 12556 12575
3 12556 12576 12575
3 12556 12557 12576
3 12557 12577 12576
3 12557 12558 12577
3 12558 12578 12577
3 12558 12559 12578
3 12559 12579 12578
3 12559 12540 12579
3 12540 12560 12579
3 12560 12561 12580
3 12561 12581 12580
3 12561 12562 12581
3 12562 12582 12581
3 12562 12563 12582
3 12563 12583 12582
3 12563 12564 12583
3 12564 12584 12583
3 12564 12565 12584
3 12565 12585 12584
3 12565 12566 12585
3 12566 12586 12585
3 12566 12567 12586
3 12567 12587 12586
3 12567 12568 12587
3 12568 12588 12587
3 12568 12569 12588
3 12569 12589 12588
3 12569 12570 12589
3 12570 12590 12589
3 12570 12571 12590
3 12571 12591 12590
3 12571 12572 12591
3 12572 12592 12591
3 12572 12573 12592
3 12573 12593 12592
3 12573 12574 12593
3 12574 12594 12593
3 12574 12575 12594
3 12575 12595 12594
3 12575 12576 12595
3 12576 12596 12595
3 12576 12577 12596
3 12577 12597 12596
3 12577 12578 12597
3 12578 12598 12597
3 12578 12579 12598
3 12579 12599 12598
3 12579 12560 12599
3 12560 12580 12599
3 12580 12581 12600
3 12581 12601 12600
3 12581 12582 12601
3 12582 12602 12601
3 12582 12583 12602
3 12583 12603 12602
3 12583 12584 12603
3 12584 12604 12603
3 12584 12585 12604
3 12585 12605 12604
3 12585 12586 12605
3 12586 12606 12605
3 12586 12587 12606
3 12587 12607 12606
3 12587 12588 12607
3 12588 12608 12607
3 12588 12589 12608
3 12589 12609 12608
3 12589 12590 12609
3 12590 12610 12609
3 12590 12591 12610
3 12591 12611 12610
3 12591 12592 12611
3 12592 12612 12611
3 12592 12593 12612
3 12593 12613 12612
3 12593 12594 12613
3 12594 12614 12613
3 12594 12595 12614
3 12595 12615 12614
3 12595 12596 12615
3 12596 12616 12615
3 12596 12597 12616
3 12597 12617 12616
3 12597 12598 12617
3 12598 12618 12617
3 12598 12599 12618
3 12599 12619 12618
3 12599 12580 12619
3 12580 12600 12619
3 12600 12601 12620
3 12601 12621 12620
3 12601 12602 12621
3 12602 12622 12621
3 12602 12603 12622
3 12603 12623 12622
3 12603 12604 12623
3 12604 12624 12623
3 12604 12605 12624
3 12605 12625 12624
3 12605 12606 12625
3 12606 12626 12625
3 12606 12607 12626
3 12607 12627 12626
3 12607 12608 12627
3 12608 12628 12627
3 12608 12609 12628
3 12609 12629 12628
3 12609 12610 12629
3 12610 12630 12629
3 12610 12611 12630
3 12611 12631 12630
3 12611 12612 12631
3 12612 12632 12631
3 12612 12613 12632
3 12613 12633 12632
3 12613 12614 12633
3 12614 12634 12633
3 12614 12615 12634
3 12615 12635 12634
3 12615 12616 12635
3 12616 12636 12635
3 12616 12617 12636
3 12617 12637 12636
3 12617 12618 12637
3 12618 12638 12637
3 12618 12619 12638
3 12619 12639 12638
3 12619 12600 12639
3 12600 12620 12639
3 12620 12621 12640
3 12621 12641 12640
3 12621 12622 12641
3 12622 12642 12641
3 12622 12623 12642
3 12623 12643 12642
3 12623 12624 12643
3 12624 12644 12643
3 12624 12625 12644
3 12625 12645 12644
3 12625 12626 12645
3 12626 12646 12645
3 12626 12627 12646
3 12627 12647 12646
3 12627 12628 12647
3 12628 12648 12647
3 12628 12629 12648
3 12629 12649 12648
3 12629 12630 12649
3 12630 12650 12649
3 12630 12631 12650
3 12631 12651 12650
3 12631 12632 12651
3 12632 12652 12651
3 12632 12633 12652
3 12633 12653 12652
3 12633 12634 12653
3 12634 12654 12653
3 12634 12635 12654
3 12635 12655 12654
3 12635 12636 12655
3 12636 12656 12655
3 12636 12637 12656
3 12637 12657 12656
3 12637 12638 12657
3 12638 12658 12657
3 12638 12639 12658
3 12639 12659 12658
3 12639 12620 12659
3 12620 12640 12659
3 12640 12641 12660
3 12641 12661 12660
3 12641 12642 12661
3 12642 12662 12661
3 12642 12643 12662
3 12643 12663 12662
3 12643 12644 12663
3 12644 12664 12663
3 12644 12645 12664
3 12645 12665 12664
3 12645 12646 12665
3 12646 12666 12665
3 12646 12647 12666
3 12647 12667 12666
3 12647 12648 12667
3 12648 12668 12667
3 12648 12649 12668
3 12649 12669 12668
3 12649 12650 12669
3 12650 12670 12669
3 12650 12651 12670
3 12651 12671 12670
3 12651 12652 12671
3 12652 12672 12671
3 12652 12653 12672
3 12653 12673 12672
3 12653 12654 12673
3 12654 12674 12673
3 12654 12655 12674
3 12655 12675 12674
3 12655 12656 12675
3 12656 12676 12675
3 12656 12657 12676
3 12657 12677 12676
3 12657 12658 12677
3 12658 12678 12677
3 12658 12659 12678
3 12659 12679 12678
3 12659 12640 12679
3 12640 12660 12679
3 12660 12661 12680
3 12661 12681 12680
3 12661 12662 12681
3 12662 12682 12681
3 12662 12663 12682
3 12663 12683 12682
3 12663 12664 12683
3 12664 12684 12683
3 12664 12665 12684
3 12665 12685 12684
3 12665 12666 12685
3 12666 12686 12685
3 12666 12667 12686
3 12667 12687 12686
3 12667 12668 12687
3 12668 12688 12687
3 12668 12669 12688
3 12669 12689 12688
3 12669 12670 12689
3 12670 12690 12689
3 12670 12671 12690
3 12671 12691 12690
3 12671 12672 12691
3 12672 12692 12691
3 12672 12673 12692
3 12673 12693 12692
3 12673 12674 12693
3 12674 12694 12693
3 12674 12675 12694
3 12675 12695 12694
3 12675 12676 12695
3 12676 12696 12695
3 12676 12677 12696
3 12677 12697 12696
3 12677 12678 12697
3 12678 12698 12697
3 12678 12679 12698
3 12679 12699 12698
3 12679 12660 12699
3 12660 12680 12699
3 12680 12681 12700
3 12681 12701 12700
3 12681 12682 12701
3 12682 12702 12701
3 12682 12683 12702
3 12683 12703 12702
3 12683 12684 12703
3 12684 12704 12703
3 12684 12685 12704
3 12685 12705 12704
3 12685 12686 12705
3 12686 12706 12705
3 12686 12687 12706
3 12687 12707 12706
3 12687 12688 12707
3 12688 12708 12707
3 12688 12689 12708
3 12689 12709 12708
3 12689 12690 12709
3 12690 12710 12709
3 12690 12691 12710
3 12691 12711 12710
3 12691 12692 12711
3 12692 12712 12711
3 12692 12693 12712
3 12693 12713 12712
3 12693 12694 12713
3 12694 12714 12713
3 12694 12695 12714
3 12695 12715 12714
3 12695 12696 12715
3 12696 12716 12715
3 12696 12697 12716
3 12697 12717 12716
3 12697 12698 12717
3 12698 12718 12717
3 12698 12699 12718
3 12699 12719 12718
3 12699 12680 12719
3 12680 12700 12719
3 12700 12701 12720
3 12701 12721 12720
3 12701 12702 12721
3 12702 12722 12721
3 12702 12703 12722
3 12703 12723 12722
3 12703 12704 12723
3 12704 12724 12723
3 12704 12705 12724
3 12705 12725 12724
3 12705 12706 12725
3 12706 12726 12725
3 12706 12707 12726
3 12707 12727 12726
3 12707 12708 12727
3 12708 12728 12727
3 12708 12709 12728
3 12709 12729 12728
3 12709 12710 12729
3 12710 12730 12729
3 12710 12711 12730
3 12711 12731 12730
3 12711 12712 12731
3 12712 12732 12731
3 12712 12713 12732
3 12713 12733 12732
3 12713 12714 12733
3 12714 12734 12733
3 12714 12715 12734
3 12715 12735 12734
3 12715 12716 12735
3 12716 12736 12735
3 12716 12717 12736
3 12717 12737 12736
3 12717 12718 12737
3 12718 12738 12737
3 12718 12719 12738
3 12719 12739 12738
3 12719 12700 12739
3 12700 12720 12739
3 12720 12721 12740
3 12721 12741 12740
3 12721 12722 12741
3 12722 12742 12741
3 12722 12723 12742
3 12723 12743 12742
3 12723 12724 12743
3 12724 12744 12743
3 12724 12725 12744
3 12725 12745 12744
3 12725 12726 12745
3 12726 12746 12745
3 12726 12727 12746
3 12727 12747 12746
3 12727 12728 12747
3 12728 12748 12747
3 12728 12729 12748
3 12729 12749 12748
3 12729 12730 12749
3 12730 12750 12749
3 12730 12731 12750
3 12731 12751 12750
3 12731 12732 12751
3 12732 12752 12751
3 12732 12733 12752
3 12733 12753 12752
3 12733 12734 12753
3 12734 12754 12753
3 12734 12735 12754
3 12735 12755 12754
3 12735 12736 12755
3 12736 12756 12755
3 12736 12737 12756
3 12737 12757 12756
3 12737 12738 12757
3 12738 12758 12757
3 12738 12739 12758
3 12739 12759 12758
3 12739 12720 12759
3 12720 12740 12759
3 12760 12761 12778
3 12761 12779 12778
3 12761 12762 12779
3 12762 12780 12779
3 12762 12763 12780
3 12763 12781 12780
3 12763 12764 12781
3 12764 12782 12781
3 12764 12765 12782
3 12765 12783 12782
3 12765 12766 12783
3 12766 12784 12783
3 12766 12767 12784
3 12767 12785 12784
3 12767 12768 12785
3 12768 12786 12785
3 12768 12769 12786
3 12769 12787 12786
3 12769 12770 12787
3 12770 12788 12787
3 12770 12771 12788
3 12771 12789 12788
3 12771 12772 12789
3 12772 12790 12789
3 12772 12773 12790
3 12773 12791 12790
3 12773 12774 12791
3 12774 12792 12791
3 12774 12775 12792
3 12775 12793 12792
3 12775 12776 12793
3 12776 12794 12793
3 12776 12777 12794
3 12777 12795 12794
3 12777 12760 12795
3 12760 12778 12795
3 12778 12779 12796
3 12779 12797 12796
3 12779 12780 12797
3 12780 12798 12797
3 12780 12781 12798
3 12781 12799 12798
3 12781 12782 12799
3 12782 12800 12799
3 12782 12783 12800
3 12783 12801 12800
3 12783 12784 12801
3 12784 12802 12801
3 12784 12785 12802
3 12785 12803 12802
3 12785 12786 12803
3 12786 12804 12803
3 12786 12787 12804
3 12787 12805 12804
3 12787 12788 12805
3 12788 12806 12805
3 12788 12789 12806
3 12789 12807 12806
3 12789 12790 12807
3 12790 12808 12807
3 12790 12791 12808
3 12791 12809 12808
3 12791 12792 12809
3 12792 12810 12809
3 12792 12793 12810
3 12793 12811 12810
3 12793 12794 12811
3 12794 12812 12811
3 12794 12795 12812
3 12795 12813 12812
3 12795 12778 12813
3 12778 12796 12813
3 12796 12797 12814
3 12797 12815 12814
3 12797 12798 12815
3 12798 12816 12815
3 12798 12799 12816
3 12799 12817 12816
3 12799 12800 12817
3 12800 12818 12817
3 12800 12801 12818
3 12801 12819 12818
3 12801 12802 12819
3 12802 12820 12819
3 12802 12803 12820
3 12803 12821 12820
3 12803 12804 12821
3 12804 12822 12821
3 12804 12805 12822
3 12805 12823 12822
3 12805 12806 12823
3 12806 12824 12823
3 12806 12807 12824
3 12807 12825 12824
3 12807 12808 12825
3 12808 12826 12825
3 12808 12809 12826
3 12809 12827 12826
3 12809 12810 12827
3 12810 12828 12827
3 12810 12811 12828
3 12811 12829 12828
3 12811 12812 12829
3 12812 12830 12829
3 12812 12813 12830
3 12813 12831 12830
3 12813 12796 12831
3 12796 12814 12831
3 12814 12815 12832
3 12815 12833 12832
3 12815 12816 12833
3 12816 12834 12833
3 12816 12817 12834
3 12817 12835 12834
3 12817 12818 12835
3 12818 12836 12835
3 12818 12819 12836
3 12819 12837 12836
3 12819 12820 12837
3 12820 12838 12837
3 12820 12821 12838
3 12821 12839 12838
3 12821 12822 12839
3 12822 12840 12839
3 12822 12823 12840
3 12823 12841 12840
3 12823 12824 12841
3 12824 12842 12841
3 12824 12825 12842
3 12825 12843 12842
3 12825 12826 12843
3 12826 12844 12843
3 12826 12827 12844
3 12827 12845 12844
3 12827 12828 12845
3 12828 12846 12845
3 12828 12829 12846
3 12829 12847 12846
3 12829 12830 12847
3 12830 12848 12847
3 12830 12831 12848
3 12831 12849 12848
3 12831 12814 12849
3 12814 12832 12849
3 12832 12833 12850
3 12833 12851 12850
3 12833 12834 12851
3 12834 12852 12851
3 12834 12835 12852
3 12835 12853 12852
3 12835 12836 12853
3 12836 12854 12853
3 12836 12837 12854
3 12837 12855 12854
3 12837 12838 12855
3 12838 12856 12855
3 12838 12839 12856
3 12839 12857 12856
3 12839 12840 12857
3 12840 12858 12857
3 12840 12841 12858
3 12841 12859 12858
3 12841 12842 12859
3 12842 12860 12859
3 12842 12843 12860
3 12843 12861 12860
3 12843 12844 12861
3 12844 12862 12861
3 12844 12845 12862
3 12845 12863 12862
3 12845 12846 12863
3 12846 12864 12863
3 12846 12847 12864
3 12847 12865 12864
3 12847 12848 12865
3 12848 12866 12865
3 12848 12849 12866
3 12849 12867 12866
3 12849 12832 12867
3 12832 12850 12867
3 12850 12851 12868
3 12851 12869 12868
3 12851 12852 12869
3 12852 12870 12869
3 12852 12853 12870
3 12853 12871 12870
3 12853 12854 12871
3 12854 12872 12871
3 12854 12855 12872
3 12855 12873 12872
3 12855 12856 12873
3 12856 12874 12873
3 12856 12857 12874
3 12857 12875 12874
3 12857 12858 12875
3 12858 12876 12875
3 12858 12859 12876
3 12859 12877 12876
3 12859 12860 12877
3 12860 12878 12877
3 12860 12861 12878
3 12861 12879 12878
3 12861 12862 12879
3 12862 12880 12879
3 12862 12863 12880
3 12863 12881 12880
3 12863 12864 12881
3 12864 12882 12881
3 12864 12865 12882
3 12865 12883 12882
3 12865 12866 12883
3 12866 12884 12883
3 12866 12867 12884
3 12867 12885 12884
3 12867 12850 12885
3 12850 12868 12885
3 12868 12869 12886
3 12869 12887 12886
3 12869 12870 12887
3 12870 12888 12887
3 12870 12871 12888
3 12871 12889 12888
3 12871 12872 12889
3 12872 12890 12889
3 12872 12873 12890
3 12873 12891 12890
3 12873 12874 12891
3 12874 12892 12891
3 12874 12875 12892
3 12875 12893 12892
3 12875 12876 12893
3 12876 12894 12893
3 12876 12877 12894
3 12877 12895 12894
3 12877 12878 12895
3 12878 12896 12895
3 12878 12879 12896
3 12879 12897 12896
3 12879 12880 12897
3 12880 12898 12897
3 12880 12881 12898
3 12881 12899 12898
3 12881 12882 12899
3 12882 12900 12899
3 12882 12883 12900
3 12883 12901 12900
3 12883 12884 12901
3 12884 12902 12901
3 12884 12885 12902
3 12885 12903 12902
3 12885 12868 12903
3 12868 12886 12903
3 12886 12887 12904
3 12887 12905 12904
3 12887 12888 12905
3 12888 12906 12905
3 12888 12889 12906
3 12889 12907 12906
3 12889 12890 12907
3 12890 12908 12907
3 12890 12891 12908
3 12891 12909 12908
3 12891 12892 12909
3 12892 12910 12909
3 12892 12893 12910
3 12893 12911 12910
3 12893 12894 12911
3 12894 12912 12911
3 12894 12895 12912
3 12895 12913 12912
3 12895 12896 12913
3 12896 12914 12913
3 12896 12897 12914
3 12897 12915 12914
3 12897 12898 12915
3 12898 12916 12915
3 12898 12899 12916
3 12899 12917 12916
3 12899 12900 12917
3 12900 12918 12917
3 12900 12901 12918
3 12901 12919 12918
3 12901 12902 12919
3 12902 12920 12919
3 12902 12903 12920
3 12903 12921 12920
3 12903 12886 12921
3 12886 12904 12921
3 12922 12761 12760
3 12922 12762 12761
3 12922 12763 12762
3 12922 12764 12763
3 12922 12765 12764
3 12922 12766 12765
3 12922 12767 12766
3 12922 12768 12767
3 12922 12769 12768
3 12922 12770 12769
3 12922 12771 12770
3 12922 12772 12771
3 12922 12773 12772
3 12922 12774 12773
3 12922 12775 12774
3 12922 12776 12775
3 12922 12777 12776
3 12922 12760 12777
3 12923 12904 12905
3 12923 12905 12906
3 12923 12906 12907
3 12923 12907 12908
3 12923 12908 12909
3 12923 12909 12910
3 12923 12910 12911
3 12923 12911 12912
3 12923 12912 12913
3 12923 12913 12914
3 12923 12914 12915
3 12923 12915 12916
3 12923 12916 12917
3 12923 12917 12918
3 12923 12918 12919
3 12923 12919 12920
3 12923 12920 12921
3 12923 12921 12904
